material_id,material_description,brand,product_category,product_subcategory,list_price_usd,avg_rating,loves_count,review_count,standard_cost_usd
P473671,Fragrance Discovery Set,19-69,Fragrance,Value & Gift Sets,35.0,3.6364,6320,11.0,10.5
P473668,La Habana Eau de Parfum,19-69,Fragrance,Women,195.0,4.1538,3827,13.0,58.5
P473662,Rainbow Bar Eau de Parfum,19-69,Fragrance,Women,195.0,4.25,3253,16.0,58.5
P473660,Kasbah Eau de Parfum,19-69,Fragrance,Women,195.0,4.4762,3018,21.0,58.5
P473658,Purple Haze Eau de Parfum,19-69,Fragrance,Women,195.0,3.2308,2691,13.0,58.5
P473661,Kasbah Eau de Parfum Travel Spray,19-69,Fragrance,Women,30.0,4.4762,2448,21.0,9.0
P473659,Purple Haze Eau de Parfum Travel Spray,19-69,Fragrance,Women,30.0,3.2308,1619,13.0,9.0
P473666,Invisible Post Eau de Parfum,19-69,Fragrance,Women,195.0,3.625,1542,8.0,58.5
P472300,Capri Eau de Parfum,19-69,Fragrance,Women,195.0,3.5714,1542,7.0,58.5
P473667,Invisible Post Eau de Parfum Travel Spray,19-69,Fragrance,Women,30.0,3.625,1377,8.0,9.0
P473663,Rainbow Bar Eau de Parfum Travel Spray,19-69,Fragrance,Women,30.0,4.25,1371,16.0,9.0
P473670,Capri Eau de Parfum Travel Spray,19-69,Fragrance,Women,30.0,3.5714,1206,7.0,9.0
P473664,L'air Barbes Eau de Parfum,19-69,Fragrance,Women,195.0,3.0,981,4.0,58.5
P473665,L'air Barbes Eau de Parfum Travel Spray,19-69,Fragrance,Women,30.0,3.0,721,4.0,9.0
P476416,AFRICAN Beauty Butter- Intensive Dry Skin Treatment,54 Thrones,Bath & Body,Body Moisturizers,38.0,4.3256,19028,258.0,15.2
P476418,African Beauty Butter Mini Gift Set,54 Thrones,Bath & Body,Value & Gift Sets,29.0,3.561,7526,41.0,11.6
P476417,African Beauty Butter Collection Deluxe Tin,54 Thrones,Bath & Body,Value & Gift Sets,80.0,4.2273,3741,22.0,32.0
P503832,Mini AFRICAN Beauty Butter- Intensive Dry Skin Treatment,54 Thrones,Bath & Body,Body Moisturizers,12.0,4.5175,3392,143.0,4.8
P483068,ABBOTT Sampler Set,ABBOTT,Fragrance,Value & Gift Sets,26.0,4.8163,4493,49.0,7.8
P483139,The Cape Perfume,ABBOTT,Fragrance,Women,84.0,4.6111,3118,18.0,25.2
P483080,Crescent Beach Perfume Travel Spray,ABBOTT,Fragrance,Women,29.0,4.7778,1957,9.0,8.7
P483079,Crescent Beach Perfume,ABBOTT,Fragrance,Women,84.0,4.5882,1608,17.0,25.2
P483131,Seqouia Eau de Parfum Travel Spray,ABBOTT,Fragrance,Women,29.0,4.1667,1458,6.0,8.7
P483130,Sequoia Perfume,ABBOTT,Fragrance,Women,84.0,4.619,1322,21.0,25.2
P483108,Mojave Perfume Travel Spray,ABBOTT,Fragrance,Women,29.0,4.7143,1137,7.0,8.7
P483140,The Cape Perfume Travel Spray,ABBOTT,Fragrance,Women,29.0,3.8333,1092,6.0,8.7
P483072,Big Sky Eau de Parfum Travel Spray,ABBOTT,Fragrance,Women,28.0,4.25,975,4.0,8.4
P483071,Big Sky Eau de Parfum,ABBOTT,Fragrance,Women,84.0,4.625,966,8.0,25.2
P483110,Montecito Perfume Travel Spray,ABBOTT,Fragrance,Women,29.0,3.7143,897,7.0,8.7
P483109,Montecito Perfume,ABBOTT,Fragrance,Women,84.0,4.1111,828,9.0,25.2
P483107,Mojave Perfume,ABBOTT,Fragrance,Women,84.0,4.0909,825,11.0,25.2
P443401,Blu Mediterraneo Mini Eau de Toilette Set,Acqua di Parma,Mini Size,Fragrance,77.0,3.3333,7290,12.0,34.65
P307804,Mirto di Panarea,Acqua di Parma,Fragrance,Women,84.0,4.4359,5658,39.0,25.2
P375388,Arancia di Capri,Acqua di Parma,Fragrance,Women,84.0,3.9459,4812,37.0,25.2
P163604,Colonia,Acqua di Parma,Fragrance,Men,181.0,4.2125,4157,80.0,54.3
P252213,Magnolia Nobile,Acqua di Parma,Fragrance,Women,210.0,4.2791,3378,43.0,63.0
P456550,Yuzu Eau de Parfum,Acqua di Parma,Fragrance,Women,135.0,4.6667,1953,6.0,40.5
P377678,Oud Eau de Parfum,Acqua di Parma,Fragrance,Men,295.0,4.2632,1775,19.0,88.5
P269110,Colonia Essenza,Acqua di Parma,Fragrance,Men,130.0,4.5333,1638,15.0,39.0
P448830,Buongiorno Diffuser,Acqua di Parma,Fragrance,Candles & Home Scents,112.0,4.625,1162,8.0,33.6
P380571,Colonia Alcohol-Free Deodorant,Acqua di Parma,Bath & Body,Body Care,55.0,3.2,1023,10.0,22.0
P422289,Colonia Pura,Acqua di Parma,Fragrance,Women,130.0,4.5714,840,7.0,39.0
P471525,Arancia di Capri Candle,Acqua di Parma,Fragrance,Candles & Home Scents,82.0,,601,,24.6
P471526,Fico di Amalfi Candle,Acqua di Parma,Fragrance,Candles & Home Scents,82.0,4.0,517,2.0,24.6
P460438,Aperitivo In Terrazza Diffuser,Acqua di Parma,Fragrance,Candles & Home Scents,112.0,5.0,423,1.0,33.6
P448828,Luce di Colonia Diffuser,Acqua di Parma,Fragrance,Candles & Home Scents,112.0,2.6667,349,3.0,33.6
P457232,Baomint Deep Conditioning Treatment,adwoa beauty,Hair,Hair Styling & Treatments,39.0,4.5273,16947,311.0,17.55
P474806,Blue Tansy Reparative Mask,adwoa beauty,Hair,Hair Styling & Treatments,40.0,4.7581,14660,492.0,18.0
P457233,Baomint Leave In Conditioning Styler,adwoa beauty,Hair,Hair Styling & Treatments,26.0,4.3472,13333,144.0,11.7
P474808,Blue Tansy Leave in Conditioning Styler,adwoa beauty,Hair,Hair Styling & Treatments,26.0,4.5762,11674,210.0,11.7
P457234,Baomint Moisturizing Shampoo,adwoa beauty,Hair,Shampoo & Conditioner,24.0,4.1324,11122,136.0,10.8
P474804,Blue Tansy Clarifying Gel Shampoo,adwoa beauty,Hair,Shampoo & Conditioner,25.0,4.3109,10753,193.0,11.25
P481372,Melonberry Hair Milk Leave-In Conditioner,adwoa beauty,Hair,Hair Styling & Treatments,24.0,4.3826,9921,1265.0,10.8
P457237,Baomint Protect + Shine Oil Blend,adwoa beauty,Hair,Hair Styling & Treatments,24.0,4.5359,9757,237.0,10.8
P457236,Baomint Moisturizing Curl Defining Cream,adwoa beauty,Hair,Hair Styling & Treatments,32.0,4.5635,9568,252.0,14.4
P474807,Blue Tansy Treatment Serum,adwoa beauty,Hair,Hair Styling & Treatments,36.0,4.6465,9233,215.0,16.2
P457235,Baomint Moisturizing Curl Defining Gel,adwoa beauty,Hair,Hair Styling & Treatments,32.0,4.4188,7112,234.0,14.4
P474805,Blue Tansy Reparative Conditioner,adwoa beauty,Hair,Shampoo & Conditioner,25.0,4.3495,6136,186.0,11.25
P473150,Mini Baomint Deep Conditioning Treatment,adwoa beauty,Hair,Mini Size,15.0,4.2,4562,5.0,6.75
P473151,Mini Baomint Deluxe Travel Kit,adwoa beauty,Hair,Value & Gift Sets,56.0,4.7283,4559,173.0,25.2
P473154,Mini Baomint Moisturizing Curl Defining Gel,adwoa beauty,Hair,Mini Size,14.0,,0,,6.3
P473153,Mini Baomint Moisturizing Curl Defining Cream,adwoa beauty,Hair,Mini Size,14.0,,0,,6.3
P473152,Mini Baomint Leave-In Conditioning Styler,adwoa beauty,Hair,Mini Size,13.0,,0,,5.85
P473155,Mini Baomint Moisturizing Shampoo,adwoa beauty,Hair,Mini Size,12.0,,0,,5.4
P473156,Mini Baomint Protect + Shine Oil Blend,adwoa beauty,Hair,Mini Size,11.0,,0,,4.95
P398965,Rose Lip Conditioner,AERIN,Makeup,Lip,35.0,4.26,20562,527.0,14.7
P405269,Mediterranean Honeysuckle,AERIN,Fragrance,Women,145.0,4.2158,15618,139.0,43.5
P405273,Mediterranean Honeysuckle Eau de Parfum Travel Spray,AERIN,Fragrance,Women,35.0,4.2,15404,50.0,10.5
P388770,Amber Musk,AERIN,Fragrance,Women,145.0,4.3833,13830,120.0,43.5
P398823,Amber Musk Eau de Parfum Travel Spray,AERIN,Mini Size,Fragrance,35.0,4.1875,11147,48.0,15.75
P428454,Hibiscus Palm Eau de Parfum,AERIN,Fragrance,Women,145.0,4.3333,8201,60.0,43.5
P388762,Ikat Jasmine,AERIN,Fragrance,Women,200.0,4.3385,7381,65.0,60.0
P388766,Lilac Path,AERIN,Fragrance,Women,145.0,4.2875,6530,80.0,43.5
P395768,Waterlily Sun,AERIN,Fragrance,Women,145.0,4.3529,6241,51.0,43.5
P433906,Rose De Grasse,AERIN,Fragrance,Women,260.0,4.5278,4952,36.0,78.0
P433901,Ikat Jasmine Travel Spray,AERIN,Fragrance,Women,35.0,4.0,4264,13.0,10.5
P454826,Wild Geranium Travel Spray,AERIN,Fragrance,Women,35.0,4.3333,4082,21.0,10.5
P410846,Tangier Vanille,AERIN,Fragrance,Women,145.0,3.6923,3842,39.0,43.5
P460780,Hibiscus Palm Eau de Parfum Travel Spray,AERIN,Fragrance,Women,35.0,4.0714,3549,14.0,10.5
P481055,Mediterranean Honeysuckle Mimosa Eau de Parfum,AERIN,Fragrance,Women,135.0,3.2,3178,10.0,40.5
P454825,Wild Geranium,AERIN,Fragrance,Women,145.0,4.6667,3059,24.0,43.5
P442516,Mini Aegea Blossom Eau de Parfum Travel Spray,AERIN,Fragrance,Women,35.0,3.7059,2453,17.0,10.5
P442515,Aegea Blossom Eau de Parfum,AERIN,Fragrance,Women,145.0,4.3529,2202,17.0,43.5
P475043,Cedar Violet Eau de Parfum Travel Spray,AERIN,Fragrance,Women,35.0,3.3571,1678,14.0,10.5
P504777,Perfume Sampler Discovery Set,AERIN,Fragrance,Value & Gift Sets,25.0,,1376,,7.5
P475042,Cedar Violet Eau de Parfum,AERIN,Fragrance,Women,145.0,3.3571,1258,14.0,43.5
P504686,Mediterranean Honeysuckle Clementina,AERIN,Fragrance,Women,145.0,3.5,1111,4.0,43.5
P471527,Rose De Grasse Pour Filles Eau de Parfum,AERIN,Fragrance,Women,100.0,2.0,1042,1.0,30.0
P481056,Mediterranean Honeysuckle Mimosa Eau de Parfum Travel Spray,AERIN,Fragrance,Women,30.0,,0,,9.0
P439055,GENIUS Sleeping Collagen Moisturizer,Algenist,Skincare,Moisturizers,98.0,4.5413,33910,1321.0,37.24
P421277,GENIUS Liquid Collagen Serum,Algenist,Skincare,Treatments,115.0,4.0259,67870,1159.0,43.7
P467602,Triple Algae Eye Renewal Balm Eye Cream,Algenist,Skincare,Eye Care,68.0,4.5306,17890,1142.0,25.84
P432045,GENIUS Liquid Collagen Lip Treatment,Algenist,Skincare,Lip Balms & Treatments,29.0,3.8721,44448,649.0,11.02
P311143,SUBLIME DEFENSE Ultra Lightweight UV Defense Fluid SPF 50,Algenist,Skincare,Sunscreen,28.0,4.4134,27278,508.0,10.64
P384537,GENIUS Ultimate Anti-Aging Cream,Algenist,Skincare,Moisturizers,112.0,4.2525,19733,503.0,42.56
P388200,GENIUS Ultimate Anti-Aging Melting Cleanser,Algenist,Skincare,Cleansers,38.0,4.0569,9314,334.0,14.44
P296413,Gentle Rejuvenating Cleanser,Algenist,Skincare,Cleansers,28.0,4.2689,7681,264.0,10.64
P500716,10 Day Results Kit,Algenist,Skincare,Value & Gift Sets,88.0,4.8023,3206,258.0,33.44
P379907,Advanced Anti-Aging Repairing Oil,Algenist,Skincare,Moisturizers,82.0,4.4531,10676,245.0,31.16
P296415,Overnight Restorative Cream,Algenist,Skincare,Moisturizers,94.0,4.3808,10578,239.0,35.72
P392945,GENIUS Ultimate Anti-Aging Vitamin C+ Serum,Algenist,Skincare,Treatments,118.0,3.9825,10068,229.0,44.84
P282935,Regenerative Anti-Aging Moisturizer,Algenist,Skincare,Moisturizers,94.0,4.2715,6807,221.0,35.72
P474809,Blue Algae Vitamin C Skinclarity Brightening Serum,Algenist,Skincare,Treatments,72.0,4.6087,6040,207.0,27.36
P416552,POWER Recharging Night Pressed Serum,Algenist,Skincare,Treatments,95.0,4.3854,10859,205.0,36.1
P471000,Algae Niacinamide Moisture Veil,Algenist,Skincare,Moisturizers,65.0,4.6982,4845,169.0,24.7
P480274,GENIUS Liquid Skin Resurfacing 2% BHA Toner,Algenist,Skincare,Cleansers,40.0,4.7939,4693,165.0,15.2
P453818,GENIUS Collagen Calming Relief,Algenist,Skincare,Moisturizers,58.0,4.464,11763,125.0,22.04
P442859,ALIVE Prebiotic Balancing Mask,Algenist,Skincare,Masks,38.0,4.3729,14367,118.0,14.44
P388262,GENIUS Ultimate Anti-Aging Eye Cream,Algenist,Skincare,Eye Care,74.0,3.7759,6866,116.0,28.12
P457694,Blue Algae Vitamin C Dark Spot Correcting Peel,Algenist,Skincare,Treatments,85.0,4.213,11488,108.0,32.3
P447504,AA (Alguronic Acid) Barrier Serum,Algenist,Skincare,Treatments,85.0,3.97,3877,100.0,32.3
P404169,POWER Advanced Wrinkle Fighter 360° Eye Serum,Algenist,Skincare,Eye Care,70.0,4.023,9082,87.0,26.6
P404168,POWER Advanced Wrinkle Fighter Moisturizer,Algenist,Skincare,Moisturizers,85.0,4.1818,5169,77.0,32.3
P449163,GENIUS Liquid Collagen Hand Cream,Algenist,Bath & Body,Body Moisturizers,38.0,4.175,5372,40.0,15.2
P433469,ELEVATE Advanced Retinol Serum,Algenist,Skincare,Treatments,98.0,4.1026,5451,39.0,37.24
P420638,ELEVATE Advanced Lift Contouring Cream,Algenist,Skincare,Moisturizers,96.0,4.3243,3317,37.0,36.48
P456990,Mini GENIUS Liquid Collagen,Algenist,Skincare,Mini Size,25.0,3.4412,8900,34.0,9.5
P410809,ELEVATE Firming & Lifting Contouring Eye Cream,Algenist,Skincare,Eye Care,72.0,3.2581,1957,31.0,27.36
P442860,ALIVE Prebiotic Balancing Moisturizer SPF 15,Algenist,Skincare,Moisturizers,40.0,3.2,1897,30.0,15.2
P449164,ELEVATE Firming & Lifting Neck Cream,Algenist,Skincare,Moisturizers,84.0,3.8889,5118,18.0,31.92
P504443,Plump Pout Duo,Algenist,Skincare,Value & Gift Sets,44.0,3.0,522,1.0,16.72
P503998,Algae Peptide Regenerative Moisturizer,Algenist,Skincare,Moisturizers,98.0,,442,,37.24
P440949,Liquid Gold Exfoliating Treatment with Glycolic acid,Alpha-H,Skincare,Treatments,56.0,4.5093,18300,915.0,21.28
P442540,Vitamin A Serum with 0.5% Retinol,Alpha-H,Skincare,Treatments,65.0,4.3579,7074,95.0,24.7
P442539,Vitamin B Serum with 5% Niacinamide and Peptides,Alpha-H,Skincare,Treatments,65.0,4.2619,6331,84.0,24.7
P442546,Balancing Cleanser,Alpha-H,Skincare,Cleansers,38.0,4.5455,3612,77.0,14.44
P442548,Mini Liquid Gold Exfoliating Treatment with Glycolic Acid,Alpha-H,Skincare,Mini Size,22.0,4.0,11971,34.0,8.36
P442537,Liquid Gold Firming Eye Cream,Alpha-H,Skincare,Eye Care,82.0,3.8824,3406,17.0,31.16
P480150,Liquid Gold Midnight Reboot Serum with 14% Glycolic Acid and Tripeptide-5,Alpha-H,Skincare,Treatments,105.0,5.0,3928,16.0,39.9
P442542,Beauty Sleep Power Peel Age-Defying Night Peel,Alpha-H,Skincare,Treatments,106.0,4.6,6057,15.0,40.28
P442545,Triple Action Cleanser,Alpha-H,Skincare,Cleansers,38.0,4.25,2138,12.0,14.44
P455237,Melt Moisturizer with Bakuchiol and Squalane,alpyn beauty,Skincare,Moisturizers,60.0,4.514,17458,465.0,22.8
P465741,Wild Huckleberry 8-Acid Polishing Peel Mask,alpyn beauty,Skincare,Masks,56.0,4.6801,28060,347.0,21.28
P472302,Wild Nettle & Niacinamide Instant Firming Serum,alpyn beauty,Skincare,Treatments,58.0,4.7631,12209,287.0,22.04
P455613,Line-Filling Eye Cream with Bakuchiol and Caffeine,alpyn beauty,Skincare,Eye Care,62.0,4.3206,12740,262.0,23.56
P503197,Juneberry & Collagen Hydrating Cold Cream Cleanser,alpyn beauty,Skincare,Cleansers,39.0,4.895,5754,238.0,14.82
P477492,Triple Vitamin C Brightening Bounce Cream Moisturizer,alpyn beauty,Skincare,Moisturizers,49.0,4.5422,7730,225.0,18.62
P455614,Creamy Bubbling Cleanser with Vitamin C & AHAs,alpyn beauty,Skincare,Cleansers,36.0,4.3832,13297,167.0,13.68
P455612,Vitamin C & Bearberry Instant Glow Serum,alpyn beauty,Skincare,Treatments,59.0,4.503,10316,167.0,22.42
P483643,Willow & Sweet Agave Plumping Lip Mask,alpyn beauty,Skincare,Lip Balms & Treatments,28.0,4.5405,12568,148.0,10.64
P505338,Pore Perfecting Liquid Exfoliator with 2% BHA + Borage,alpyn beauty,Skincare,Cleansers,39.0,4.9231,654,91.0,14.82
P481058,Mini Melt Moisturizer with Bakuchiol and Squalane,alpyn beauty,Skincare,Moisturizers,25.0,4.5806,7054,31.0,9.5
P483644,Mini Wild Huckleberry 8-Acid Polishing Peel Mask,alpyn beauty,Mini Size,Skincare,23.0,4.85,3822,20.0,10.35
P503262,Peel and Plump Skin-Smoothing Duo,alpyn beauty,Skincare,Value & Gift Sets,49.0,4.8889,6469,18.0,18.62
P378716,CAVIAR Anti-Aging Replenishing Moisture CC Cream,ALTERNA Haircare,Hair,Hair Styling & Treatments,30.0,4.0232,65896,1721.0,13.5
P269705,CAVIAR Anti-Aging Replenishing Moisture Shampoo,ALTERNA Haircare,Hair,Shampoo & Conditioner,35.0,4.2482,30763,963.0,15.75
P269706,CAVIAR Anti-Aging Replenishing Moisture Conditioner,ALTERNA Haircare,Hair,Shampoo & Conditioner,55.0,4.4528,28885,890.0,24.75
P309412,Caviar Anti-Aging Clinical Densifying Scalp Treatment,ALTERNA Haircare,Hair,Hair Styling & Treatments,38.0,4.0124,18672,242.0,17.1
P405297,CAVIAR Anti-Aging Multiplying Volume Styling Mist,ALTERNA Haircare,Hair,Hair Styling & Treatments,30.0,4.2685,18120,391.0,13.5
P419632,CAVIAR Anti-Aging Smoothing Anti-Frizz Dry Oil Mist,ALTERNA Haircare,Hair,Hair Styling & Treatments,34.0,4.3662,11452,213.0,15.3
P269714,CAVIAR Anti-Aging Working Hairspray,ALTERNA Haircare,Hair,Hair Styling & Treatments,26.0,4.4268,9533,157.0,11.7
P428076,CAVIAR Anti-Aging Smoothing Anti-Frizz Blowout Butter,ALTERNA Haircare,Hair,Hair Styling & Treatments,35.0,4.1298,8213,208.0,15.75
P309411,CAVIAR Anti-Aging Clinical Densifying Shampoo,ALTERNA Haircare,Hair,Shampoo & Conditioner,34.0,4.1325,7941,166.0,15.3
P384770,CAVIAR Anti-Aging Smoothing Anti-Frizz Nourishing Oil,ALTERNA Haircare,Hair,Hair Styling & Treatments,38.0,4.0615,7930,130.0,17.1
P391910,CAVIAR Anti-Aging Clinical Densifying Styling Mousse,ALTERNA Haircare,Hair,Hair Styling & Treatments,38.0,4.5164,7818,122.0,17.1
P435932,CAVIAR Anti-Aging Restructuring Bond Repair Leave-In Heat Protection Spray,ALTERNA Haircare,Hair,Hair Styling & Treatments,32.0,4.1513,7742,119.0,14.4
P405298,CAVIAR Anti-Aging Multiplying Volume Shampoo,ALTERNA Haircare,Hair,Shampoo & Conditioner,35.0,3.9127,6672,126.0,15.75
P441825,CAVIAR Anti-Aging Rapid Blowout Balm,ALTERNA Haircare,Hair,Hair Styling & Treatments,32.0,4.6927,6640,192.0,14.4
P435934,CAVIAR Anti-Aging Restructuring Bond Repair 3-in-1 Sealing Serum,ALTERNA Haircare,Hair,Hair Styling & Treatments,38.0,4.0101,5870,199.0,17.1
P410833,CAVIAR Anti-Aging Replenishing Moisture Leave-In Smoothing Gelee,ALTERNA Haircare,Hair,Hair Styling & Treatments,30.0,4.1863,5673,102.0,13.5
P435933,CAVIAR Anti-Aging Restructuring Bond Repair Leave-In Overnight Serum,ALTERNA Haircare,Hair,Hair Styling & Treatments,40.0,4.3761,5177,452.0,18.0
P374562,CAVIAR Anti-Aging Perfect Iron Spray,ALTERNA Haircare,Hair,Hair Styling & Treatments,32.0,4.195,4943,159.0,14.4
P405299,CAVIAR Anti-Aging Multiplying Volume Conditioner,ALTERNA Haircare,Hair,Shampoo & Conditioner,36.0,4.1471,4864,102.0,16.2
P269707,CAVIAR Anti-Aging Replenishing Moisture Masque,ALTERNA Haircare,Hair,Hair Styling & Treatments,45.0,3.9368,4688,95.0,20.25
P416598,CAVIAR Anti-Aging Infinite Color Hold Dual-Use Serum,ALTERNA Haircare,Hair,Hair Styling & Treatments,36.0,4.5957,4596,94.0,16.2
P441826,CAVIAR Anti-Aging Replenishing Moisture Priming Leave-In Conditioner,ALTERNA Haircare,Hair,Shampoo & Conditioner,32.0,4.4488,4536,205.0,14.4
P405300,CAVIAR Anti-Aging Multiplying Volume Styling Mousse,ALTERNA Haircare,Hair,Hair Styling & Treatments,32.0,4.2381,3929,21.0,14.4
P448859,Caviar Anti-Aging Smoothing Anti-Frizz Air-Dry Balm,ALTERNA Haircare,Hair,Hair Styling & Treatments,32.0,4.1563,2682,64.0,14.4
P435931,CAVIAR Anti-Aging Restructuring Bond Repair Leave-In Protein Cream,ALTERNA Haircare,Hair,Hair Styling & Treatments,37.0,3.3333,2640,18.0,16.65
P416404,CAVIAR Anti-Aging Infinite Color Hold Shampoo,ALTERNA Haircare,Hair,Shampoo & Conditioner,35.0,4.0833,2617,36.0,15.75
P428074,CAVIAR Anti-Aging Smoothing Anti-Frizz Shampoo,ALTERNA Haircare,Hair,Shampoo & Conditioner,35.0,4.3879,2410,116.0,15.75
P441638,CAVIAR Anti-Aging Perfect Texture Spray,ALTERNA Haircare,Hair,Hair Styling & Treatments,30.0,4.5281,2132,89.0,13.5
P428075,CAVIAR Anti-Aging Smoothing Anti-Frizz Conditioner,ALTERNA Haircare,Hair,Shampoo & Conditioner,36.0,4.1518,1991,112.0,16.2
P416403,CAVIAR Anti-Aging Infinite Color Hold Conditioner,ALTERNA Haircare,Hair,Shampoo & Conditioner,36.0,4.0,1892,20.0,16.2
P479628,Restructuring Bond Repair Masque,ALTERNA Haircare,Hair,Hair Styling & Treatments,50.0,4.871,1611,31.0,22.5
P463601,Alterna Haircare Caviar Anti-Aging Clinical Densifying Shampoo,ALTERNA Haircare,Hair,Shampoo & Conditioner,38.0,4.4203,1572,69.0,17.1
P484022,Renewing Exfoliating Scalp Scrub-to-Foam,ALTERNA Haircare,Hair,Hair Styling & Treatments,48.0,4.8615,1495,65.0,21.6
P482656,Replenishing Moisture Jumbo Trio,ALTERNA Haircare,Hair,Value & Gift Sets,100.0,3.6667,1476,3.0,45.0
P476830,My Hair My Canvas  Meltaway No-Rinse Micellar Cleanser,ALTERNA Haircare,Hair,Shampoo & Conditioner,29.0,3.7903,1182,124.0,13.05
P472305,CAVIAR Anti-Aging Restructuring Bond Repair Conditioner,ALTERNA Haircare,Hair,Shampoo & Conditioner,56.0,4.963,1163,27.0,25.2
P463015,Alterna Haircare Caviar Anti-Aging Clinical Densifying Foam Conditioner,ALTERNA Haircare,Hair,Shampoo & Conditioner,38.0,4.5606,1025,66.0,17.1
P476826,MHMC New Beginnings Exfoliating Cleanser,ALTERNA Haircare,Hair,Shampoo & Conditioner,30.0,4.189,1006,164.0,13.5
P472303,CAVIAR Anti-Aging Restructuring Bond Repair Shampoo,ALTERNA Haircare,Hair,Shampoo & Conditioner,35.0,4.6286,964,35.0,15.75
P484023,Renewing Scalp Leave-In Treatment with Hemp,ALTERNA Haircare,Hair,Hair Styling & Treatments,48.0,4.8226,872,62.0,21.6
P484024,Renewing Scalp Care Peppermint Leave-In Treatment,ALTERNA Haircare,Hair,Hair Styling & Treatments,48.0,4.5938,827,64.0,21.6
P476827,My Hair My Canvas Me Time Every Day Shampoo,ALTERNA Haircare,Hair,Shampoo & Conditioner,28.0,4.225,669,160.0,12.6
P476828,My Hair My Canvas  Me Time Everyday Conditioner,ALTERNA Haircare,Hair,Shampoo & Conditioner,28.0,4.2628,492,156.0,12.6
P476829,My Hair My Canvas  Cool Hydrations Nourishing Masque,ALTERNA Haircare,Hair,Hair Styling & Treatments,35.0,4.0569,447,123.0,15.75
P463016,Clinical Densifying Styling Mousse,ALTERNA Haircare,Hair,Hair Styling & Treatments,38.0,,0,,17.1
P503741,Lip Treatment Oil,Ami Colé,Makeup,Lip,20.0,4.7053,22871,95.0,8.4
P503754,Skin-Enhancing Tinted Moisturizer,Ami Colé,Makeup,Face,32.0,4.8966,6596,58.0,13.44
P503762,Lash-Amplifying Volumizing & Lengthening Mascara,Ami Colé,Makeup,Eye,19.0,4.1842,5015,38.0,7.98
P503732,Skin Melt Talc-Free Loose Setting Powder,Ami Colé,Makeup,Face,22.0,4.5714,4978,21.0,9.24
P503763,Light-Catching Highlighter Balm,Ami Colé,Makeup,Face,22.0,4.75,3685,8.0,9.24
P503767,Skin-Enhancing Concealer,Ami Colé,Makeup,Face,24.0,4.6429,3551,14.0,10.08
P503759,Ultra-Flex Clear Eyebrow Shaping Gel,Ami Colé,Makeup,Eye,20.0,4.8889,2885,9.0,8.4
P504779,Desert Date Cream Blush & Lip Multistick,Ami Colé,Makeup,Cheek,22.0,5.0,2858,4.0,9.24
P503731,"The Customizable Crew Set: Highlighter, Lip Oil, and Skin Tint Set",Ami Colé,Makeup,Face,60.0,4.5,1164,2.0,25.2
P404916,Soulfood Nourishing Hair Mask,amika,Hair,Hair Styling & Treatments,32.0,4.4028,152304,1621.0,14.4
P393281,Perk Up Talc-Free Dry Shampoo,amika,Hair,Hair Styling & Treatments,28.0,4.4057,109463,2179.0,12.6
P484025,Dream Routine Overnight Hydrating Hair Mask,amika,Hair,Hair Styling & Treatments,32.0,4.5027,62906,561.0,14.4
P426173,Mini Soulfood Nourishing Mask,amika,Mini Size,Hair,18.0,4.0766,47059,235.0,8.1
P474810,The Kure Intense Bond Repair Hair Mask,amika,Hair,Hair Styling & Treatments,40.0,4.5346,44737,159.0,18.0
P500747,Hydro Rush Intense Moisture Leave-In Conditioner with Hyaluronic Acid,amika,Hair,Hair Styling & Treatments,28.0,4.6388,37664,335.0,12.6
P404913,Un.Done Volume and Matte Texture Spray,amika,Hair,Hair Styling & Treatments,29.0,4.2243,36186,749.0,13.05
P442295,High Tide Deep Wave Hair Crimper,amika,Hair,Tools,120.0,4.0,32711,176.0,54.0
P468627,The Kure Bond Repair Conditioner for Damaged Hair,amika,Hair,Shampoo & Conditioner,28.0,4.3292,31696,161.0,12.6
P501442,Good Vibes Only + Hydration + Repair Hair Mask Set,amika,Hair,Value & Gift Sets,39.0,5.0,29742,17.0,17.55
P468629,The Closer Instant Split-end Hair Repair Cream,amika,Hair,Hair Styling & Treatments,28.0,4.3739,28230,115.0,12.6
P460000,Hair Blow Dryer Brush 2.0,amika,Hair,Tools,100.0,3.28,28036,125.0,45.0
P471529,Bust Your Brass Cool Blonde Purple Intense Repair Hair Mask,amika,Hair,Hair Styling & Treatments,40.0,4.5556,23070,144.0,18.0
P431196,Normcore Sulfate Free Shampoo,amika,Hair,Shampoo & Conditioner,23.0,3.3309,22389,139.0,10.35
P501705,Flash Instant Shine Hair Gloss Mask,amika,Hair,Hair Styling & Treatments,28.0,4.4352,20802,108.0,12.6
P409703,Plus Size Volume & Body Mousse,amika,Hair,Hair Styling & Treatments,30.0,4.2588,20091,85.0,13.5
P431197,Normcore Hydrating Conditioner,amika,Hair,Shampoo & Conditioner,23.0,3.6875,19943,64.0,10.35
P431193,Curl Corps Curl Defining Cream,amika,Hair,Hair Styling & Treatments,28.0,4.1951,19111,82.0,12.6
P501693,The Wizard Detangling Hair Primer,amika,Hair,Hair Styling & Treatments,29.0,4.3538,17920,65.0,13.05
P426180,Mini Un.Done Volume and Matte Texture Spray,amika,Mini Size,Hair,10.0,3.9412,17210,17.0,4.5
P504002,Water Sign Hydrating Hair Oil with Hyaluronic Acid,amika,Hair,Hair Styling & Treatments,32.0,3.8,16767,45.0,14.4
P501708,Perk Up Plus Extended Clean Dry Shampoo,amika,Hair,Hair Styling & Treatments,30.0,3.8358,16701,67.0,13.5
P420713,Velveteen Dream Anti-Frizz Smoothing Conditioner,amika,Hair,Shampoo & Conditioner,28.0,3.62,15891,50.0,12.6
P500748,Hydro Rush Intense Moisture Shampoo with Hyaluronic Acid,amika,Hair,Shampoo & Conditioner,26.0,3.8838,14548,198.0,11.7
P441833,Polished Perfection Thermal Straightening Brush 2.0,amika,Hair,Tools,98.0,3.9502,14365,201.0,44.1
P431192,Curl Corps Curl Enhancing Hair Gel,amika,Hair,Hair Styling & Treatments,28.0,4.2192,14341,73.0,12.6
P478535,Top Gloss Hair Shine Spray,amika,Hair,Hair Styling & Treatments,29.0,4.16,13053,25.0,13.05
P481409,The Kure Multi-Task Repair Treatment,amika,Hair,Hair Styling & Treatments,30.0,4.6923,12871,52.0,13.5
P500713,Hydro Rush Intense Moisture Conditioner with Hyaluronic Acid,amika,Hair,Shampoo & Conditioner,26.0,3.9158,12416,190.0,11.7
P420708,Vault Sulfate Free Shampoo for Color-Treated Hair,amika,Hair,Shampoo & Conditioner,23.0,3.5507,12188,69.0,10.35
P502586,Brooklyn Bombshell Blowout Spray,amika,Hair,Hair Styling & Treatments,28.0,3.8214,11564,28.0,12.6
P471531,Bust Your Brass Blonde Purple Conditioner,amika,Hair,Shampoo & Conditioner,28.0,4.2941,10764,51.0,12.6
P501714,The Kure Bond Repair Shampoo for Damaged Hair,amika,Hair,Shampoo & Conditioner,28.0,4.2951,10722,61.0,12.6
P504128,Hydro Rush and Dream Routine Hair Hydration Set,amika,Hair,Value & Gift Sets,58.0,3.625,10621,16.0,26.1
P420709,Vault Conditioner for Color-Treated Hair,amika,Hair,Shampoo & Conditioner,23.0,3.6429,8876,42.0,10.35
P458505,Fadeblock Pre-Shampoo Color Seal,amika,Hair,Hair Styling & Treatments,26.0,4.3033,7985,122.0,11.7
P473260,Power Hour Curl Refreshing Spray,amika,Hair,Hair Styling & Treatments,28.0,3.4,7314,10.0,12.6
P501713,Reset Exfoliating Jelly Scalp Scrub,amika,Hair,Hair Styling & Treatments,28.0,4.4,7310,10.0,12.6
P482657,Double Agent 2-in-1 Straightening Blow Dryer Brush,amika,Hair,Tools,120.0,4.3103,6936,116.0,54.0
P501717,3D Volume and Thickening Shampoo,amika,Hair,Shampoo & Conditioner,26.0,3.4615,5836,13.0,11.7
P501689,3D Daily Leave-In Hair Thickening Treatment,amika,Hair,Hair Styling & Treatments,38.0,4.6667,5668,3.0,17.1
P500290,High Tide Deep Waver Jumbo,amika,Hair,Tools,120.0,4.4318,5591,44.0,54.0
P480275,Mini Perk Up Talc-Free Dry Shampoo,amika,Hair,Hair Styling & Treatments,15.0,3.4286,4709,7.0,6.75
P501698,Mini Perk Up Plus Extended Clean Dry Shampoo,amika,Hair,Hair Styling & Treatments,16.0,4.375,4552,8.0,7.2
P449574,Illuminati Diamond Ceramic Flat Iron,amika,Hair,Tools,120.0,3.5172,4360,29.0,54.0
P501721,Bust Your Brass Blonde Purple Shampoo,amika,Hair,Shampoo & Conditioner,28.0,4.1053,4270,19.0,12.6
P455574,The Conductor 1 Inch Precision Germanium Flat Iron,amika,Hair,Tools,150.0,3.0526,3802,38.0,67.5
P449573,The CEO 360° Lightweight Powerhouse Hair Dryer,amika,Hair,Tools,200.0,4.3214,2998,28.0,90.0
P501686,3D Volume and Thickening Conditioner,amika,Hair,Shampoo & Conditioner,40.0,2.3333,2204,9.0,18.0
P202633,Brow Wiz Ultra-Slim Precision Brow Pencil,Anastasia Beverly Hills,Makeup,Eye,25.0,4.4056,834189,15885.0,10.5
P384060,"DIPBROW Waterproof, Smudge Proof Brow Pomade",Anastasia Beverly Hills,Makeup,Eye,21.0,4.6701,617437,11158.0,8.82
P404832,Eye Shadow Singles,Anastasia Beverly Hills,Makeup,Eye,12.0,4.4696,605038,790.0,5.04
P404831,Liquid Lipstick,Anastasia Beverly Hills,Makeup,Lip,20.0,3.8268,583724,4238.0,8.4
P409118,Modern Renaissance Eye Shadow Palette,Anastasia Beverly Hills,Makeup,Eye,45.0,4.7931,460449,9133.0,18.9
P58930227,Soft Glam Eyeshadow Palette,Anastasia Beverly Hills,Makeup,Eye,45.0,4.7068,329192,2858.0,18.9
P386335,Contour Kit,Anastasia Beverly Hills,Makeup,Face,40.0,4.0975,251086,2399.0,16.8
P404827,Brow Definer 3-in-1 Triangle Tip,Anastasia Beverly Hills,Makeup,Eye,26.0,4.0746,231041,4127.0,10.92
P404830,Lip Gloss,Anastasia Beverly Hills,Makeup,Lip,16.0,4.4551,228646,1672.0,6.72
P406576,Sun Dipped Glow Kit,Anastasia Beverly Hills,Makeup,Face,40.0,4.7197,228037,2176.0,16.8
P69304,Strong Hold Clear Brow Gel,Anastasia Beverly Hills,Makeup,Eye,22.0,4.4206,209498,4826.0,9.24
P69300,Ombre Effect Long Wearing Brow Powder Duo,Anastasia Beverly Hills,Makeup,Eye,23.0,4.695,187062,5086.0,9.66
P468341,Brow Freeze Extreme Hold Laminated-Look Sculpting Wax,Anastasia Beverly Hills,Makeup,Eye,23.0,3.9071,178195,2293.0,9.66
P384059,Brush 12 Precision Brow Brush for Pomades & Gels,Anastasia Beverly Hills,Makeup,Brushes & Applicators,18.0,4.7427,158547,1551.0,7.56
P423925,Sugar Glow Kit,Anastasia Beverly Hills,Makeup,Face,40.0,4.6467,158496,917.0,16.8
P454751,Mini Strong Hold Clear Brow Gel,Anastasia Beverly Hills,Makeup,Eye,9.0,4.1889,111380,90.0,3.78
P69517,Brush 7B Precision Brow Brush for Powders,Anastasia Beverly Hills,Makeup,Brushes & Applicators,18.0,4.6818,105734,1122.0,7.56
P410504,Stick Foundation,Anastasia Beverly Hills,Makeup,Face,25.0,3.4315,95974,1868.0,10.5
P452735,Norvina False Lashes,Anastasia Beverly Hills,Makeup,Eye,12.0,4.259,88426,749.0,5.04
P187202,Tinted Brow Gel,Anastasia Beverly Hills,Makeup,Eye,22.0,4.1864,86781,2640.0,9.24
P441838,DIPBROW Gel,Anastasia Beverly Hills,Makeup,Eye,20.0,3.7853,76766,1076.0,8.4
P480576,Matte & Satin Velvet Lipstick,Anastasia Beverly Hills,Makeup,Lip,23.0,4.6062,73493,1427.0,9.66
P420162,Blush Trio,Anastasia Beverly Hills,Makeup,Cheek,30.0,4.6617,70979,470.0,12.6
P386783,Pro Pencil,Anastasia Beverly Hills,Makeup,Eye,18.0,4.0611,66546,360.0,7.56
P442999,DIPBROW Gel - Mini,Anastasia Beverly Hills,Makeup,Eye,9.0,3.3403,65374,573.0,3.78
P449124,Luminous Foundation,Anastasia Beverly Hills,Makeup,Face,38.0,4.1304,64069,1902.0,15.96
P69305,Perfect Brow Pencil,Anastasia Beverly Hills,Makeup,Eye,23.0,4.4411,63182,2156.0,9.66
P480575,Lip Liner,Anastasia Beverly Hills,Makeup,Lip,18.0,4.6577,62919,1335.0,7.56
P450846,Norvina Pro Pigment Palette Vol. 3 for Face & Body,Anastasia Beverly Hills,Makeup,Makeup Palettes,60.0,4.601,51295,193.0,25.2
P462328,Superfine Micro-Stroking Detail Brow Pen,Anastasia Beverly Hills,Makeup,Eye,22.0,3.9654,51057,866.0,9.24
P443753,Dewy Set Setting Spray,Anastasia Beverly Hills,Makeup,Face,26.0,4.2373,50318,316.0,10.92
P448161,Norvina Pro Pigment Palette Vol. 1 for Face & Body,Anastasia Beverly Hills,Makeup,Makeup Palettes,60.0,4.7151,47248,179.0,25.2
P463420,Mini Soft Glam II Eye Shadow Palette,Anastasia Beverly Hills,Makeup,Eye,29.0,4.3553,45762,76.0,12.18
P397498,Brush #14,Anastasia Beverly Hills,Makeup,Brushes & Applicators,18.0,4.3528,45033,326.0,7.56
P427916,Powder Bronzer,Anastasia Beverly Hills,Makeup,Cheek,28.0,4.5012,44106,433.0,11.76
P406574,A23 Pro Brush – Large Tapered Blending Brush,Anastasia Beverly Hills,Makeup,Brushes & Applicators,25.0,4.0303,43390,330.0,10.5
P474813,Stick Cream Blush,Anastasia Beverly Hills,Makeup,Cheek,32.0,4.6228,43248,729.0,13.44
P450845,Norvina Pro Pigment Palette Vol. 2 for Face & Body,Anastasia Beverly Hills,Makeup,Makeup Palettes,60.0,4.5,43154,116.0,25.2
P457246,Norvina Pro Pigment Palette Vol. 4 for Face & Body,Anastasia Beverly Hills,Makeup,Makeup Palettes,60.0,4.5069,42087,144.0,25.2
P475045,Magic Touch Concealer,Anastasia Beverly Hills,Makeup,Face,29.0,4.551,42036,2717.0,12.18
P224610,Highlighting Duo Pencil,Anastasia Beverly Hills,Makeup,Eye,23.0,4.4611,41399,501.0,9.66
P474812,Cream Bronzer,Anastasia Beverly Hills,Makeup,Cheek,35.0,4.5417,39659,707.0,14.7
P473261,Norvina Pro Pigment Palette Vol. 5 for Face & Body,Anastasia Beverly Hills,Makeup,Makeup Palettes,60.0,4.8206,38241,457.0,25.2
P450720,Contour & Highlight Stick,Anastasia Beverly Hills,Makeup,Face,25.0,3.8262,37976,351.0,10.5
P69600,Classic Stencils,Anastasia Beverly Hills,Tools & Brushes,Beauty Tools,20.0,3.4681,35078,658.0,10.0
P406577,Lip Primer,Anastasia Beverly Hills,Makeup,Lip,16.0,4.1481,32804,270.0,6.72
P452412,Norvina Mini Pro Pigment Palette Vol. 2 for Face & Body,Anastasia Beverly Hills,Makeup,Mini Size,29.0,4.3269,32501,364.0,12.18
P395205,Waterproof Crème Color,Anastasia Beverly Hills,Makeup,Eye,18.0,3.4277,32099,346.0,7.56
P69502,Tweezers,Anastasia Beverly Hills,Tools & Brushes,Beauty Tools,28.0,4.4991,31809,527.0,14.0
P471219,Brow Freeze Applicator,Anastasia Beverly Hills,Makeup,Accessories,17.0,4.2,29142,290.0,7.14
P463783,Insta Brow Set,Anastasia Beverly Hills,Makeup,Eye,25.0,3.8846,29137,26.0,10.5
P454992,Norvina Mini Pro Pigment Palette Vol. 3 for Face & Body,Anastasia Beverly Hills,Mini Size,Makeup,29.0,4.4737,27720,114.0,13.05
P449149,Loose Setting Powder,Anastasia Beverly Hills,Makeup,Face,38.0,4.534,27345,824.0,15.96
P69512,Angled Cut Brush - Small 15,Anastasia Beverly Hills,Makeup,Brushes & Applicators,17.0,4.5476,27289,168.0,7.14
P468343,Tinted Lip Gloss,Anastasia Beverly Hills,Makeup,Lip,20.0,4.4921,27142,252.0,8.4
P420204,Liquid Glow Highlighter,Anastasia Beverly Hills,Makeup,Face,25.0,4.0899,26935,178.0,10.5
P459508,Mini Dewy Set Hydrating Setting Spray,Anastasia Beverly Hills,Makeup,Mini Size,15.0,4.0476,26675,42.0,6.3
P500629,Nouveau Eyeshadow Palette,Anastasia Beverly Hills,Makeup,Eye,55.0,4.6911,26598,492.0,23.1
P406283,Brush #18,Anastasia Beverly Hills,Makeup,Brushes & Applicators,18.0,4.5192,26163,52.0,7.56
P452413,Norvina Mini Pro Pigment Palette Vol. 1 for Face & Body,Anastasia Beverly Hills,Mini Size,Makeup,29.0,4.4383,24206,308.0,13.05
P482659,NORVINA Pro Pigment Palette Vol. 6 for Face & Body,Anastasia Beverly Hills,Makeup,Makeup Palettes,60.0,4.703,24101,202.0,25.2
P468344,Iced Out Highlighter,Anastasia Beverly Hills,Makeup,Face,34.0,4.4396,23851,546.0,14.28
P446027,Mini Eye Primer,Anastasia Beverly Hills,Makeup,Eye,13.0,3.6888,23776,498.0,5.46
P503051,Fluffy & Fuller Looking Brow Kit,Anastasia Beverly Hills,Makeup,Value & Gift Sets,29.0,4.1667,23770,12.0,12.18
P386784,Brush #20,Anastasia Beverly Hills,Makeup,Brushes & Applicators,18.0,4.2182,23499,55.0,7.56
P471735,"Face Palettes – All in One Bronzer, Highlighter, Blush",Anastasia Beverly Hills,Makeup,Face,58.0,4.526,22043,462.0,24.36
P478230,NORVINA Chroma Stix Makeup Pencils,Anastasia Beverly Hills,Makeup,Eye,18.0,4.186,21640,242.0,7.56
P173317,Brow Primer,Anastasia Beverly Hills,Makeup,Eye,21.0,4.2638,20917,527.0,8.82
P446344,Shimmer Body Oil,Anastasia Beverly Hills,Bath & Body,Body Moisturizers,38.0,3.8095,20253,105.0,15.2
P395206,Brush 3- Liner Brush,Anastasia Beverly Hills,Makeup,Brushes & Applicators,18.0,4.6571,19617,35.0,7.56
P449151,Liquid Liner,Anastasia Beverly Hills,Makeup,Eye,18.0,4.1865,18963,842.0,7.56
P503114,Rose Metals Eyeshadow Palette,Anastasia Beverly Hills,Makeup,Value & Gift Sets,55.0,4.7727,18255,22.0,23.1
P503050,Natural & Polished Deluxe Brow Kit,Anastasia Beverly Hills,Makeup,Value & Gift Sets,39.0,3.8333,17529,6.0,16.38
P477809,Primrose All In One Face & Eye Shadow Palette,Anastasia Beverly Hills,Makeup,Eye,55.0,4.6626,17469,406.0,23.1
P69520,Sharpener,Anastasia Beverly Hills,Tools & Brushes,Beauty Tools,6.0,4.1218,16709,197.0,3.0
P455981,Lash Brag Jet-Black Volumizing Mascara,Anastasia Beverly Hills,Makeup,Eye,25.0,3.8184,16584,848.0,10.5
P503556,Mini Glam To Go Eyeshadow Palette,Anastasia Beverly Hills,Makeup,Eye,29.0,4.6667,15336,9.0,12.18
P503092,Fuller Looking & Sculpted Lip Duo Kit,Anastasia Beverly Hills,Makeup,Value & Gift Sets,25.0,4.0,14591,6.0,10.5
P456591,Mini Lash Brag Jet-Black Volumizing Mascara,Anastasia Beverly Hills,Makeup,Eye,13.0,3.7434,11474,947.0,5.46
P423923,Liquid Lipstick in Trouble,Anastasia Beverly Hills,Makeup,Lip,20.0,3.4766,11385,107.0,8.4
P500697,Coming Up Roses Blush & Lip Kit,Anastasia Beverly Hills,Makeup,Value & Gift Sets,50.0,5.0,9864,4.0,21.0
P390228,Scissors,Anastasia Beverly Hills,Makeup,Eye,22.5,4.0882,9065,34.0,9.45
P468342,Crystal Lip Gloss,Anastasia Beverly Hills,Makeup,Lip,20.0,4.3983,8257,241.0,8.4
P500604,Stick Highlighter,Anastasia Beverly Hills,Makeup,Face,34.0,3.5385,8228,13.0,14.28
P483069,Brow Studio Kit,Anastasia Beverly Hills,Makeup,Eye,29.0,4.1429,7910,7.0,12.18
P410502,Darkside Waterproof Liner,Anastasia Beverly Hills,Makeup,Eye,18.0,3.3276,7530,58.0,7.56
P500402,Brow Genius Conditioning Brow Serum,Anastasia Beverly Hills,Makeup,Eye,65.0,4.1742,7494,666.0,27.3
P470000,Norvina False Bottom Lashes,Anastasia Beverly Hills,Makeup,Eye,12.0,3.5,7267,4.0,5.04
P449148,A30 Domed Kabuki Brush,Anastasia Beverly Hills,Makeup,Brushes & Applicators,24.0,4.3732,7221,678.0,10.08
P462330,Mini Loose Setting Powder,Anastasia Beverly Hills,Makeup,Mini Size,19.0,4.25,7141,16.0,7.98
P473262,Norvina Lip Balm,Anastasia Beverly Hills,Makeup,Lip,18.0,4.0,5138,5.0,7.56
P470504,Eye Brag Eyeliner & Mascara Set,Anastasia Beverly Hills,Makeup,Eye,29.0,3.25,5007,8.0,12.18
P449150,Hydrating Oil,Anastasia Beverly Hills,Skincare,Moisturizers,45.0,4.5556,4568,27.0,17.1
P504629,Laminated Look Brow Kit,Anastasia Beverly Hills,Makeup,Eye,24.0,1.1905,3778,21.0,10.08
P470001,False Top Lashes,Anastasia Beverly Hills,Makeup,Eye,12.0,,0,,5.04
P502229,Flip Hair-Drying Tool,Aquis,Hair,Tools,50.0,4.9048,3942,42.0,22.5
P393401,Luminous Silk Perfect Glow Flawless Oil-Free Foundation,Armani Beauty,Makeup,Face,69.0,4.2162,622995,4162.0,28.98
P393411,Lip Maestro Liquid Matte Lipstick,Armani Beauty,Makeup,Lip,45.0,4.3712,229025,1972.0,18.9
P425938,Mini Luminous Silk Perfect Glow Flawless Oil-Free Foundation,Armani Beauty,Mini Size,Makeup,45.0,4.0744,102155,336.0,20.25
P393434,Eye Tint Long-Lasting Liquid Eyeshadow,Armani Beauty,Makeup,Eye,36.0,4.3822,99920,955.0,15.12
P416785,Power Fabric + Longwear High Cover Foundation SPF 25,Armani Beauty,Makeup,Face,69.0,4.3769,93829,199.0,28.98
P471221,Lip Power Satin Long Lasting Lipstick,Armani Beauty,Makeup,Lip,45.0,4.5863,74586,962.0,18.9
P456158,Luminous Silk Face and Under-Eye Concealer,Armani Beauty,Makeup,Face,39.0,4.3505,71952,950.0,16.38
P271538,Acqua di Gioia,Armani Beauty,Fragrance,Women,98.0,4.6371,64191,1050.0,29.4
P461420,My Way Eau de Parfum,Armani Beauty,Fragrance,Women,155.0,4.5065,58797,1696.0,46.5
P388029,Sì Eau de Parfum,Armani Beauty,Fragrance,Women,122.0,4.5679,57777,449.0,36.6
P441817,Power Fabric Concealer,Armani Beauty,Makeup,Face,40.0,4.4506,38873,870.0,16.8
P430871,Sì Passione Eau de Parfum,Armani Beauty,Fragrance,Women,122.0,4.6165,34799,1249.0,36.6
P458270,Neo Nude Tinted Moisturizer with Hyaluronic Acid,Armani Beauty,Makeup,Face,48.0,4.233,34553,1356.0,20.16
P12430,Acqua di Giò Eau de Toilette Spray,Armani Beauty,Fragrance,Men,110.0,4.741,29888,1726.0,33.0
P480151,Mini My Way & Acqua di Gioia Perfume Duo,Armani Beauty,Fragrance,Value & Gift Sets,32.0,4.6087,27319,23.0,9.6
P461421,My Way Eau de Parfum Travel Spray,Armani Beauty,Fragrance,Women,34.0,4.5065,26187,1696.0,10.2
P144212,Armani Code Pour Femme,Armani Beauty,Fragrance,Women,76.0,4.5941,23581,643.0,22.8
P472016,Neo Nude Color Melting Cream Blush,Armani Beauty,Makeup,Cheek,39.0,4.5263,20679,38.0,16.38
P449793,Luminous Silk Hydrating Makeup Primer,Armani Beauty,Makeup,Face,44.0,4.4756,19171,881.0,18.48
P393671,Eyes To Kill Lengthening Mascara,Armani Beauty,Makeup,Eye,33.0,4.3126,17195,739.0,13.86
P457884,Ocean di Gioia Eau de Parfum,Armani Beauty,Fragrance,Women,68.0,4.6618,15780,68.0,20.4
P475046,My Way Eau de Parfum Intense,Armani Beauty,Fragrance,Women,155.0,4.5806,15637,1011.0,46.5
P439633,Acqua di Gioia Travel Spray,Armani Beauty,Fragrance,Women,34.0,4.4286,15373,49.0,10.2
P469846,Luminous Silk Glow Setting Powder,Armani Beauty,Makeup,Face,64.0,4.4474,13500,418.0,26.88
P434327,Sì Passione Eau de Parfum Travel Spray,Armani Beauty,Fragrance,Women,34.0,4.0,13135,67.0,10.2
P446794,Si Fiori Eau de Parfum,Armani Beauty,Fragrance,Women,76.0,4.4674,12599,92.0,22.8
P398665,Acqua Di Gio Profumo,Armani Beauty,Fragrance,Men,174.0,4.6604,9322,53.0,52.2
P393672,Eyes To Kill Waterproof Mascara,Armani Beauty,Makeup,Eye,33.0,4.1756,8548,131.0,13.86
P456972,Aqua di Giò Profondo Eau de Parfum Spray,Armani Beauty,Fragrance,Men,160.0,4.7186,7984,988.0,48.0
P481814,Lip Maestro Mediterranea Liquid Matte Lipstick,Armani Beauty,Makeup,Lip,45.0,4.337,7426,184.0,18.9
P393669,Black Ecstasy Mascara,Armani Beauty,Makeup,Eye,33.0,4.3525,6554,139.0,13.86
P472017,Mini Eyes To Kill Volumizing and Lengthening Mascara,Armani Beauty,Makeup,Mini Size,15.0,4.0,6200,12.0,6.3
P430348,Acqua di Gio Absolu,Armani Beauty,Fragrance,Men,126.0,4.6763,5815,207.0,37.8
P421783,EMPORIO ARMANI Stronger With You,Armani Beauty,Fragrance,Men,79.0,4.6849,5588,365.0,23.7
P482507,Luminous Silk Perfect Glow Flawless Oil-Free Foundation Customizable Set,Armani Beauty,Makeup,Face,69.0,4.75,4980,4.0,28.98
P469176,Si Intense Eau de Parfum,Armani Beauty,Fragrance,Women,158.0,4.3913,4969,23.0,47.4
P469177,Si Intense Eau de Parfum Travel Spray,Armani Beauty,Fragrance,Women,34.0,4.3913,4552,23.0,10.2
P483112,My Way Floral Eau de Parfum Travel Spray,Armani Beauty,Fragrance,Women,34.0,4.5293,4168,1058.0,10.2
P465302,Acqua Di Gio Pour Homme Travel Spray,Armani Beauty,Fragrance,Mini Size,42.0,4.741,4152,1726.0,12.6
P481950,Si Passione Eclat Eau de Parfum,Armani Beauty,Fragrance,Women,122.0,4.5503,3966,189.0,36.6
P503765,Lip Power Long-Lasting Satin Lipstick Duo Set,Armani Beauty,Makeup,Lip,52.0,4.6667,3602,3.0,21.84
P483111,My Way Floral Eau de Parfum,Armani Beauty,Fragrance,Women,120.0,4.5293,3593,1058.0,36.0
P482660,Acqua di Gio Eau de Parfum,Armani Beauty,Fragrance,Men,160.0,4.6879,3481,862.0,48.0
P503247,Gioia Perfume Gift Set,Armani Beauty,Fragrance,Value & Gift Sets,75.0,5.0,2841,2.0,22.5
P503243,My Way Perfume Gift Set,Armani Beauty,Fragrance,Value & Gift Sets,86.0,5.0,2726,3.0,25.8
P465304,Acqua Di Gio Deodorant,Armani Beauty,Bath & Body,Body Care,28.0,3.6667,1988,6.0,11.2
P503246,Armani Code Parfum,Armani Beauty,Fragrance,Men,144.0,4.7028,1878,249.0,43.2
P469034,Armani Code Eau de Parfum,Armani Beauty,Fragrance,Men,144.0,4.7,1866,10.0,43.2
P503244,Sì Passione Perfume Gift Set,Armani Beauty,Fragrance,Value & Gift Sets,152.0,5.0,1700,2.0,45.6
P418389,Armani Code Colonia,Armani Beauty,Fragrance,Men,88.0,4.6777,1476,332.0,26.4
P504670,Acqua di Goia Perfume Gift Set,Armani Beauty,Fragrance,Value & Gift Sets,75.0,,970,,22.5
P446790,Acqua Di Giò Absolu Instinct Eau De Parfum,Armani Beauty,Fragrance,Men,102.0,4.0,958,6.0,30.6
P504695,Si Passione Gift Set,Armani Beauty,Fragrance,Value & Gift Sets,152.0,,796,,45.6
P380557,Armani Code After Shave Lotion,Armani Beauty,Bath & Body,Bath & Shower,60.0,4.5,753,2.0,24.0
P505320,My Way Parfum,Armani Beauty,Fragrance,Women,186.0,4.6471,707,17.0,55.8
P505214,Armani Code Eau de Toilette,Armani Beauty,Fragrance,Men,99.0,4.75,213,20.0,29.7
P429271,Diamond Glow Powder,Artist Couture,Makeup,Face,27.0,4.5736,65209,333.0,11.34
P456967,Silk Cream Lipstick,Artist Couture,Makeup,Lip,18.0,3.9184,23753,49.0,7.56
P456966,Supreme Nudes Pressed Pigment Eyeshadow Palette,Artist Couture,Makeup,Eye,45.0,4.4454,21383,119.0,18.9
P451642,Plush Pout Lip Gloss,Artist Couture,Makeup,Lip,18.0,4.4222,12581,45.0,7.56
P484029,Silky Lip Oil,Artist Couture,Makeup,Lip,22.0,3.4375,8087,32.0,9.24
P476833,Mini Supreme Nudes Eyeshadow Palette: The Quickie,Artist Couture,Mini Size,Makeup,30.0,3.6667,7768,18.0,13.5
P473181,Supreme Bronze Eyeshadow & Pressed Pigment Palette,Artist Couture,Makeup,Eye,45.0,4.5882,7482,17.0,18.9
P482509,Supreme Mauves Eyeshadow & Pressed Pigment Palette,Artist Couture,Makeup,Eye,45.0,2.9333,6122,45.0,18.9
P479301,Stay Lit Liquid Eyeshadows,Artist Couture,Makeup,Eye,22.0,4.0,6040,11.0,9.24
P472308,Multi Use Beauty Setting Powder,Artist Couture,Makeup,Face,34.0,4.4,4179,15.0,14.28
P448851,Midnight Maven Eyeshadow Palette,Artist Couture,Makeup,Eye,29.0,4.7333,3505,30.0,12.18
P472307,Prep & Glow Blurring Perfection Primer,Artist Couture,Makeup,Face,32.0,3.9286,2370,14.0,13.44
P410197,Clémentine California Pure Perfume,Atelier Cologne,Fragrance,Women,142.0,4.4237,31186,668.0,42.6
P474814,Clémentine California Pure Perfume Limited Edition,Atelier Cologne,Fragrance,Women,142.0,,0,,42.6
P470506,The Cream Cleansing Gel with TFC8 Gentle Cleanser,Augustinus Bader,Skincare,Cleansers,70.0,4.4826,4123,661.0,26.6
P470509,The Rich Cream with TFC8 Face Moisturizer,Augustinus Bader,Skincare,Moisturizers,290.0,4.2312,16116,493.0,110.2
P470507,The Cream with TFC8 Face Moisturizer,Augustinus Bader,Skincare,Moisturizers,180.0,4.3605,11428,430.0,68.4
P500420,The Light Cream,Augustinus Bader,Skincare,Moisturizers,180.0,4.3196,1389,194.0,68.4
P482510,The Ultimate Soothing Cream,Augustinus Bader,Skincare,Moisturizers,290.0,4.65,1933,100.0,110.2
P475907,The Serum with  TFC8,Augustinus Bader,Skincare,Treatments,390.0,3.9877,2556,81.0,148.2
P475906,The Eye Cream with  TFC8,Augustinus Bader,Skincare,Eye Care,220.0,4.2267,2922,75.0,83.6
P503926,The Face Cream Mask,Augustinus Bader,Skincare,Masks,215.0,4.375,684,48.0,81.7
P470510,Mini The Rich Cream with TFC8 Face Moisturizer,Augustinus Bader,Skincare,Mini Size,92.0,3.6875,10759,32.0,34.96
P470508,Mini The Cream with TFC8 Face Moisturizer,Augustinus Bader,Skincare,Mini Size,92.0,3.7647,6863,17.0,34.96
P502588,The Eyebrow & Lash Enhancing Serum,Augustinus Bader,Makeup,Eye,150.0,4.5161,2470,31.0,63.0
P480154,The Scalp Treatment,Augustinus Bader,Hair,Hair Styling & Treatments,83.0,3.9785,1819,186.0,37.35
P482511,The Revitalizing Haircare System,Augustinus Bader,Hair,Value & Gift Sets,160.0,4.0,1671,4.0,72.0
P480152,The Shampoo,Augustinus Bader,Hair,Shampoo & Conditioner,57.0,3.8368,1330,190.0,25.65
P482661,The Essence,Augustinus Bader,Skincare,Treatments,93.0,4.5,2564,4.0,35.34
P502235,The Daily Essential Duo The Cream,Augustinus Bader,Skincare,Value & Gift Sets,305.0,4.0,2080,3.0,115.9
P480153,The Conditioner,Augustinus Bader,Hair,Shampoo & Conditioner,57.0,3.7714,879,175.0,25.65
P501140,The Body Cream,Augustinus Bader,Bath & Body,Body Moisturizers,185.0,4.3333,861,3.0,74.0
P504018,The Skin Renewal System,Augustinus Bader,Skincare,Value & Gift Sets,185.0,5.0,2331,2.0,70.3
P503815,The Most Wanted Parfum,Azzaro,Fragrance,Men,118.0,4.7413,1359,317.0,35.4
P503817,The Most Wanted Eau De Parfum Intense,Azzaro,Fragrance,Men,114.0,4.6892,1165,325.0,34.2
P460779,Skinlongevity Long Life Herb Anti-Aging Face Serum,bareMinerals,Skincare,Treatments,65.0,4.4339,7614,3727.0,24.7
P393356,COMPLEXION RESCUE Tinted Moisturizer with Hyaluronic Acid and Mineral SPF 30,bareMinerals,Makeup,Face,37.0,4.0038,227404,3957.0,15.54
P61004,Mineral Veil Talc Free Setting Powder,bareMinerals,Makeup,Face,33.0,4.5216,117617,5984.0,13.86
P410543,BAREPRO 16-HR Skin-Perfecting Powder Foundation,bareMinerals,Makeup,Face,38.0,4.0679,89419,427.0,15.96
P61005,Warmth All-Over Face Color Loose Bronzer,bareMinerals,Makeup,Face,25.0,4.5866,64159,3411.0,10.5
P469839,Gen Nude Blonzer Blush + Bronzer,bareMinerals,Makeup,Cheek,26.0,4.543,39865,256.0,10.92
P455324,Mineralist Hydra-Smoothing Lipstick,bareMinerals,Makeup,Lip,22.0,4.4602,39520,1873.0,9.24
P427652,Gen Nude Powder Blush,bareMinerals,Makeup,Cheek,26.0,4.6062,31318,193.0,10.92
P469847,Mineralist Lip Gloss Balm,bareMinerals,Makeup,Lip,22.0,4.6178,29479,225.0,9.24
P396527,Beautiful Finish Foundation Brush,bareMinerals,Makeup,Brushes & Applicators,35.0,4.2426,21973,169.0,14.7
P470512,Original Liquid Mineral Concealer,bareMinerals,Makeup,Face,28.0,4.3244,15997,706.0,11.76
P473848,Original Mineral Veil Pressed Setting Powder,bareMinerals,Makeup,Face,33.0,4.4453,13414,869.0,13.86
P461132,Strength & Length Serum-Infused Mascara,bareMinerals,Makeup,Eye,22.0,4.0557,10368,574.0,9.24
P473841,MINERALIST Eyeshadow Palette,bareMinerals,Makeup,Eye,32.0,4.1801,10113,161.0,13.44
P501215,Mineralist Lasting Matte Liquid Lipstick,bareMinerals,Makeup,Lip,22.0,4.655,9436,200.0,9.24
P473842,MINERALIST Lasting Eyeliner,bareMinerals,Makeup,Eye,21.0,4.4298,8893,228.0,8.82
P501217,Mineralist Lasting Lip Liner,bareMinerals,Makeup,Lip,21.0,4.6741,6415,135.0,8.82
P481951,MAXIMIST Phyto-Fiber Volumizing Mascara,bareMinerals,Makeup,Eye,22.0,4.044,2708,159.0,9.24
P502965,Mini MAXIMIST Phyto-Fiber Volumizing Mascara,bareMinerals,Mini Size,Makeup,13.0,1.8333,1448,6.0,5.85
P504122,PRIME TIME Original Pore-Minimizing Primer,bareMinerals,Makeup,Face,28.0,4.5278,999,72.0,11.76
P158509,Faux Tan Bronzer,bareMinerals,Makeup,Cheek,25.0,4.526,947,192.0,10.5
P504153,Mini PRIME TIME Original Pore-Minimizing Primer,bareMinerals,Makeup,Face,16.0,3.0,839,2.0,6.72
P438637,Bright Eyes Collagen-Infused Brightening Colloidal Silver Eye Masks,BeautyBio,Skincare,Eye Care,40.0,4.0594,16264,202.0,15.2
P455623,The ZenBubble Gel Cream,BeautyBio,Skincare,Moisturizers,69.0,4.4063,5539,192.0,26.22
P472448,Glass & Gloss 2-Step Facial Retexturizing & Brightening Treatment,BeautyBio,Skincare,Treatments,69.0,4.6354,4079,181.0,26.22
P477961,Get That Glow - GloPRO Facial Microneedling Discovery Set,BeautyBio,Skincare,Value & Gift Sets,199.0,4.7229,5836,166.0,75.62
P438631,The Sculptor with LipoCare Cellulite Smoothing Body Cream,BeautyBio,Bath & Body,Body Moisturizers,65.0,3.5333,7820,15.0,26.0
P463793,Healthy Scalp Hair Density& Clarifying Serum,BeautyBio,Hair,Hair Styling & Treatments,59.0,4.4729,7755,129.0,26.55
P438643,The Balance pH Balancing Gel Cleanser,BeautyBio,Skincare,Cleansers,39.0,4.4713,10844,87.0,14.82
P438628,Contouring + De-Puffing Rose Quartz Roller,BeautyBio,Skincare,Wellness,65.0,4.5833,18126,84.0,24.7
P438635,The Pout Sparkling Rosé Hyaluronic Acid Collagen Plumping Lip Serum,BeautyBio,Skincare,Lip Balms & Treatments,39.0,3.4268,15560,82.0,14.82
P481060,The Eyelighter Concentrate,BeautyBio,Skincare,Eye Care,58.0,4.6909,6812,55.0,22.04
P438648,The Quench Quadralipid Rapid Recovery Facial Moisturizer,BeautyBio,Skincare,Moisturizers,129.0,3.8462,5300,39.0,49.02
P503562,GLOfacial Hydro-Infusion Pore Cleansing + Blue LED Clarifying Tool,BeautyBio,Skincare,Value & Gift Sets,199.0,4.1212,7799,33.0,75.62
P444988,The Radiance Nourishing Body Oil with Jojoba + Apricot + Olive Oil,BeautyBio,Bath & Body,Body Moisturizers,60.0,4.2105,4084,19.0,24.0
P505145,ZenBubble Bi-Phase Toner Serum,BeautyBio,Skincare,Cleansers,49.0,4.6667,372,24.0,18.62
P467106,Cryo Skin Icing Dual-Ended Roller,BeautyBio,Skincare,High Tech Tools,85.0,4.4762,5219,21.0,32.3
P438642,GloPRO Prep Pads Clarifying Skin Cleansing Wipes with Peptides,BeautyBio,Skincare,Cleansers,39.0,3.5556,4747,18.0,14.82
P443810,The Daily Vitamin C Day Serum with Antioxidant Complex,BeautyBio,Skincare,Treatments,75.0,3.1176,2415,17.0,28.5
P438632,GloPRO BODY MicroTip Attachment Head,BeautyBio,Skincare,High Tech Tools,49.0,4.0714,14832,14.0,18.62
P463792,Rejuvenating Scalp + Fuller Hair Therapy Set,BeautyBio,Skincare,Value & Gift Sets,249.0,3.5385,5810,13.0,94.62
P443812,R45 The Lift 3-Phase Advanced Neck Contouring Treatment,BeautyBio,Skincare,Treatments,85.0,3.1667,2668,12.0,32.3
P463791,GloPRO SCALP MicroTip Attachment Head,BeautyBio,Skincare,High Tech Tools,59.0,4.2727,4954,11.0,22.42
P438629,The Radiance Brightening Vitamin E + Rosehip Seed Facial Oil,BeautyBio,Skincare,Moisturizers,70.0,4.1818,4050,11.0,26.6
P438640,The Nightly Retinol + Peptide Anti-Aging Serum,BeautyBio,Skincare,Treatments,95.0,3.7,5003,10.0,36.1
P467107,GloPRO Cryo Skin Icing Attachments,BeautyBio,Skincare,High Tech Tools,75.0,4.5,1960,10.0,28.5
P438634,GloPRO FACE MicroTip Attachment Head,BeautyBio,Skincare,High Tech Tools,39.0,3.6667,7926,9.0,14.82
P438638,GloPRO EYE MicroTip Attachment Head,BeautyBio,Skincare,High Tech Tools,39.0,2.5,4925,8.0,14.82
P503552,GLOfacial Clarifying Salicylic & Plumping Hyaluronic Acid Concentrate,BeautyBio,Skincare,Treatments,45.0,5.0,1715,8.0,17.1
P438630,Contouring + De-Puffing Rose Quartz GloPRO Attachment Head,BeautyBio,Skincare,High Tech Tools,49.0,4.1429,3334,7.0,18.62
P503560,GLOfacial Antimicrobial Treatment Tips + Cleaning Brush Accessories,BeautyBio,Skincare,High Tech Tools,30.0,5.0,1011,7.0,11.4
P502237,Head-To-Toe AfterGLO Set,BeautyBio,Skincare,Value & Gift Sets,199.0,4.3333,2634,6.0,75.62
P483141,The Quench Eye Reviving Quadralipid Eye Balm,BeautyBio,Skincare,Eye Care,99.0,4.0,1607,5.0,37.62
P483089,Eye Want It All Face + Eye Microneedling Set,BeautyBio,Skincare,Value & Gift Sets,249.0,3.5,1349,2.0,94.62
P500755,Cryo Skin Icing Roller + Bright Eyes Gels Set,BeautyBio,Skincare,High Tech Tools,100.0,,876,,38.0
P228913,ORIGINAL BEAUTYBLENDER Makeup Sponge,beautyblender,Makeup,Brushes & Applicators,20.0,4.4854,438045,9224.0,8.4
P379832,beautyblender pro,beautyblender,Makeup,Brushes & Applicators,20.0,4.4745,188419,2173.0,8.4
P433987,Bounce Liquid Whip Long Wear Foundation,beautyblender,Makeup,Face,29.0,4.074,126259,3042.0,12.18
P379449,blendercleanser solid,beautyblender,Makeup,Brushes & Applicators,18.0,4.6898,98295,3540.0,7.56
P434014,POWER POCKET PUFF Dual-Sided Powder Puff for Setting and Baking,beautyblender,Makeup,Brushes & Applicators,18.0,4.4909,97664,220.0,7.56
P405602,beautyblender nude,beautyblender,Makeup,Brushes & Applicators,20.0,4.372,70314,1449.0,8.4
P228914,liquid blendercleanser,beautyblender,Makeup,Brushes & Applicators,20.0,4.151,63143,980.0,8.4
P433996,Blender Defender beautyblender Protective Case,beautyblender,Makeup,Brushes & Applicators,12.0,4.252,39363,127.0,5.04
P477136,BOUNCE Always On Radiant Skin Tint,beautyblender,Makeup,Face,29.0,4.5068,36435,959.0,12.18
P471746,BESTIES Charcoal Blend & Cleanse Starter Set,beautyblender,Makeup,Value & Gift Sets,22.0,3.5111,32289,45.0,9.24
P455325,BOUNCE Airbrush Liquid Whip Concealer,beautyblender,Makeup,Face,26.0,4.1948,25725,878.0,10.92
P429235,BEAUTYBLUSHER Makeup Sponge,beautyblender,Makeup,Brushes & Applicators,16.0,3.4828,16875,58.0,6.72
P468345,Biopure Sustainable Green Makeup Sponge,beautyblender,Makeup,Brushes & Applicators,20.0,4.543,13422,3398.0,8.4
P475051,Bounce Liquid Whip Cream Blush,beautyblender,Makeup,Cheek,22.0,4.4324,8726,858.0,9.24
P504160,BESTIES GLITTER Blend & Cleanse Starter Set,beautyblender,Makeup,Value & Gift Sets,22.0,4.5287,7853,87.0,9.24
P484031,BOUNCE  Magic Fit Creamy Bronzer & Highlighter Duo,beautyblender,Makeup,Face,32.0,3.8805,6027,569.0,13.44
P500981,Dream Makeup Sponge,beautyblender,Makeup,Brushes & Applicators,20.0,4.0,5217,5.0,8.4
P471744,Blendercleanser Liquid Charcoal Unscented Sponge & Brush Cleanser,beautyblender,Makeup,Accessories,15.0,2.8333,4457,12.0,6.3
P449140,Big Boss Powder Brush & Cooling Roller,beautyblender,Makeup,Brushes & Applicators,60.0,4.2,3253,5.0,25.2
P449144,High Roller Crease Brush & Cooling Roller,beautyblender,Makeup,Brushes & Applicators,33.0,5.0,3039,1.0,13.86
P470004,BOUNCE  Soft Focus Gemstone Setting Powder,beautyblender,Makeup,Face,32.0,4.2329,2963,644.0,13.44
P505019,Main Squeeze Beauty Sponge and Cleanser Set,beautyblender,Makeup,Value & Gift Sets,35.0,4.9825,2892,57.0,14.7
P394639,The True Cream Aqua Bomb,belif,Skincare,Moisturizers,38.0,4.4841,265050,7292.0,14.44
P394624,The True Cream Moisturizing Bomb,belif,Skincare,Moisturizers,38.0,4.5631,151868,4523.0,14.44
P422905,Moisturizing Eye Bomb with Squalane,belif,Skincare,Eye Care,48.0,4.4641,101158,2965.0,18.24
P475908,Aqua Bomb Overnight Lip Mask,belif,Skincare,Lip Balms & Treatments,22.0,4.4068,13764,1964.0,8.36
P462336,Aqua Bomb Cleansing Balm,belif,Skincare,Cleansers,38.0,4.4598,14738,1331.0,14.44
P471535,Aqua Bomb Brightening Vitamin C Cream,belif,Skincare,Moisturizers,45.0,4.4992,19491,1242.0,17.1
P449175,Aqua Bomb Hydrating Toner,belif,Skincare,Cleansers,30.0,4.361,24132,1050.0,11.4
P433443,Aqua Bomb Sleeping Mask,belif,Skincare,Moisturizers,38.0,4.5147,47248,985.0,14.44
P444057,Aqua Bomb Jelly Cleanser,belif,Skincare,Cleansers,30.0,4.2943,17087,683.0,11.4
P500019,The True Cream - Aqua Bomb Sunscreen Broad Spectrum SPF 50,belif,Skincare,Sunscreen,38.0,4.5248,11146,423.0,14.44
P481952,Aqua Bomb Hydrating Body Moisturizer with Niacinamide and Hyaluronic Acid,belif,Bath & Body,Body Moisturizers,30.0,4.4958,6444,1067.0,12.0
P435801,Aqua Bomb Mist,belif,Skincare,Moisturizers,38.0,4.1042,12101,48.0,14.44
P504888,Aqua Bomb Protect & Glow Travel Kit,belif,Skincare,Value & Gift Sets,27.0,3.5,1088,2.0,10.26
P504852,Aqua Bomb Everyday Hydration Set,belif,Skincare,Value & Gift Sets,38.0,,1736,,14.44
P290636,Hoola Bronzer,Benefit Cosmetics,Makeup,Cheek,35.0,4.4756,380654,3278.0,14.7
P264900,The POREfessional Pore Minimizing Primer,Benefit Cosmetics,Makeup,Face,34.0,4.0466,323589,7708.0,14.28
P289307,They're Real! Lengthening Mascara,Benefit Cosmetics,Makeup,Eye,28.0,4.1242,308584,15756.0,11.76
P409239,Gimme Brow+ Tinted Volumizing Eyebrow Gel,Benefit Cosmetics,Makeup,Eye,26.0,4.3919,292562,5170.0,10.92
P408219,"Precisely, My Brow Pencil Waterproof Eyebrow Definer",Benefit Cosmetics,Makeup,Eye,25.0,4.5425,278187,5169.0,10.5
P392516,Roller Lash Curling & Lifting Mascara,Benefit Cosmetics,Makeup,Eye,28.0,4.1559,213327,6185.0,11.76
P1272,Benetint Liquid Lip Blush & Cheek Tint,Benefit Cosmetics,Makeup,Cheek,21.0,4.1869,166261,3675.0,8.82
P408218,Goof Proof Waterproof Easy Shape & Fill Eyebrow Pencil,Benefit Cosmetics,Makeup,Eye,25.0,4.3355,137430,1711.0,10.5
P440700,Mini Gimme Brow+ Tinted Volumizing Eyebrow Gel,Benefit Cosmetics,Makeup,Eye,15.0,4.0832,121605,661.0,6.3
P427517,BADgal BANG! Volumizing Mascara,Benefit Cosmetics,Makeup,Eye,28.0,3.7636,107810,5225.0,11.76
P409242,24-HR Brow Setter Clear Brow Gel with Lamination Effect,Benefit Cosmetics,Makeup,Eye,26.0,4.3455,95926,1583.0,10.92
P427712,"Mini Precisely, My Brow Pencil Waterproof Eyebrow Definer",Benefit Cosmetics,Mini Size,Makeup,15.0,4.4663,92185,1838.0,6.75
P447375,Cookie and Tickle Powder Highlighters,Benefit Cosmetics,Makeup,Face,35.0,4.7399,87043,273.0,14.7
P443327,Great Brow Basics Pencil & Gel Set,Benefit Cosmetics,Makeup,Value & Gift Sets,36.0,4.1325,84252,166.0,15.12
P38347,Dandelion Baby-Pink Blush,Benefit Cosmetics,Makeup,Cheek,18.0,4.4718,83967,1933.0,7.56
P425601,Mini The POREfessional Pore Minimizing Primer,Benefit Cosmetics,Mini Size,Makeup,14.0,4.0466,77467,7708.0,6.3
P500253,WANDERful World Silky-Soft Powder Blush,Benefit Cosmetics,Makeup,Cheek,31.0,4.6492,77016,2161.0,13.02
P1273,Boi-ing Industrial Strength Full Coverage Cream Concealer,Benefit Cosmetics,Makeup,Face,24.0,4.1724,71780,4895.0,10.08
P461925,Brow Microfilling Eyebrow Pen,Benefit Cosmetics,Makeup,Eye,25.0,3.2135,66699,1035.0,10.5
P450856,Mini 24-HR Brow Setter Clear Brow Gel with Lamination Effect,Benefit Cosmetics,Makeup,Eye,15.0,4.3125,60930,224.0,6.3
P448162,Boi-ing Cakeless Full Coverage Waterproof Liquid Concealer,Benefit Cosmetics,Makeup,Face,27.0,4.3136,50440,6681.0,11.34
P425947,Mini Roller Lash Curling & Lifting Mascara,Benefit Cosmetics,Mini Size,Makeup,15.0,4.1478,41189,372.0,6.75
P505031,The POREfessional Smooth Sip Lightweight Gel-Cream Moisturizer,Benefit Cosmetics,Skincare,Moisturizers,44.0,4.5975,736,718.0,16.72
P417320,Dandelion Twinkle Highlighter,Benefit Cosmetics,Makeup,Face,35.0,4.1111,40993,207.0,14.7
P428505,Mini BADgal BANG! Volumizing Mascara,Benefit Cosmetics,Mini Size,Makeup,15.0,3.8187,40352,491.0,6.75
P505023,The POREfessional Deep Retreat Pore-Clearing Clay Mask,Benefit Cosmetics,Skincare,Masks,39.0,4.766,1773,705.0,14.82
P505009,The POREfessional Tight ’n Toned Pore-Refining AHA+PHA Toner,Benefit Cosmetics,Skincare,Cleansers,34.0,4.6464,629,676.0,12.92
P440952,Mini Roller Liner Waterproof Liquid Eyeliner,Benefit Cosmetics,Makeup,Eye,12.0,3.6819,33363,349.0,5.04
P440951,Roller Liner Waterproof Liquid Eyeliner,Benefit Cosmetics,Makeup,Eye,22.0,4.0819,33026,1501.0,9.24
P425933,Mini Goof Proof Waterproof Easy Shape & Fill Eyebrow Pencil,Benefit Cosmetics,Makeup,Eye,15.0,4.2333,32221,210.0,6.3
P425953,Mini They're Real! Lengthening Mascara,Benefit Cosmetics,Mini Size,Makeup,15.0,3.9593,29906,393.0,6.75
P466656,The POREfessional: Super Setter Pore-Minimizing Setting Spray,Benefit Cosmetics,Makeup,Face,33.0,4.5921,26945,2167.0,13.86
P425923,Mini Dandelion Baby-Pink Blush,Benefit Cosmetics,Mini Size,Makeup,18.0,4.42,26463,100.0,8.1
P505024,The POREfessional Get Unblocked Makeup-Removing Cleansing Oil,Benefit Cosmetics,Skincare,Cleansers,39.0,4.6723,770,476.0,14.82
P505054,The POREfessional Speedy Smooth Mask,Benefit Cosmetics,Skincare,Masks,39.0,4.7134,1024,471.0,14.82
P505020,The POREfessional Good Cleanup Foaming Cleanser,Benefit Cosmetics,Skincare,Cleansers,29.0,4.6212,429,462.0,11.02
P429905,Mini Dandelion Twinkle Highlighter,Benefit Cosmetics,Mini Size,Makeup,18.0,3.8654,25362,156.0,8.1
P408312,BROWVO! Conditioning Eyebrow Primer,Benefit Cosmetics,Makeup,Eye,28.0,4.1545,23950,343.0,11.76
P474932,POWmade Waterproof Brow Pomade,Benefit Cosmetics,Makeup,Eye,23.0,4.6797,20549,1736.0,9.66
P466657,Mini The POREfessional: Super Setter Setting Spray,Benefit Cosmetics,Mini Size,Makeup,15.0,4.2647,20010,102.0,6.75
P482664,They're Real! Xtreme Precision Eye Liner,Benefit Cosmetics,Makeup,Eye,24.0,4.5414,19965,1232.0,10.08
P469203,They're Real! Magnet Extreme Lengthening Mascara,Benefit Cosmetics,Makeup,Eye,28.0,4.166,18387,4483.0,11.76
P503681,Fluff Up Brow Flexible Brow-Texturizing Wax,Benefit Cosmetics,Makeup,Eye,26.0,4.3003,13457,1412.0,10.92
P503687,Mini Fluff Up Brow Flexible Brow-Texturizing Wax,Benefit Cosmetics,Mini Size,Makeup,15.0,3.8824,13050,34.0,6.75
P500840,Gimme Brow+ Volumizing  Fiber Eyebrow Pencil,Benefit Cosmetics,Makeup,Eye,25.0,4.3776,12357,1205.0,10.5
P408313,All-Purpose Pencil Sharpener,Benefit Cosmetics,Tools & Brushes,Beauty Tools,5.0,4.2703,11922,74.0,2.5
P475910,High Brow Dual Ended Highlighting Eyebrow Pencil,Benefit Cosmetics,Makeup,Eye,25.0,3.9286,11755,14.0,10.5
P408314,Grooming Tweezer & Brush,Benefit Cosmetics,Tools & Brushes,Beauty Tools,20.0,4.3182,11374,44.0,10.0
P469438,Mini They're Real! Magnet Extreme Lengthening Mascara,Benefit Cosmetics,Makeup,Eye,15.0,4.1254,11364,4672.0,6.3
P501450,Letters to Lashes Mascara Set,Benefit Cosmetics,Makeup,Eye,42.0,4.8462,11050,13.0,17.64
P457461,Gimme Brow+ Volumizing Eyebrow Gel Jumbo,Benefit Cosmetics,Makeup,Eye,40.0,4.2093,9246,43.0,16.8
P453917,Mini The POREfessional Hydrating Primer,Benefit Cosmetics,Makeup,Face,14.0,3.7234,8461,47.0,5.88
P447358,Mini Hello Happy Flawless Brightening Foundation SPF 15,Benefit Cosmetics,Makeup,Face,15.0,3.7407,8226,27.0,6.3
P447122,Hello Happy Velvet Powder Foundation,Benefit Cosmetics,Makeup,Face,30.0,2.6667,7565,96.0,12.6
P447371,BADgal BANG! 24-Hour Waterproof Eyeliner,Benefit Cosmetics,Makeup,Eye,22.0,3.8421,7560,38.0,9.24
P453269,The POREfessional Hydrating Primer,Benefit Cosmetics,Makeup,Face,34.0,4.2353,7461,442.0,14.28
P502233,Mini Roller Express Curling Mascara & Liquid Eyeliner Set,Benefit Cosmetics,Mini Size,Value & Gift Sets,15.0,4.6,7264,5.0,6.75
P447121,Hello Happy Flawless Brightening Foundation SPF 15,Benefit Cosmetics,Makeup,Face,15.0,3.8846,6746,78.0,6.3
P484032,BADgal BANG! Volumizing Waterproof Mascara,Benefit Cosmetics,Makeup,Eye,28.0,3.3673,6529,49.0,11.76
P475911,Brow Pomade Eyebrow Brush,Benefit Cosmetics,Makeup,Eye,18.0,4.5,5404,12.0,7.56
P479828,The POREfessional: Mini Lite Primer Water-Based Pore Primer,Benefit Cosmetics,Mini Size,Makeup,14.0,3.8333,4968,12.0,6.3
P500099,"Multitasking Cheek Brush for Powder Blush, Bronzer & Highlighter",Benefit Cosmetics,Makeup,Brushes & Applicators,32.0,2.0,4064,2.0,13.44
P479827,The POREfessional: Lite Primer Water-Based Pore Primer,Benefit Cosmetics,Makeup,Face,34.0,4.1515,3791,1010.0,14.28
P501426,Mini Gimme Brow + Volumizing Fiber Eyebrow Pencil,Benefit Cosmetics,Mini Size,Makeup,15.0,4.4,3656,95.0,6.75
P501435,Gimme Brow Goals Volumizing Brow Gel & Pencil Duo,Benefit Cosmetics,Makeup,Value & Gift Sets,27.0,4.0,3154,2.0,11.34
P447368,Hello Happy Flawless Brightening Foundation,Benefit Cosmetics,Makeup,Face,30.0,3.2258,2168,31.0,12.6
P504131,BADgal Goodies Volumizing Mascara Value Set,Benefit Cosmetics,Makeup,Eye,29.0,3.0,2052,2.0,12.18
P502816,Mascara Power Pair Extreme Lengthening Mascara Set,Benefit Cosmetics,Makeup,Eye,27.0,,1765,,11.34
P505006,Mini The POREfessional Deep Retreat Pore-Clearing Clay Mask,Benefit Cosmetics,Mini Size,Skincare,20.0,4.766,1500,705.0,9.0
P504136,Get REAL Duo Lengthening Mascara Value Set,Benefit Cosmetics,Makeup,Eye,29.0,,1000,,12.18
P505033,Mini The POREfessional Package Deal pore primer & pore care value set,Benefit Cosmetics,Mini Size,Value & Gift Sets,34.0,,539,,15.3
P505052,Mini The POREfessional Tight ’n Toned Pore-Refining AHA+PHA Toner,Benefit Cosmetics,Mini Size,Skincare,19.0,4.6464,490,676.0,8.55
P505026,Mini The POREfessional Get Unblocked Makeup-Removing Cleansing Oil,Benefit Cosmetics,Mini Size,Skincare,18.0,4.6723,432,476.0,8.1
P505007,Mini The POREfessional Good Cleanup Foaming Cleanser,Benefit Cosmetics,Mini Size,Skincare,15.0,4.6212,269,462.0,6.75
P418120,Scorza Di Sicilia,BERDOUES,Fragrance,Women,88.0,3.4286,985,7.0,26.4
P406232,"10X Pro Styling Iron 1""",Bio Ionic,Hair,Tools,239.0,4.2816,14851,206.0,107.55
P406532,"Long Barrel Styler Pro Curling Iron 1""",Bio Ionic,Hair,Tools,149.0,4.4684,13808,79.0,67.05
P474019,Long Barrel Curling Iron 1.25' NanoIonic MX,Bio Ionic,Hair,Tools,149.0,4.1667,11040,24.0,67.05
P414981,"Eternity Wand Pro Styling Wand 1""",Bio Ionic,Hair,Value & Gift Sets,129.0,4.18,8572,50.0,58.05
P393317,10X Ultralight Speed Dryer,Bio Ionic,Hair,Tools,299.0,4.3143,7413,140.0,134.55
P406533,Universal Diffuser,Bio Ionic,Hair,Tools,24.0,3.6852,6582,54.0,10.8
P421270,Power Diva Pro Style Dryer,Bio Ionic,Hair,Tools,159.0,3.1724,3914,29.0,71.55
P442577,GrapheneMX Boar Styling Brush,Bio Ionic,Hair,Tools,42.0,3.5652,3691,23.0,18.9
P442579,"GrapheneMX Curling Iron 1.25""",Bio Ionic,Hair,Tools,159.0,3.4667,3221,15.0,71.55
P460859,Oval Curling Iron One Pass,Bio Ionic,Hair,Tools,119.0,3.8889,2035,9.0,53.55
P442581,"GrapheneMX Styling Iron 1""",Bio Ionic,Hair,Tools,219.0,3.25,1213,8.0,98.55
P442580,GrapheneMX Professional Dryer,Bio Ionic,Hair,Tools,245.0,3.8333,1069,6.0,110.25
P460864,"OnePass 1"" Styling Iron",Bio Ionic,Hair,Tools,199.0,2.75,840,8.0,89.55
P433887,Squalane + Omega Repair Deep Hydration Moisturizer,Biossance,Skincare,Moisturizers,60.0,4.2101,76514,2089.0,22.8
P416563,Squalane + Vitamin C Rose Firming Oil,Biossance,Skincare,Moisturizers,74.0,4.3483,167407,1470.0,28.12
P447210,Squalane + Marine Algae Firming & Lifting Eye Cream,Biossance,Skincare,Eye Care,56.0,4.1436,92333,1010.0,21.28
P453224,Squalane + 10% Lactic Acid Resurfacing Serum,Biossance,Skincare,Treatments,65.0,4.3965,72034,966.0,24.7
P416561,Squalane + Probiotic Balancing Gel Moisturizer,Biossance,Skincare,Moisturizers,54.0,4.0924,58788,714.0,20.52
P416562,Squalane + Peptide Brightening & De-Puffing Eye Gel,Biossance,Skincare,Eye Care,56.0,3.6371,59273,653.0,21.28
P456410,Squalane + Zinc Sheer Mineral Sunscreen SPF 30 PA +++,Biossance,Skincare,Sunscreen,34.0,3.8812,54584,648.0,12.92
P416560,Squalane + Antioxidant Makeup Removing Cleansing Oil,Biossance,Skincare,Cleansers,32.0,4.0203,51767,639.0,12.16
P467110,Squalane + 10% Vitamin C Dark Spot Serum,Biossance,Skincare,Treatments,65.0,4.3465,44580,635.0,24.7
P471003,Squalane + BHA Pore-Minimizing Toner,Biossance,Skincare,Cleansers,30.0,4.4309,52399,608.0,11.4
P474304,Squalane + Amino Aloe Gentle Pore-Minimizing Cleanser,Biossance,Skincare,Cleansers,28.0,4.4072,39366,528.0,10.64
P479304,Squalane + Copper Peptide Rapid Plumping Serum,Biossance,Skincare,Treatments,68.0,4.4721,47526,519.0,25.84
P416564,100% Sugarcane Squalane Oil,Biossance,Skincare,Moisturizers,34.0,4.5336,69489,476.0,12.92
P474022,Squalane + Caffeine Toning Body Cream,Biossance,Bath & Body,Body Moisturizers,30.0,4.6023,25520,176.0,12.0
P503642,Squalane + Vitamin C Rose Brightening Moisturizer,Biossance,Skincare,Moisturizers,56.0,4.4234,11500,333.0,21.28
P469439,Squalane+ Rose Vegan Lip Balm,Biossance,Skincare,Lip Balms & Treatments,16.0,3.8809,29662,277.0,6.08
P462829,Squalane + Elderberry Nourishing Jelly Cleanser,Biossance,Skincare,Cleansers,28.0,3.6441,21228,236.0,10.64
P501213,Squalane + Retinol Night Serum,Biossance,Skincare,Treatments,72.0,4.4742,12007,213.0,27.36
P483650,Squalane + Enzyme Sugar Body Scrub,Biossance,Bath & Body,Bath & Shower,28.0,4.3158,9831,19.0,11.2
P480278,Rapid Radiance Set,Biossance,Skincare,Value & Gift Sets,35.0,4.1324,55347,136.0,13.3
P429659,Squalane + Hyaluronic Toning Mist,Biossance,Skincare,Moisturizers,32.0,4.2551,28719,98.0,12.16
P484033,Mini Squalane + Vitamin C Rose Firming Oil,Biossance,Skincare,Moisturizers,40.0,4.15,22591,40.0,15.2
P480280,Mini Squalane + Omega Repair Deep Hydration Moisturizer,Biossance,Skincare,Moisturizers,20.0,3.2333,14541,30.0,7.6
P480279,Radiantly Rose Duo Set,Biossance,Skincare,Value & Gift Sets,25.0,3.7,10973,10.0,9.5
P503892,Instant Hydration Set,Biossance,Skincare,Value & Gift Sets,74.0,3.6667,3629,3.0,28.12
P377750,Amplified Tubing Mascara,Blinc,Makeup,Eye,26.0,3.6518,26153,1617.0,10.92
P46017,Original Tubing Mascara,Blinc,Makeup,Eye,26.0,4.0287,26089,4075.0,10.92
P385531,Lash Primer,Blinc,Makeup,Eye,26.0,4.0167,6063,60.0,10.92
P501265,Lash Extension Tubing Mascara,Blinc,Makeup,Eye,26.0,3.7941,5598,34.0,10.92
P471004,UltraVolume Tubing Mascara,Blinc,Makeup,Eye,26.0,3.3794,4488,253.0,10.92
P270594,Vitamin Enriched Face Base Priming Moisturizer,Bobbi Brown,Skincare,Moisturizers,66.0,4.6058,171118,3440.0,25.08
P378145,Long-Wear Cream Eyeshadow Stick,Bobbi Brown,Makeup,Eye,32.0,4.6703,189954,2487.0,13.44
P270539,Long-Wear Gel Eyeliner,Bobbi Brown,Makeup,Eye,32.0,4.2431,129177,2620.0,13.44
P270555,Under Eye Corrector,Bobbi Brown,Makeup,Face,33.0,4.4694,113987,2499.0,13.86
P401602,Highlighting Powder,Bobbi Brown,Makeup,Face,52.0,4.5736,93921,795.0,21.84
P431505,Mini Vitamin Enriched Face Base Priming Moisturizer,Bobbi Brown,Mini Size,Skincare,24.0,4.5871,85824,3577.0,10.8
P427430,Skin Long-Wear Weightless Foundation SPF 15,Bobbi Brown,Makeup,Face,52.0,4.4647,79100,2877.0,21.84
P270549,Skin Foundation Stick,Bobbi Brown,Makeup,Face,52.0,4.1852,76696,1231.0,21.84
P422224,Crushed Lip Color,Bobbi Brown,Makeup,Lip,32.0,4.4059,68461,441.0,13.44
P400625,Luxe Lipstick,Bobbi Brown,Makeup,Lip,40.0,4.4961,66270,256.0,16.8
P439913,Crushed Liquid Lipstick,Bobbi Brown,Makeup,Lip,32.0,4.4202,65660,802.0,13.44
P270545,Shimmer Brick Highlighter,Bobbi Brown,Makeup,Face,52.0,4.4031,61838,655.0,21.84
P270548,Bronzer,Bobbi Brown,Makeup,Cheek,46.0,4.6209,53605,604.0,19.32
P404241,Extra Lip Tint,Bobbi Brown,Makeup,Lip,35.0,4.3542,51136,240.0,14.7
P454116,Crushed Oil-Infused Gloss,Bobbi Brown,Makeup,Lip,32.0,4.7558,50752,868.0,13.44
P270551,Skin Foundation SPF 15,Bobbi Brown,Makeup,Face,52.0,4.0718,48205,1114.0,21.84
P434532,Mini Highlighting Powder,Bobbi Brown,Mini Size,Makeup,25.0,4.1452,47907,62.0,11.25
P270540,Sheer Finish Pressed Setting Powder,Bobbi Brown,Makeup,Face,46.0,4.5382,33807,249.0,19.32
P270580,Ultra Fine Eye Liner Brush,Bobbi Brown,Makeup,Brushes & Applicators,31.0,4.5546,31922,366.0,13.02
P480282,Skin Corrector Stick,Bobbi Brown,Makeup,Face,33.0,4.7367,26936,771.0,13.86
P385586,Perfectly Defined Gel Eyeliner,Bobbi Brown,Makeup,Eye,32.0,4.0047,24171,212.0,13.44
P434383,Luxe Matte Lipstick,Bobbi Brown,Makeup,Lip,38.0,4.2719,24078,114.0,15.96
P382581,Smokey Eye Mascara,Bobbi Brown,Makeup,Eye,34.0,4.3333,22268,501.0,14.28
P270544,Hydrating Eye Cream,Bobbi Brown,Skincare,Eye Care,58.0,4.099,21441,404.0,22.04
P422076,Mini Shimmer Brick Highlighter,Bobbi Brown,Mini Size,Makeup,25.0,4.3883,21507,667.0,11.25
P480281,Skin Concealer Stick,Bobbi Brown,Makeup,Face,33.0,4.6413,21359,446.0,13.86
P270559,Beach Fragrance,Bobbi Brown,Fragrance,Women,82.0,4.0987,17977,476.0,24.6
P501412,Skin Full Cover Concealer,Bobbi Brown,Makeup,Face,33.0,4.6893,17491,1429.0,13.86
P420900,Instant Full Cover Concealer,Bobbi Brown,Makeup,Face,32.0,3.4195,15705,267.0,13.44
P503555,Mini Out All-Night Long-Wear Cream Eyeshadow Stick Set,Bobbi Brown,Makeup,Eye,30.0,4.4,15615,5.0,12.6
P445416,Vitamin Enriched Face Base & Skin Long Wear Foundation Customizable Set,Bobbi Brown,Makeup,Face,72.0,4.0,14844,31.0,30.24
P465745,Intensive Serum Foundation SPF 40,Bobbi Brown,Makeup,Face,75.0,4.4383,14238,235.0,31.5
P462339,Vitamin Enriched Eye Base,Bobbi Brown,Skincare,Eye Care,58.0,4.639,24532,241.0,22.04
P390431,Full Coverage Face Brush,Bobbi Brown,Makeup,Brushes & Applicators,55.0,4.5851,13745,94.0,23.1
P270543,Hydrating Face Cream Moisturizer,Bobbi Brown,Skincare,Moisturizers,66.0,4.2188,14373,224.0,25.08
P455195,Skin Long-Wear Fluid Powder Foundation SPF 20,Bobbi Brown,Makeup,Face,40.0,3.8099,11848,121.0,16.8
P388664,Skin Weightless Powder Foundation,Bobbi Brown,Makeup,Face,52.0,3.8897,11514,136.0,21.84
P392648,Extra Illuminating Moisture Balm,Bobbi Brown,Skincare,Moisturizers,74.0,3.3697,10298,165.0,28.12
P432842,Primer Plus Mattifier,Bobbi Brown,Makeup,Face,42.0,4.3692,9886,260.0,17.64
P383334,No Smudge Mascara,Bobbi Brown,Makeup,Eye,34.0,3.9298,7720,114.0,14.28
P504216,Extra Plump Hydrating Lip Serum,Bobbi Brown,Makeup,Lip,35.0,3.7778,7142,9.0,14.7
P403974,Eye Opening Mascara,Bobbi Brown,Makeup,Eye,34.0,3.2847,6861,418.0,14.28
P502815,Extra Lip Tint Duo Set,Bobbi Brown,Makeup,Lip,34.0,4.2,5181,5.0,14.28
P500606,Crushed Oil-Infused Gloss Shimmer,Bobbi Brown,Makeup,Lip,32.0,3.6667,4526,6.0,13.44
P446518,Soothing Face Cleanser Oil,Bobbi Brown,Skincare,Cleansers,53.0,4.4063,10137,32.0,20.14
P468634,Vitamin Enriched Face Base Jumbo,Bobbi Brown,Skincare,Moisturizers,99.0,4.84,17355,25.0,37.62
P481954,Check Your Bases Vitamin Enriched Face Base Set,Bobbi Brown,Makeup,Value & Gift Sets,92.0,,2936,,38.64
P455332,Hydrating Water Fresh Cream Moisturizer,Bobbi Brown,Skincare,Moisturizers,66.0,4.3333,3974,18.0,25.08
P504597,Mini Long-Wear Cream Eyeshadow Stick Duo Set,Bobbi Brown,Mini Size,Makeup,25.0,2.5,2725,4.0,11.25
P270600,Extra Eye Repair Cream Intense,Bobbi Brown,Skincare,Eye Care,86.0,3.3636,12571,11.0,32.68
P503887,Long-Wear Cream Eyeshadow Stick Limited Edition,Bobbi Brown,Makeup,Eye,32.0,4.3333,2047,3.0,13.44
P474024,Micro Waterproof Eyebrow Pencil,Bobbi Brown,Makeup,Eye,35.0,3.6667,1776,9.0,14.7
P504452,Mini Must Haves Skincare Set,Bobbi Brown,Skincare,Mini Size,25.0,3.4286,4452,7.0,9.5
P395507,Extra Repair Moisture Cream,Bobbi Brown,Skincare,Moisturizers,110.0,4.5,3331,2.0,41.8
P504080,Limited Edition Lunar New Year Sheer Finish Pressed Powder,Bobbi Brown,Makeup,Face,46.0,5.0,782,1.0,19.32
P501695,Perfume Sampler Set,Bon Parfumeur,Fragrance,Value & Gift Sets,25.0,5.0,2914,4.0,7.5
P501700,"203 Raspberry, Vanilla and Blackberry Eau de Parfum Travel Spray",Bon Parfumeur,Fragrance,Women,34.0,3.1667,1609,6.0,10.2
P501413,"103 Tiare Flower, Jasmine and Hibiscus Eau de Parfum",Bon Parfumeur,Fragrance,Women,107.0,4.6,1464,5.0,32.1
P501694,"203 Raspberry, Vanilla and Blackberry Eau de Parfum",Bon Parfumeur,Fragrance,Women,107.0,4.1667,1146,6.0,32.1
P501422,"103 Tiare Flower, Jasmine and Hibiscus Eau de Parfum Travel Spray",Bon Parfumeur,Fragrance,Women,34.0,3.5,1086,4.0,10.2
P501716,"202 Watermelon, Red Currant and Jasmine Eau de Parfum Travel Spray",Bon Parfumeur,Fragrance,Women,34.0,4.3333,954,3.0,10.2
P501696,"002 Neroli, Jasmine and White Amber Eau de Parfum Travel Spray",Bon Parfumeur,Fragrance,Women,34.0,5.0,836,2.0,10.2
P501709,"202 Watermelon, Red Currant and Jasmine Eau de Parfum",Bon Parfumeur,Fragrance,Women,107.0,4.5,809,6.0,32.1
P501728,"001 Orange Blossom, Petitgrain and Bergamot Eau de Parfum Travel Spray",Bon Parfumeur,Fragrance,Women,34.0,5.0,806,1.0,10.2
P501687,"002 Neroli, Jasmine and White Amber Eau de Parfum",Bon Parfumeur,Fragrance,Women,107.0,5.0,762,3.0,32.1
P501723,"802 Peony, Lotus and Bamboo Eau de Parfum Travel Spray",Bon Parfumeur,Fragrance,Women,53.0,5.0,673,4.0,15.9
P501715,"801 Sea Spray, Cedar and Grapefruit Eau de Parfum Travel Spray",Bon Parfumeur,Fragrance,Women,34.0,5.0,647,2.0,10.2
P501719,"001 Orange Blossom, Petitgrain and Bergamot Eau de Parfum",Bon Parfumeur,Fragrance,Women,107.0,4.75,646,4.0,32.1
P501699,"802 Peony, Lotus and Bamboo Eau de Parfum",Bon Parfumeur,Fragrance,Women,107.0,5.0,627,5.0,32.1
P501697,"501 Praline, Licorice and Patchouli Eau de Parfum Travel Spray",Bon Parfumeur,Fragrance,Women,34.0,3.5,623,2.0,10.2
P501685,"501 Praline, Licorice and Patchouli Eau de Parfum",Bon Parfumeur,Fragrance,Women,107.0,4.75,550,4.0,32.1
P501711,"801 Sea Spray, Cedar and Grapefruit Eau de Parfum",Bon Parfumeur,Fragrance,Women,107.0,5.0,441,3.0,32.1
P475063,Intensive Leave-In Scalp Spray Treatment for Thinning Hair,BondiBoost,Hair,Hair Styling & Treatments,19.95,4.3724,27920,196.0,8.98
P475066,Thermal and Heat Protectant Hair Spray,BondiBoost,Hair,Hair Styling & Treatments,19.95,4.6308,20633,130.0,8.98
P500759,Hair Thickening Therapy Shampoo,BondiBoost,Hair,Shampoo & Conditioner,29.95,4.7835,17937,679.0,13.48
P475059,HG Shampoo for Thinning Hair,BondiBoost,Hair,Shampoo & Conditioner,29.95,4.3175,16087,781.0,13.48
P475064,Miracle Mask for Thinning Hair,BondiBoost,Hair,Hair Styling & Treatments,27.99,4.6628,13577,261.0,12.6
P475058,HG Conditioner for Thinning Hair,BondiBoost,Hair,Shampoo & Conditioner,29.95,4.7694,12561,516.0,13.48
P475065,Procapil Hair Tonic for Thinning Hair,BondiBoost,Hair,Hair Styling & Treatments,21.99,4.4111,12028,90.0,9.9
P500715,Hair Thickening Therapy Conditioner,BondiBoost,Hair,Shampoo & Conditioner,29.95,4.8842,11469,570.0,13.48
P500723,Hair Thickening Therapy Mask,BondiBoost,Hair,Hair Styling & Treatments,29.95,4.9249,11214,253.0,13.48
P500749,Hair Thickening Therapy Styling Spray,BondiBoost,Hair,Hair Styling & Treatments,27.99,4.8726,11008,259.0,12.6
P500714,Elixir Hair Oil Treatment with Castor Oil,BondiBoost,Hair,Hair Styling & Treatments,19.95,4.9211,9613,266.0,8.98
P475062,Rapid Repair Serum for Damaged Hair,BondiBoost,Hair,Hair Styling & Treatments,27.99,4.8621,9283,435.0,12.6
P475061,Rapid Repair Strengthening Shampoo,BondiBoost,Hair,Shampoo & Conditioner,23.95,4.5908,8244,523.0,10.78
P475074,Detox Salt Scrub for Dry & Flaky Scalp,BondiBoost,Hair,Hair Styling & Treatments,24.99,4.8283,7684,99.0,11.25
P475060,Rapid Repair Strengthening Conditioner,BondiBoost,Hair,Shampoo & Conditioner,23.95,4.7783,7111,469.0,10.78
P501404,Rapid Repair Hair Mask,BondiBoost,Hair,Hair Styling & Treatments,29.95,4.9937,6772,158.0,13.48
P475073,Volumising Sea Salt and Texture Spray,BondiBoost,Hair,Hair Styling & Treatments,21.0,4.6852,6317,54.0,9.45
P475068,Blonde Baby Hydrating Toning Purple Shampoo,BondiBoost,Hair,Shampoo & Conditioner,29.95,4.8884,3804,242.0,13.48
P475070,Curl Boss Frizz Fighting and Curl Defining Styling Cream,BondiBoost,Hair,Hair Styling & Treatments,27.99,4.83,3403,200.0,12.6
P504000,Flyaway Fix Anti-Frizz Finishing Serum Wand,BondiBoost,Hair,Hair Styling & Treatments,23.95,4.5238,2803,42.0,10.78
P475071,Curl Boss Frizz Fighting and Curl Defining Conditioner,BondiBoost,Hair,Shampoo & Conditioner,29.95,4.8673,2779,196.0,13.48
P504427,Thickening Therapy Shampoo & Conditioner Duo,BondiBoost,Hair,Value & Gift Sets,49.95,4.7636,2687,55.0,22.48
P475069,Blonde Baby Hydrating Toning Purple Conditioner,BondiBoost,Hair,Shampoo & Conditioner,29.95,4.9518,2632,228.0,13.48
P475067,Blonde Baby Hydrating Toning Purple Hair Mask,BondiBoost,Hair,Hair Styling & Treatments,27.99,4.8756,2596,217.0,12.6
P475072,Curl Boss Frizz Fighting and Curl Defining Shampoo,BondiBoost,Hair,Shampoo & Conditioner,29.95,4.6927,2503,205.0,13.48
P504010,Heavenly Hydration Shampoo,BondiBoost,Hair,Shampoo & Conditioner,29.99,4.8056,1885,108.0,13.5
P504004,Heavenly Hydration Pre-Shampoo Hair Oil,BondiBoost,Hair,Hair Styling & Treatments,29.99,4.9109,1884,101.0,13.5
P504418,HG Shampoo & Conditioner Duo for Thinning Hair,BondiBoost,Hair,Value & Gift Sets,49.95,4.4,1617,30.0,22.48
P504024,Heavenly Hydration Conditioner,BondiBoost,Hair,Shampoo & Conditioner,29.99,4.8785,1596,107.0,13.5
P504027,Heavenly Hydration Hair Mask,BondiBoost,Hair,Hair Styling & Treatments,29.99,4.9818,1549,110.0,13.5
P504009,Frizz Fix Serum,BondiBoost,Hair,Hair Styling & Treatments,23.99,4.9412,1244,119.0,10.8
P504014,Anti-Frizz Shampoo,BondiBoost,Hair,Shampoo & Conditioner,29.99,4.9053,727,95.0,13.5
P504019,Anti-Frizz Hair Mask,BondiBoost,Hair,Hair Styling & Treatments,29.99,5.0,596,13.0,13.5
P504005,Anti-Frizz Conditioner,BondiBoost,Hair,Shampoo & Conditioner,29.99,4.9111,581,90.0,13.5
P501710,Fragrance Discovery Set,Boy Smells,Fragrance,Value & Gift Sets,25.0,4.537,9084,54.0,7.5
P501733,Woodphoria Eau de Parfum Travel Spray,Boy Smells,Fragrance,Women,30.0,4.5268,4216,112.0,9.0
P501743,Slow Burn Candle,Boy Smells,Fragrance,Candles & Home Scents,52.0,3.8571,3769,7.0,15.6
P501742,LES Candle,Boy Smells,Fragrance,Candles & Home Scents,38.0,4.6545,3624,55.0,11.4
P504205,LES Eau de Parfum Travel Spray,Boy Smells,Fragrance,Women,30.0,3.625,3207,8.0,9.0
P504201,LES Eau de Parfum,Boy Smells,Fragrance,Women,98.0,3.7,2733,10.0,29.4
P501729,Woodphoria Eau de Parfum,Boy Smells,Fragrance,Women,98.0,4.5268,2516,112.0,29.4
P501703,"Cameo, Hinoki Fantôme, LES Mini Candle Trio Set",Boy Smells,Fragrance,Candles & Home Scents,58.0,4.9149,2238,47.0,17.4
P501764,Cashmere Kush Candle,Boy Smells,Fragrance,Candles & Home Scents,38.0,2.0,1706,1.0,11.4
P501212,Mini Candle Trio Set,Boy Smells,Fragrance,Candles & Home Scents,66.0,2.5,1562,2.0,19.8
P501740,Hinoki Fantôme Candle,Boy Smells,Fragrance,Candles & Home Scents,38.0,4.6727,1471,55.0,11.4
P501736,Cashmere Kush Eau de Parfum Travel Spray,Boy Smells,Fragrance,Women,30.0,4.3171,1468,41.0,9.0
P501767,Flor de la Virgen Eau de Parfum Travel Spray,Boy Smells,Fragrance,Women,30.0,4.4242,1458,66.0,9.0
P501746,Marble Fruit Eau de Parfum Travel Spray,Boy Smells,Fragrance,Women,30.0,4.4318,1410,44.0,9.0
P501753,Copal Fantome Candle,Boy Smells,Fragrance,Candles & Home Scents,44.0,5.0,1328,2.0,13.2
P501690,Flor de la Virgen Eau de Parfum,Boy Smells,Fragrance,Women,98.0,4.4242,1283,66.0,29.4
P501718,Broken Rosary Candle,Boy Smells,Fragrance,Candles & Home Scents,44.0,5.0,1252,1.0,13.2
P501712,Marble Fruit Eau de Parfum,Boy Smells,Fragrance,Women,98.0,4.4318,1132,44.0,29.4
P501704,Hinoki Fantôme Eau de Parfum Travel Spray,Boy Smells,Fragrance,Women,30.0,4.3596,1122,89.0,9.0
P501720,Polyamberous Candle,Boy Smells,Fragrance,Candles & Home Scents,48.0,4.3333,1119,6.0,14.4
P501750,Kush Candle,Boy Smells,Fragrance,Candles & Home Scents,38.0,,1038,,11.4
P501737,Cedar Stack Candle,Boy Smells,Fragrance,Candles & Home Scents,38.0,4.6222,992,45.0,11.4
P501739,Cameo Candle,Boy Smells,Fragrance,Candles & Home Scents,38.0,4.7045,978,44.0,11.4
P501724,Thé Fantôme Candle,Boy Smells,Fragrance,Candles & Home Scents,44.0,3.2,955,5.0,13.2
P501757,Incensorial Candle,Boy Smells,Fragrance,Candles & Home Scents,44.0,,949,,13.2
P501701,Cashmere Kush Eau de Parfum,Boy Smells,Fragrance,Women,98.0,4.3171,948,41.0,29.4
P501770,Figurare Candle,Boy Smells,Fragrance,Candles & Home Scents,44.0,,895,,13.2
P501754,Lanai Candle,Boy Smells,Fragrance,Candles & Home Scents,38.0,5.0,814,1.0,11.4
P501730,Hinoki Fantôme Eau de Parfum,Boy Smells,Fragrance,Women,98.0,4.3596,811,89.0,29.4
P501735,Neopeche Candle,Boy Smells,Fragrance,Candles & Home Scents,48.0,3.3333,609,3.0,14.4
P501702,Fleurshadow Candle,Boy Smells,Fragrance,Candles & Home Scents,48.0,,598,,14.4
P460551,Hair Oil  Everyday Gloss,BREAD BEAUTY SUPPLY,Hair,Hair Styling & Treatments,24.0,4.0785,23261,293.0,10.8
P467938,Mini Everyday Hair Gloss Oil,BREAD BEAUTY SUPPLY,Hair,Hair Styling & Treatments,14.0,4.0785,11544,293.0,6.3
P476477,Oil-Duo: For Your Hair & Body,BREAD BEAUTY SUPPLY,Hair,Value & Gift Sets,28.0,4.1667,8090,12.0,12.6
P477820,Scalp-Serum: Cooling Greens Exfoliating Scalp Treatment,BREAD BEAUTY SUPPLY,Hair,Hair Styling & Treatments,28.0,3.9688,8022,32.0,12.6
P477797,Mud-Mask: Hair & Scalp Detoxifying Pre-Wash Clay Treatment,BREAD BEAUTY SUPPLY,Hair,Hair Styling & Treatments,34.0,4.8269,7877,52.0,15.3
P460550,Hair Mask Creamy Deep Conditioner,BREAD BEAUTY SUPPLY,Hair,Shampoo & Conditioner,28.0,4.4943,7640,87.0,12.6
P473264,Elastic Bounce Leave-in Conditioning Styler Hair Cream,BREAD BEAUTY SUPPLY,Hair,Hair Styling & Treatments,28.0,4.3077,7184,117.0,12.6
P460552,Wash-Day Essentials Kit for Curly & Textured Hair,BREAD BEAUTY SUPPLY,Hair,Value & Gift Sets,58.0,4.2917,6688,48.0,26.1
P501225,Bread-Puff: Hair & Wrist Mini Scrunchie Set (4 pack),BREAD BEAUTY SUPPLY,Hair,Value & Gift Sets,16.0,4.2,5403,5.0,7.2
P469027,100% Macadamia-Oil Concentrate Fragrance Free for Hair and Body,BREAD BEAUTY SUPPLY,Hair,Hair Styling & Treatments,28.0,4.2703,5335,37.0,12.6
P460549,Hair Wash Gentle Milky Hair Cleanser,BREAD BEAUTY SUPPLY,Hair,Shampoo & Conditioner,20.0,4.4459,5265,74.0,9.0
P479469,Detox Hair & Scalp Treatment Set,BREAD BEAUTY SUPPLY,Hair,Value & Gift Sets,58.0,4.1,2931,10.0,26.1
P483105,Mini Elastic Bounce Leave-in Conditioning Styler Hair Cream,BREAD BEAUTY SUPPLY,Hair,Hair Styling & Treatments,16.0,4.3077,2289,117.0,7.2
P473824,Bread Puff: Hair & Wrist Scrunchie,BREAD BEAUTY SUPPLY,Hair,Tools,16.0,4.5667,2205,30.0,7.2
P503157,Hair Gel: Long-wear Curl Capturing Gloss,BREAD BEAUTY SUPPLY,Hair,Hair Styling & Treatments,26.0,5.0,997,5.0,11.7
P388628,"Don't Despair, Repair! Deep Conditioning Hair Mask",Briogeo,Hair,Hair Styling & Treatments,39.0,4.0752,185461,3313.0,17.55
P418507,Scalp Revival Charcoal + Coconut Oil Micro-exfoliating Scalp Scrub Shampoo,Briogeo,Hair,Shampoo & Conditioner,42.0,4.0768,145317,2853.0,18.9
P396733,Farewell Frizz Rosarco Milk Leave-In Conditioner,Briogeo,Hair,Hair Styling & Treatments,25.0,4.1949,97311,1329.0,11.25
P479700,Don't Despair Repair Rice Water Protein + Moisture Strengthening Treatment,Briogeo,Hair,Hair Styling & Treatments,44.0,4.608,70690,426.0,19.8
P418506,Scalp Revival Charcoal + Tea Tree Scalp Treatment Serum,Briogeo,Hair,Hair Styling & Treatments,32.0,4.0947,67691,655.0,14.4
P457415,"Don't Despair, Repair! Strengthening Treatment Hair Oil",Briogeo,Hair,Hair Styling & Treatments,30.0,4.1202,62360,890.0,13.5
P411359,Farewell Frizz Blow Dry Perfection Heat Protectant Cream,Briogeo,Hair,Hair Styling & Treatments,26.0,4.2283,57410,508.0,11.7
P458943,"Be Gentle, Be Kind Avocado + Kiwi Mega Moisture Superfoods Hair Mask",Briogeo,Hair,Hair Styling & Treatments,39.0,4.2308,51247,520.0,17.55
P427718,"Don’t Despair, Repair! Super Moisture Shampoo for Damaged Hair",Briogeo,Hair,Shampoo & Conditioner,39.0,4.1077,50461,836.0,17.55
P429962,Scalp Revival Stimulating Therapy Massager,Briogeo,Hair,Hair Styling & Treatments,18.0,3.9671,49397,243.0,8.1
P388626,Curl Charisma Rice Amino + Avocado Leave–In Defining Cream,Briogeo,Hair,Hair Styling & Treatments,24.0,4.1104,45707,752.0,10.8
P446343,Superfoods Banana + Coconut Nourishing Shampoo + Conditioner Duo for Dry Hair,Briogeo,Hair,Value & Gift Sets,52.0,4.194,42162,1062.0,23.4
P427715,Scalp Revival Charcoal + Coconut Oil Micro-exfoliating Shampoo Mini,Briogeo,Hair,Shop by Concern,15.0,3.6965,41332,201.0,6.75
P418505,Scalp Revival Charcoal + Biotin Dry Shampoo,Briogeo,Hair,Hair Styling & Treatments,25.0,4.0457,40196,700.0,11.25
P426204,"Mini Don't Despair, Repair! Deep Conditioning Hair Mask",Briogeo,Mini Size,Hair,15.0,3.9226,40091,155.0,6.75
P503697,"Destined for Density Peptide Hair Serum for Thicker, Fuller Hair",Briogeo,Hair,Hair Styling & Treatments,57.0,3.9172,39692,157.0,25.65
P469440,"Scalp Revival Charcoal + Tea Tree Cooling Hydration Mask for Dry, Itchy Scalp",Briogeo,Hair,Hair Styling & Treatments,34.0,4.5603,38077,257.0,15.3
P431542,"Superfoods Apple, Matcha + Kale Replenishing Shampoo + Conditioner Duo",Briogeo,Hair,Value & Gift Sets,52.0,4.0365,34319,712.0,23.4
P470202,"Scalp Revival Soothing Solutions Value Set for Oily, Itchy + Dry Scalp",Briogeo,Hair,Value & Gift Sets,76.0,4.4211,31136,95.0,34.2
P402071,Blossom & Bloom Ginseng + Biotin Hair Volumizing Shampoo,Briogeo,Hair,Shampoo & Conditioner,28.0,3.7443,30454,524.0,12.6
P467242,"Don't Despair, Repair! Super Moisture Conditioner for Dry + Damaged Hair",Briogeo,Hair,Shampoo & Conditioner,39.0,4.1548,27492,239.0,17.55
P447355,Mini Farewell Frizz Rosarco Milk Leave-In Conditioner Spray,Briogeo,Hair,Hair Styling & Treatments,12.0,3.3594,26674,128.0,5.4
P388629,"Farewell Frizz Rosehip, Argan & Coconut Hair Oil",Briogeo,Hair,Hair Styling & Treatments,30.0,3.6441,24726,177.0,13.5
P500163,Superfoods Avocado + Kiwi Moisture Leave-In Conditioner,Briogeo,Hair,Hair Styling & Treatments,25.0,4.2381,24065,231.0,11.25
P471538,Superfoods Mango + Cherry Balancing Shampoo + Conditioner Duo for Oil Control,Briogeo,Hair,Value & Gift Sets,52.0,4.0,22629,308.0,23.4
P479735,"Don’t Despair, Repair! Strength + Repair Solutions Set",Briogeo,Hair,Value & Gift Sets,79.0,4.3218,21772,87.0,35.55
P408411,Curl Charisma Rice Amino + Quinoa Frizz Control Gel,Briogeo,Hair,Hair Styling & Treatments,24.0,3.9944,21472,356.0,10.8
P461430,"Be Gentle, Be Kind Aloe + Oat Milk Ultra Soothing Fragrance-Free Detangler",Briogeo,Hair,Hair Styling & Treatments,25.0,3.9823,19749,621.0,11.25
P388625,Blossom & Bloom Ginseng + Biotin Hair Volumizing Conditioner,Briogeo,Hair,Shampoo & Conditioner,28.0,3.7923,19405,284.0,12.6
P501722,The Ultimate Hydrate + Repair Hair + Scalp Mask Kit,Briogeo,Hair,Value & Gift Sets,29.0,4.75,18182,40.0,13.05
P449579,Vegan Boar Bristle Hair Brush,Briogeo,Hair,Tools,28.0,3.8646,18112,96.0,12.6
P431543,Superfoods Matcha + Apple Replenishing Shampoo,Briogeo,Hair,Shampoo & Conditioner,30.0,3.7602,18032,442.0,13.5
P402074,Curl Charisma Rice Amino + Avocado Hydrating Shampoo,Briogeo,Hair,Shampoo & Conditioner,28.0,4.0366,17689,246.0,12.6
P388627,Curl Charisma Rice Amino + Shea Curl Defining Conditioner,Briogeo,Hair,Shampoo & Conditioner,28.0,4.1708,17528,322.0,12.6
P396734,Blossom & Bloom Ginseng + Biotin Hair Volumizing Spray,Briogeo,Hair,Hair Styling & Treatments,25.0,3.9819,17494,331.0,11.25
P402073,Farewell Frizz Smoothing Conditioner,Briogeo,Hair,Shampoo & Conditioner,28.0,4.0854,17187,246.0,12.6
P500174,Superfoods Banana + Coconut Hydrating Soft Wave Texture Spray,Briogeo,Hair,Hair Styling & Treatments,25.0,4.3036,15505,224.0,11.25
P431544,Superfoods Kale + Apple Replenishing Conditioner,Briogeo,Hair,Shampoo & Conditioner,30.0,4.3213,15186,249.0,13.5
P402072,Farewell Frizz Smoothing Shampoo,Briogeo,Hair,Shampoo & Conditioner,28.0,3.9591,15025,342.0,12.6
P469441,"Scalp Revival Soothe + Detoxify Travel Set for Dry Itchy, Oily Scalp",Briogeo,Hair,Shampoo & Conditioner,35.0,3.7381,14885,42.0,15.75
P446340,Superfoods Banana + Coconut Nourishing Shampoo,Briogeo,Hair,Shampoo & Conditioner,30.0,3.9829,11078,467.0,13.5
P446341,Superfoods Banana + Coconut Nourishing Conditioner,Briogeo,Hair,Shampoo & Conditioner,30.0,4.2579,10585,318.0,13.5
P474305,Curl Charisma Rice Amino + Avocado Hydrating & Defining Hair Mask,Briogeo,Hair,Hair Styling & Treatments,39.0,4.4773,10534,44.0,17.55
P467745,"Don't Despair, Repair! Strengthen + Repair Travel Kit",Briogeo,Hair,Value & Gift Sets,32.0,3.6744,9970,43.0,14.4
P461428,"Be Gentle, Be Kind Aloe + Oat Milk Ultra Soothing Fragrance-free Hypoallergenic Shampoo",Briogeo,Hair,Shampoo & Conditioner,28.0,3.9009,9879,646.0,12.6
P503684,"Destined For Density Peptide Shampoo for Thicker, Fuller Hair",Briogeo,Hair,Shampoo & Conditioner,32.0,4.4127,9612,63.0,14.4
P474306,Curl Charisma Silicone-Free Curly Hair Care Travel Kit,Briogeo,Hair,Value & Gift Sets,30.0,3.3889,9243,18.0,13.5
P435402,Curl Charisma Chia + Flax Seed Coil Custard,Briogeo,Hair,Hair Styling & Treatments,26.0,4.0,8740,86.0,11.7
P471536,Superfoods Mango + Cherry Oil Control & Balancing Shampoo,Briogeo,Hair,Shampoo & Conditioner,30.0,4.2271,8026,207.0,13.5
P461429,"Be Gentle, Be Kind Aloe + Oat Milk Ultra Soothing Fragrance-free Hypoallergenic Conditioner",Briogeo,Hair,Shampoo & Conditioner,28.0,4.1399,7753,579.0,12.6
P503682,"Destined For Density Peptide Conditioner for Thicker, Fuller Hair",Briogeo,Hair,Shampoo & Conditioner,32.0,4.7115,7050,52.0,14.4
P474027,Farewell Frizz  Smooth + Shine Hair Care Travel Kit for Frizz Control  + Heat Protection,Briogeo,Hair,Value & Gift Sets,30.0,2.2857,5804,14.0,13.5
P471537,Superfoods Mango + Cherry Oil Control & Balancing Conditioner,Briogeo,Hair,Shampoo & Conditioner,30.0,4.6477,5536,176.0,13.5
P480578,Blossom & Bloom Volumize + Lift Hair Care Travel Kit,Briogeo,Hair,Value & Gift Sets,25.0,2.8333,4140,6.0,11.25
P505040,"Be Gentle, Be Kind Aloe + Oat Milk Ultra Soothing 3-in-1 Cleansing Bar",Briogeo,Hair,Shampoo & Conditioner,25.0,4.8434,648,83.0,11.25
P467941,"Don't Despair, Repair! Super Moisture Conditioner Jumbo",Briogeo,Hair,Shampoo & Conditioner,69.0,,0,,31.05
P386464,Hairdresser’s Invisible Oil Heat & UV Protective Primer,Bumble and bumble,Hair,Hair Styling & Treatments,32.0,4.566,150815,2779.0,14.4
P375391,Hairdresser’s Invisible Oil,Bumble and bumble,Hair,Hair Styling & Treatments,43.0,4.4964,77569,1801.0,19.35
P381033,Thickening Dryspun Volume Texture Spray,Bumble and bumble,Hair,Hair Styling & Treatments,34.0,4.1912,61525,1255.0,15.3
P426163,Mini Hairdresser's Invisible Oil Primer,Bumble and bumble,Mini Size,Hair,15.0,4.566,57009,2779.0,6.75
P280513,Surf Spray,Bumble and bumble,Hair,Hair Styling & Treatments,30.0,3.6323,50939,2271.0,13.5
P397351,Don't Blow It Fine Hair Air Dry Styler,Bumble and bumble,Hair,Hair Styling & Treatments,32.0,3.8662,47666,1196.0,14.4
P384541,Prêt-à-Powder Dry Shampoo Powder,Bumble and bumble,Hair,Hair Styling & Treatments,15.0,4.0646,46901,1440.0,6.75
P280564,Sunday Clarifying Shampoo,Bumble and bumble,Hair,Shampoo & Conditioner,30.0,4.6747,37342,833.0,13.5
P280566,Thickening Volume Shampoo,Bumble and bumble,Hair,Shampoo & Conditioner,34.0,3.7386,34885,700.0,15.3
P280537,Thickening Spray,Bumble and bumble,Hair,Hair Styling & Treatments,30.0,4.098,33416,888.0,13.5
P449139,Bb. Heat Shield Thermal Protection Mist,Bumble and bumble,Hair,Hair Styling & Treatments,17.0,4.4926,30999,272.0,7.65
P386463,Hairdresser's Invisible Oil Shampoo,Bumble and bumble,Hair,Shampoo & Conditioner,34.0,3.9588,30305,558.0,15.3
P386462,Hairdresser's Invisible Oil Conditioner,Bumble and bumble,Hair,Shampoo & Conditioner,35.0,4.1946,27425,447.0,15.75
P422339,Bb. Pret-a-Powder Tres Invisible Dry Shampoo with French Pink Clay,Bumble and bumble,Hair,Hair Styling & Treatments,30.0,4.3024,24898,678.0,13.5
P391796,Repair Blow Dry,Bumble and bumble,Hair,Hair Styling & Treatments,32.0,4.6061,24671,457.0,14.4
P425490,Mini Hairdresser’s Invisible Oil,Bumble and bumble,Mini Size,Hair,24.0,4.19,22831,100.0,10.8
P297554,Straight Blow Dry,Bumble and bumble,Hair,Hair Styling & Treatments,32.0,4.3593,21951,782.0,14.4
P394825,Surf Infusion,Bumble and bumble,Hair,Hair Styling & Treatments,30.0,3.6271,20930,421.0,13.5
P436391,Mini Thickening Dryspun Volume Texture Spray,Bumble and bumble,Hair,Mini Size,16.0,3.9,19966,50.0,7.2
P456160,Pret-a-Powder Post Workout Dry Shampoo Mist,Bumble and bumble,Hair,Hair Styling & Treatments,31.0,3.7883,19351,222.0,13.95
P407072,Surf Foam Spray Blow Dry,Bumble and bumble,Hair,Hair Styling & Treatments,31.0,3.9744,17179,234.0,13.95
P280573,Super Rich Conditioner,Bumble and bumble,Hair,Shampoo & Conditioner,31.0,4.2139,17094,346.0,13.95
P410733,Hairdresser’s Invisible Oil Dry Oil Finishing Spray,Bumble and bumble,Hair,Shampoo & Conditioner,34.0,3.9416,16683,154.0,15.3
P280528,Prep,Bumble and bumble,Hair,Hair Styling & Treatments,28.0,4.2313,15958,294.0,12.6
P280530,Tonic Lotion,Bumble and bumble,Hair,Hair Styling & Treatments,28.0,4.362,15461,511.0,12.6
P391797,All-Style Blow Dry,Bumble and bumble,Hair,Hair Styling & Treatments,32.0,4.5701,15389,214.0,14.4
P421496,Save the Day Daytime Protective Repair Fluid,Bumble and bumble,Hair,Hair Styling & Treatments,45.0,4.4872,14838,156.0,20.25
P462839,Curl Reactivator,Bumble and bumble,Hair,Hair Styling & Treatments,30.0,4.4802,14628,202.0,13.5
P425617,Mini Prêt-à-Powder,Bumble and bumble,Mini Size,Hair,15.0,4.0646,13844,1440.0,6.75
P280568,Gentle Shampoo,Bumble and bumble,Hair,Shampoo & Conditioner,30.0,4.1627,13629,332.0,13.5
P425468,Mini Thickening Spray,Bumble and bumble,Mini Size,Hair,16.0,3.3265,13037,49.0,7.2
P415754,Bb. Color Stick,Bumble and bumble,Hair,Shop by Concern,28.0,3.8476,12671,164.0,12.6
P280512,Spray de Mode Flexible Hold Hairspray,Bumble and bumble,Hair,Hair Styling & Treatments,34.0,4.0956,11821,293.0,15.3
P421497,Bb. While You Sleep Overnight Damage Repair Masque,Bumble and bumble,Hair,Hair Styling & Treatments,49.0,4.1731,11761,104.0,22.05
P456161,Mini Pret-a-Powder Post Workout Dry Shampoo Mist,Bumble and bumble,Hair,Hair Styling & Treatments,16.0,2.8571,11548,49.0,7.2
P286106,Bb. Texture Hair (Un) Dressing Creme,Bumble and bumble,Hair,Hair Styling & Treatments,32.0,4.0654,11026,627.0,14.4
P378842,Surf Foam Wash Shampoo,Bumble and bumble,Hair,Shampoo & Conditioner,30.0,3.5746,10643,315.0,13.5
P280567,Creme de Coco Shampoo,Bumble and bumble,Hair,Shampoo & Conditioner,30.0,4.1788,10635,274.0,13.5
P280508,Sumotech Flexible Cream Solid,Bumble and bumble,Hair,Hair Styling & Treatments,32.0,4.4326,10230,215.0,14.4
P461139,Hairdresser's Invisible Oil 72 Hour Hydrating Hair Mask,Bumble and bumble,Hair,Hair Styling & Treatments,43.0,4.4267,9833,232.0,19.35
P422338,Bb. Pret-a-Powder Tres Invisible Nourishing Dry Shampoo with Hibiscus Extract,Bumble and bumble,Hair,Hair Styling & Treatments,30.0,4.3302,9691,315.0,13.5
P475914,Hairdresser's Invisible Oil Ultra Rich Hyaluronic Treatment Lotion,Bumble and bumble,Hair,Hair Styling & Treatments,45.0,4.744,9133,375.0,20.25
P280572,Creme de Coco Conditioner,Bumble and bumble,Hair,Shampoo & Conditioner,31.0,3.8919,9112,222.0,13.95
P443339,Surf Styling Leave In,Bumble and bumble,Hair,Hair Styling & Treatments,32.0,3.7816,8931,87.0,14.4
P280511,Does It All Light Hold Hairspray,Bumble and bumble,Hair,Hair Styling & Treatments,34.0,4.2125,8794,240.0,15.3
P425464,Mini Surf Spray,Bumble and bumble,Mini Size,Hair,16.0,3.1667,8787,48.0,7.2
P280544,Brilliantine,Bumble and bumble,Hair,Hair Styling & Treatments,26.0,4.299,8738,301.0,11.7
P462832,Curl Defining Cream,Bumble and bumble,Hair,Hair Styling & Treatments,32.0,4.124,8553,597.0,14.4
P280526,Brownish Hair Powder,Bumble and bumble,Hair,Hair Styling & Treatments,38.0,3.1089,8342,505.0,17.1
P280562,Seaweed Shampoo,Bumble and bumble,Hair,Shampoo & Conditioner,30.0,4.1336,8196,232.0,13.5
P419713,Bb. Don’t Blow It Thick (H)air Styler,Bumble and bumble,Hair,Hair Styling & Treatments,32.0,3.8736,7896,87.0,14.4
P378841,Surf Creme Rinse Conditioner,Bumble and bumble,Hair,Shampoo & Conditioner,31.0,3.6881,7754,109.0,13.95
P436392,Thickening Volume Conditioner,Bumble and bumble,Hair,Shampoo & Conditioner,35.0,2.9206,7726,63.0,15.75
P280533,Styling Creme,Bumble and bumble,Hair,Hair Styling & Treatments,28.0,4.0085,7111,234.0,12.6
P462837,Curl Mousse,Bumble and bumble,Hair,Hair Styling & Treatments,32.0,4.4818,6952,110.0,14.4
P399118,Full Potential Hair Preserving Shampoo,Bumble and bumble,Hair,Shampoo & Conditioner,34.0,3.6322,6778,87.0,15.3
P454344,Hairdresser's Invisible Oil Soft Texture Finishing Spray,Bumble and bumble,Hair,Hair Styling & Treatments,34.0,4.4762,6555,21.0,15.3
P280548,Grooming Creme,Bumble and bumble,Hair,Hair Styling & Treatments,32.0,4.207,6535,227.0,14.4
P479832,Bond-Building Repair Treatment,Bumble and bumble,Hair,Hair Styling & Treatments,35.0,4.8505,6440,368.0,15.75
P462835,Curl 3 in 1 Conditioner,Bumble and bumble,Hair,Shampoo & Conditioner,35.0,4.558,6404,138.0,15.75
P449138,Bb. Heat Shield Blow Dry Accelerator,Bumble and bumble,Hair,Hair Styling & Treatments,32.0,4.5654,6404,191.0,14.4
P479834,Mini Bb. Heat Shield Thermal Protection Mist,Bumble and bumble,Hair,Hair Styling & Treatments,17.0,4.25,6265,4.0,7.65
P425463,Mini Spray de Mode Flexible Hold Hairspray,Bumble and bumble,Mini Size,Hair,16.0,3.7143,6209,35.0,7.2
P479830,Bond-Building Repair Shampoo,Bumble and bumble,Hair,Shampoo & Conditioner,34.0,4.7016,6161,315.0,15.3
P479831,Bond-Building Repair Conditioner,Bumble and bumble,Hair,Shampoo & Conditioner,35.0,4.8353,6147,334.0,15.75
P462834,Curl Moisturizing Shampoo,Bumble and bumble,Hair,Shampoo & Conditioner,34.0,4.6791,6130,134.0,15.3
P471006,Mini Treat Hair to Hydration Hair Set,Bumble and bumble,Hair,Value & Gift Sets,20.0,3.5556,5746,9.0,9.0
P474310,Mini Curl Reactivator,Bumble and bumble,Hair,Hair Styling & Treatments,15.0,4.4802,5528,202.0,6.75
P436395,Thickening Full Form Soft Mousse,Bumble and bumble,Hair,Hair Styling & Treatments,32.0,3.2558,5482,43.0,14.4
P477727,Light Defining Curl Cream,Bumble and bumble,Hair,Hair Styling & Treatments,32.0,4.6647,5463,173.0,14.4
P474031,Bb.Illuminated Blonde Purple Leave In Spray,Bumble and bumble,Hair,Hair Styling & Treatments,28.0,3.9737,5405,38.0,12.6
P426164,Mini Hairdresser’s Invisible Oil Conditioner,Bumble and bumble,Mini Size,Hair,16.0,3.5152,5215,33.0,7.2
P462838,Curl Anti-Humidity Gel Oil,Bumble and bumble,Hair,Hair Styling & Treatments,32.0,3.6604,5185,53.0,14.4
P399120,Full Potential Hair Preserving Booster Spray,Bumble and bumble,Hair,Hair Styling & Treatments,60.0,3.6735,5040,49.0,27.0
P425471,Mini Thickening Shampoo,Bumble and bumble,Mini Size,Hair,16.0,3.087,5030,23.0,7.2
P377208,Semisumo,Bumble and bumble,Hair,Hair Styling & Treatments,32.0,4.3953,4954,86.0,14.4
P426165,Mini Hairdresser’s Invisible Oil Shampoo,Bumble and bumble,Mini Size,Hair,16.0,3.5789,4784,19.0,7.2
P417615,Bb. sumoclay,Bumble and bumble,Hair,Hair Styling & Treatments,32.0,4.6111,4738,54.0,14.4
P479829,The Bond-Building Repair Trio,Bumble and bumble,Hair,Value & Gift Sets,28.0,3.8571,4488,14.0,12.6
P413039,Bb. Strong Finish Firm Hold Hairspray,Bumble and bumble,Hair,Hair Styling & Treatments,34.0,3.8723,4473,47.0,15.3
P436393,Thickening Great Body Blow Dry Crème,Bumble and bumble,Hair,Hair Styling & Treatments,32.0,3.4878,4435,41.0,14.4
P399119,Full Potential Hair Preserving Conditioner,Bumble and bumble,Hair,Shampoo & Conditioner,35.0,3.6389,4395,36.0,15.75
P280563,Seaweed Conditioner,Bumble and bumble,Hair,Shampoo & Conditioner,31.0,3.3664,4067,131.0,13.95
P462833,Mini Curl Defining Cream,Bumble and bumble,Hair,Hair Styling & Treatments,16.0,2.4167,4027,12.0,7.2
P474307,Mini Sunday Clarifying Shampoo,Bumble and bumble,Hair,Shampoo & Conditioner,16.0,3.875,3751,8.0,7.2
P280525,Blondish Hair Powder,Bumble and bumble,Hair,Hair Styling & Treatments,38.0,3.0283,3725,247.0,17.1
P476041,Hairdresser's Invisible Oil Ultra Rich Conditioner,Bumble and bumble,Hair,Shampoo & Conditioner,35.0,4.2444,3641,45.0,15.75
P280551,Gel,Bumble and bumble,Hair,Hair Styling & Treatments,28.0,4.2745,3443,51.0,12.6
P451214,Hairdresser's Invisible Oil Hot Oil Concentrate,Bumble and bumble,Hair,Hair Styling & Treatments,32.0,3.7308,3390,26.0,14.4
P479833,Bond-Building Repair Styling Cream,Bumble and bumble,Hair,Hair Styling & Treatments,34.0,4.741,3189,139.0,15.3
P449753,Mini Pret-a-Powder Tres Invisible Dry Shampoo with French Pink Clay,Bumble and bumble,Hair,Hair Styling & Treatments,16.0,2.4762,3145,21.0,7.2
P475913,Hairdresser's Invisible Oil Ultra Rich Shampoo,Bumble and bumble,Hair,Shampoo & Conditioner,34.0,4.0678,3119,59.0,15.3
P481816,Thickening Go Big Plumping Hair Treatment,Bumble and bumble,Hair,Hair Styling & Treatments,31.0,4.2222,2387,9.0,13.95
P462836,Curl Butter Mask,Bumble and bumble,Hair,Hair Styling & Treatments,43.0,3.8,2359,5.0,19.35
P454343,Sumo Liquid Wax+ Finishing Spray,Bumble and bumble,Hair,Hair Styling & Treatments,32.0,3.9167,2170,12.0,14.4
P425469,Brilliantine,Bumble and bumble,Mini Size,Hair,26.0,4.5,2140,10.0,11.7
P500302,Thickening Plumping Mask,Bumble and bumble,Hair,Hair Styling & Treatments,43.0,4.7907,2135,43.0,19.35
P474309,Mini Curl 3 in 1 Conditioner,Bumble and bumble,Hair,Shampoo & Conditioner,16.0,4.558,2018,138.0,7.2
P504163,Sunday Purifying Clay Detox Shampoo,Bumble and bumble,Hair,Shampoo & Conditioner,34.0,4.7135,1948,370.0,15.3
P474030,Bb. Illuminated Blonde Purple Conditioner,Bumble and bumble,Hair,Shampoo & Conditioner,35.0,4.871,1905,31.0,15.75
P417614,Bb. sumogel,Bumble and bumble,Hair,Hair Styling & Treatments,32.0,4.0,1823,15.0,14.4
P474029,Bb. Illuminated Blonde Purple Shampoo,Bumble and bumble,Hair,Shampoo & Conditioner,34.0,4.2,1702,35.0,15.3
P474308,Mini Curl Moisturizing Shampoo,Bumble and bumble,Hair,Shampoo & Conditioner,16.0,4.6791,1622,134.0,7.2
P500177,Surf Texturizing Finishing Foam,Bumble and bumble,Hair,Hair Styling & Treatments,29.0,4.0,1622,9.0,13.05
P504185,Hairderesser's Invisible Oil Starter Set,Bumble and bumble,Hair,Value & Gift Sets,29.0,,1542,,13.05
P504135,Curl Starter Set,Bumble and bumble,Hair,Value & Gift Sets,29.0,,1373,,13.05
P477822,Curl Gel Pomade,Bumble and bumble,Hair,Hair Styling & Treatments,32.0,3.5,1204,2.0,14.4
P437082,Mini Thickening Volume Conditioner,Bumble and bumble,Mini Size,Hair,16.0,,976,,7.2
P504140,Mini Sunday Purifying Clay Detox Shampoo,Bumble and bumble,Hair,Shampoo & Conditioner,14.0,4.7135,893,370.0,6.3
P504146,Sunday Scalp Reset Foam Pre Shampoo,Bumble and bumble,Hair,Hair Styling & Treatments,34.0,4.766,292,47.0,15.3
P437631,Her Eau de Parfum,BURBERRY,Fragrance,Women,123.0,4.3023,118787,1280.0,36.9
P466422,Mini Her Eau de Parfum Set,BURBERRY,Fragrance,Value & Gift Sets,29.0,4.3429,54544,105.0,8.7
P421296,My Burberry Blush,BURBERRY,Fragrance,Women,95.0,4.3719,38109,320.0,28.5
P437632,Her Eau de Parfum Rollerball,BURBERRY,Fragrance,Women,38.0,4.3023,33036,1280.0,11.4
P502245,Her Elixir Eau de Parfum Intense,BURBERRY,Fragrance,Women,165.0,4.3243,31716,404.0,49.5
P504241,Mini Her Perfume Trio Set,BURBERRY,Fragrance,Value & Gift Sets,49.0,3.0,20266,7.0,14.7
P410239,My Burberry Black,BURBERRY,Fragrance,Women,99.0,4.3146,16944,178.0,29.7
P388218,My Burberry,BURBERRY,Fragrance,Women,95.0,4.5967,14779,181.0,28.5
P479713,Her Eau De Toilette,BURBERRY,Fragrance,Women,133.0,4.2273,14305,308.0,39.9
P445411,Her Blossom Eau de Toilette,BURBERRY,Fragrance,Women,101.0,4.069,12882,58.0,30.3
P461140,Her London Dream Eau de Parfum,BURBERRY,Fragrance,Women,123.0,4.2993,11721,401.0,36.9
P136025,Burberry London,BURBERRY,Fragrance,Women,112.0,4.6875,8056,272.0,33.6
P6986,Touch,BURBERRY,Fragrance,Men,74.0,4.85,6500,140.0,22.2
P445412,Her Blossom Eau de Toilette Rollerball,BURBERRY,Fragrance,Women,38.0,4.069,4712,58.0,11.4
P418386,Mr. Burberry Eau de Parfum,BURBERRY,Fragrance,Men,140.0,5.0,4527,17.0,42.0
P162529,London for Men,BURBERRY,Fragrance,Men,94.0,4.7653,4001,98.0,28.2
P475076,Hero Eau de Toilette,BURBERRY,Fragrance,Men,95.0,4.3113,3586,302.0,28.5
P408037,Mr. Burberry Eau de Toilette,BURBERRY,Fragrance,Men,117.0,4.8421,3203,38.0,35.1
P501489,Hero Eau de Parfum,BURBERRY,Fragrance,Men,140.0,4.3085,3181,295.0,42.0
P79502,Brit For Men,BURBERRY,Fragrance,Men,94.0,4.6735,3007,98.0,28.2
P383082,Brit Rhythm,BURBERRY,Fragrance,Men,69.0,4.8462,2436,39.0,20.7
P399255,Brit Splash,BURBERRY,Fragrance,Men,94.0,4.6667,999,6.0,28.2
P503677,Hero Eau de Toilette Gift Set,BURBERRY,Fragrance,Value & Gift Sets,126.0,5.0,918,1.0,37.8
P505456,Her Elixir Eau de Parfum Intense Travel Spray,BURBERRY,Fragrance,Women,38.0,,260,,11.4
P505425,Her Eau de Parfum Travel Spray,BURBERRY,Fragrance,Women,38.0,,250,,11.4
P504858,Her Blossom Eau de Toilette Travel Spray,BURBERRY,Fragrance,,38.0,,46,,11.4
P174213,Full-On Plumping Lip Polish Gloss,Buxom,Makeup,Lip,25.0,4.625,464024,12367.0,10.5
P305132,Full-On Plumping Lip Cream Gloss,Buxom,Makeup,Lip,25.0,4.6163,241538,3109.0,10.5
P420163,Power-full Plump Lip Balm,Buxom,Makeup,Lip,19.0,3.6285,85500,1058.0,7.98
P228204,Lash Volumizing Mascara,Buxom,Makeup,Eye,25.0,4.3517,64232,9250.0,10.5
P374159,Lash Waterproof Volumizing Mascara,Buxom,Makeup,Eye,25.0,4.1036,23459,695.0,10.5
P471224,Plump Shot Collagen-Infused Lip Serum Plumper,Buxom,Makeup,Lip,28.0,4.2051,23183,117.0,11.76
P473265,Power Line Plumping Lip Liner,Buxom,Makeup,Lip,21.0,4.0909,10097,33.0,8.82
P431441,Leila Lou Perfume,By Rosie Jane,Fragrance,Women,70.0,4.4725,7507,218.0,21.0
P481959,Wake the F*ck Up Deodorant,By Rosie Jane,Bath & Body,Body Care,15.0,3.9773,7318,44.0,6.0
P431765,Leila Lou Perfume Travel Spray,By Rosie Jane,Fragrance,Women,28.0,4.2931,5363,58.0,8.4
P431444,Rosie Perfume,By Rosie Jane,Fragrance,Women,70.0,4.4498,4794,249.0,21.0
P479736,Wake the F*ck Up Everyday Body Wash,By Rosie Jane,Bath & Body,Bath & Shower,25.0,4.125,4567,8.0,10.0
P503667,Fragrance Discovery Set,By Rosie Jane,Fragrance,Value & Gift Sets,25.0,4.7635,4335,148.0,7.5
P431443,James Perfume,By Rosie Jane,Fragrance,Women,70.0,4.5957,4050,94.0,21.0
P479697,Calm the F*ck Down Everyday Body Wash,By Rosie Jane,Bath & Body,Bath & Shower,25.0,3.7333,3920,15.0,10.0
P436758,Rosie Perfume Oil,By Rosie Jane,Bath & Body,Body Moisturizers,45.0,4.0157,3620,127.0,18.0
P431768,Rosie Perfume Travel Spray,By Rosie Jane,Fragrance,Women,28.0,3.6111,3365,54.0,8.4
P436761,Leila Lou Perfume Oil,By Rosie Jane,Fragrance,Women,45.0,4.8545,3039,55.0,13.5
P459401,Madie Perfume,By Rosie Jane,Fragrance,Women,70.0,4.0686,2998,102.0,21.0
P465313,Dylan Perfume,By Rosie Jane,Fragrance,Women,70.0,4.614,2901,57.0,21.0
P431767,James Perfume Travel Spray,By Rosie Jane,Fragrance,Women,28.0,4.0833,2776,24.0,8.4
P471540,Leila Lou Everyday Body Wash,By Rosie Jane,Bath & Body,Bath & Shower,25.0,4.4615,2638,13.0,10.0
P503074,Dulce Eau de Parfum,By Rosie Jane,Fragrance,Women,70.0,4.7353,2369,34.0,21.0
P465314,Dylan Perfume Travel Spray,By Rosie Jane,Fragrance,Women,28.0,4.0588,2331,17.0,8.4
P451243,Lake Perfume Travel Spray,By Rosie Jane,Fragrance,Women,28.0,4.4615,2240,13.0,8.4
P459402,Madie Perfume Travel Spray,By Rosie Jane,Fragrance,Women,28.0,4.0686,2048,102.0,8.4
P503633,Calm the F*ck Down Everyday Essentials Set,By Rosie Jane,Bath & Body,Value & Gift Sets,35.0,3.6667,1992,3.0,14.0
P463424,Leila Lou Hydrating Body Oil,By Rosie Jane,Bath & Body,Body Moisturizers,40.0,3.75,1955,12.0,16.0
P436759,James Perfume Oil,By Rosie Jane,Fragrance,Women,45.0,4.88,1935,25.0,13.5
P436850,Angie Perfume Travel Spray,By Rosie Jane,Fragrance,Women,28.0,3.8182,1903,11.0,8.4
P435107,Angie Perfume,By Rosie Jane,Fragrance,Women,28.0,4.4808,1877,52.0,8.4
P501144,Wake the F*ck Up Body Oil,By Rosie Jane,Bath & Body,Body Moisturizers,40.0,4.5,1828,2.0,16.0
P503061,Dulce Travel Spray,By Rosie Jane,Fragrance,Women,28.0,4.0,1786,18.0,8.4
P432401,James Candle,By Rosie Jane,Fragrance,Candles & Home Scents,42.0,4.6667,1649,3.0,12.6
P451242,Lake Perfume,By Rosie Jane,Fragrance,Women,70.0,4.42,1596,50.0,21.0
P503198,Wake the F*ck Up Everyday Essentials Set,By Rosie Jane,Fragrance,Value & Gift Sets,35.0,4.6667,1549,3.0,10.5
P479731,Rosie Everyday Body Wash,By Rosie Jane,Bath & Body,Bath & Shower,25.0,4.1,1386,10.0,10.0
P501139,Calm the F*ck Down Body Oil,By Rosie Jane,Bath & Body,Body Moisturizers,40.0,3.5,1303,2.0,16.0
P471539,James Everyday Body Wash,By Rosie Jane,Bath & Body,Bath & Shower,25.0,3.6667,1226,3.0,10.0
P503069,Dulce Perfume Oil,By Rosie Jane,Fragrance,Women,45.0,4.4211,1220,38.0,13.5
P501066,Calm the F*ck Down Deodorant,By Rosie Jane,Bath & Body,Body Care,15.0,3.0,1162,9.0,6.0
P476657,Leila Lou Gift Set,By Rosie Jane,Fragrance,Value & Gift Sets,80.0,5.0,1149,2.0,24.0
P463425,James Hydrating Body Oil,By Rosie Jane,Bath & Body,Body Moisturizers,40.0,3.3333,1124,6.0,16.0
P436757,Angie Perfume Oil,By Rosie Jane,Bath & Body,Body Moisturizers,45.0,4.3333,1094,6.0,18.0
P457889,Madie Perfume Oil,By Rosie Jane,Fragrance,Women,45.0,4.6364,1038,11.0,13.5
P484037,Leila Lou Perfume Gift Set,By Rosie Jane,Fragrance,Value & Gift Sets,55.0,,957,,16.5
P465315,Dylan Perfume Oil,By Rosie Jane,Fragrance,Women,45.0,4.3571,844,14.0,13.5
P452678,Lake Perfume Oil,By Rosie Jane,Fragrance,Women,45.0,3.6667,733,12.0,13.5
P503206,The Shebang Gift Set,By Rosie Jane,Fragrance,Value & Gift Sets,95.0,4.0,656,6.0,28.5
P460443,Leila Lou Candle,By Rosie Jane,Fragrance,Candles & Home Scents,42.0,3.5,492,4.0,12.6
P504811,Rosie Everyday Body Oil,By Rosie Jane,Bath & Body,Body Moisturizers,40.0,4.0,435,1.0,16.0
P503220,Leila Lou Home + Away Gift Set,By Rosie Jane,Fragrance,Value & Gift Sets,78.0,5.0,433,2.0,23.4
P501569,SO Blown Blurring Collagen Peptide Primer,caliray,Makeup,Face,36.0,4.4773,37826,176.0,15.12
P480580,Glazed and Infused No Burn Plumping Lip Gloss,caliray,Makeup,Lip,19.0,4.3937,35599,221.0,7.98
P479308,Come Hell or High Water Volumizing Tubing Mascara,caliray,Makeup,Eye,24.0,4.2535,27795,643.0,10.08
P480579,Freedreaming Clean Blurring Skin Tint,caliray,Makeup,Face,40.0,4.2713,20139,188.0,16.8
P479309,Mini Come Hell or High Water Volumizing Tubing Mascara,caliray,Makeup,Eye,13.0,3.8221,16446,163.0,5.46
P504293,Surfproof Hydrating Setting Spray with Niacinamide,caliray,Makeup,Face,35.0,4.8189,15065,127.0,14.7
P479835,Surfproof Easy Glider Eye Definer Waterproof Eyeliner Pencil,caliray,Makeup,Eye,20.0,4.1921,13173,203.0,8.4
P500246,Just Add Rays Universal Translucent Glow Booster Drops,caliray,Makeup,Face,34.0,4.3563,9162,87.0,14.28
P503176,Party Wave Mascara & Eyeliner Set,caliray,Makeup,Eye,30.0,4.6667,3878,12.0,12.6
P504288,Get Lit Skin and Mood Boosting Supplement,caliray,Skincare,Wellness,48.0,4.5,789,24.0,18.24
P503922,Hi! Light Radiant Glow Highlighter,caliray,Makeup,Face,30.0,4.88,3245,100.0,12.6
P504896,Endless Sunset Face and Eyeshadow Talc-Free Palette,caliray,Makeup,Makeup Palettes,48.0,4.8333,1022,72.0,20.16
P117410,euphoria,Calvin Klein,Fragrance,Women,93.0,4.5671,17410,589.0,27.9
P4095,ck one Eau de Toilette,Calvin Klein,Fragrance,Women,68.0,4.6683,10278,202.0,20.4
P396308,ck one All Over Body Spray,Calvin Klein,Fragrance,Women,20.0,4.8333,5075,12.0,6.0
P4099,ETERNITY,Calvin Klein,Fragrance,Women,114.0,4.0103,4921,291.0,34.2
P4103,ETERNITY FOR MEN,Calvin Klein,Fragrance,Men,104.0,4.5126,2881,119.0,31.2
P424553,Obsessed for Her,Calvin Klein,Fragrance,Women,81.0,4.0,1700,5.0,24.3
P164302,euphoria men,Calvin Klein,Fragrance,Men,104.0,4.4138,1441,58.0,31.2
P281425,ETERNITY Aqua For Men,Calvin Klein,Fragrance,Men,80.0,4.55,1417,20.0,24.0
P481408,The Canopy Humidifier Starter Set,CANOPY,Skincare,High Tech Tools,150.0,4.4412,7559,68.0,57.0
P504518,The Canopy Aroma Diffuser Starter Set,CANOPY,Fragrance,Value & Gift Sets,90.0,5.0,515,10.0,27.0
P504414,Rituals by Canopy Aroma Kit,CANOPY,Fragrance,Value & Gift Sets,40.0,5.0,273,6.0,12.0
P459006,Volcano Diffuser Oil,Capri Blue,Fragrance,Candles & Home Scents,22.0,4.0,2027,3.0,6.6
P459003,Mini Volcano Hand Lotion Cream,Capri Blue,Bath & Body,Body Moisturizers,14.0,4.0,1313,1.0,5.6
P420533,Good Girl Eau de Parfum,Carolina Herrera,Fragrance,Women,110.0,4.4665,127482,671.0,33.0
P501216,Mini Good Girl Eau de Parfum Set,Carolina Herrera,Fragrance,Value & Gift Sets,35.0,4.1304,56238,23.0,10.5
P434500,Good Girl Rollerball,Carolina Herrera,Fragrance,Women,32.0,4.4665,34288,671.0,9.6
P474032,Very Good Girl Eau de Parfum,Carolina Herrera,Fragrance,Women,147.0,4.1341,30158,82.0,44.1
P460444,Good Girl Eau de Parfum Supreme,Carolina Herrera,Fragrance,Women,119.0,4.6409,27662,220.0,35.7
P438526,Good Girl Eau de Parfum Légère,Carolina Herrera,Fragrance,Women,110.0,4.5467,17941,75.0,33.0
P484038,Mini Good Girl Eau de Parfum,Carolina Herrera,Fragrance,Women,15.0,4.4665,13663,671.0,4.5
P500017,Mini Good Girl Perfume Set,Carolina Herrera,Fragrance,Value & Gift Sets,30.0,2.75,13601,4.0,9.0
P504996,Good Girl Blush Eau de Parfum,Carolina Herrera,Fragrance,Women,147.0,4.3846,12210,13.0,44.1
P502297,Good Girl Eau de Parfum Trio Set,Carolina Herrera,Fragrance,Value & Gift Sets,35.0,4.75,12093,8.0,10.5
P474033,Very Good Girl Eau de Parfum Rollerball,Carolina Herrera,Fragrance,Women,34.0,3.8824,10654,17.0,10.2
P440909,Good Girl Légère Rollerball,Carolina Herrera,Fragrance,Women,30.0,4.3636,6743,11.0,9.0
P471747,Bad Boy Eau de Toilette,Carolina Herrera,Fragrance,Men,85.0,4.6,5985,15.0,25.5
P482517,Good Girl Body Mist,Carolina Herrera,Fragrance,Women,40.0,4.6667,4394,6.0,12.0
P472310,Bad Boy Le Parfum,Carolina Herrera,Fragrance,Men,125.0,4.2027,3586,74.0,37.5
P481961,Bad Boy Cobalt Eau de Parfum,Carolina Herrera,Fragrance,Men,96.0,3.25,2321,4.0,28.8
P481960,Bad Boy Cobalt Eau de Parfum Travel Spray,Carolina Herrera,Fragrance,Women,38.0,,999,,11.4
P505121,Bad Boy Extreme Eau de Parfum,Carolina Herrera,Fragrance,Men,125.0,,507,,37.5
P505366,Good Girl Blush Eau de Parfum Rollerball,Carolina Herrera,Fragrance,Women,34.0,,106,,10.2
P481817,"Beauty Elixir Prep, Set, Glow Face Mist",Caudalie,Skincare,Moisturizers,49.0,4.2396,39840,3405.0,18.62
P94421,Vinoperfect Radiance Dark Spot Serum Vitamin C Alternative,Caudalie,Skincare,Treatments,82.0,4.2442,166423,2911.0,31.16
P472454,Vinosource-Hydra Moisturizing Sorbet,Caudalie,Skincare,Moisturizers,38.0,4.2202,9188,1962.0,14.44
P12045,Grape Water Moisturizing Face Mist,Caudalie,Skincare,Moisturizers,12.0,4.4431,140024,1686.0,4.56
P474938,Vinopure Natural Salicylic Acid Pore Minimizing Serum,Caudalie,Skincare,Treatments,52.0,4.3375,31478,1360.0,19.76
P395615,Pore Minimizing Instant Detox Mask,Caudalie,Skincare,Masks,42.0,4.5015,185939,1029.0,15.96
P152203,Hand and Nail Cream,Caudalie,Bath & Body,Body Moisturizers,16.0,4.5379,54762,1344.0,6.4
P474937,Vinopure Pore Purifying Gel Cleanser,Caudalie,Skincare,Cleansers,30.0,4.4615,30905,949.0,11.4
P471226,Vinoperfect Instant Brightening Moisturizer with Niacinamide,Caudalie,Skincare,Moisturizers,65.0,4.3969,19036,703.0,24.7
P381020,Vinoclean Cleansing Micellar Water,Caudalie,Skincare,Cleansers,30.0,4.009,41456,664.0,11.4
P420224,Vinoperfect Brightening Glycolic Essence,Caudalie,Skincare,Moisturizers,59.0,4.2692,66634,535.0,22.42
P472453,Vinosource-Hydra SOS Intense Hydration Moisturizer,Caudalie,Skincare,Moisturizers,45.0,4.0697,11425,502.0,17.1
P474939,Vinopure Natural Salicylic Acid Pore Minimizing Toner,Caudalie,Skincare,Cleansers,30.0,4.0414,21937,459.0,11.4
P468637,Vinoclean Makeup Removing Cleansing Oil,Caudalie,Skincare,Cleansers,30.0,4.3098,15643,439.0,11.4
P480285,Premier Cru Dark Circle Correcting Eye Cream,Caudalie,Skincare,Eye Care,85.0,4.6139,29708,404.0,32.3
P466114,Resveratrol Lift Instant Firming Retinol Alternative Serum,Caudalie,Skincare,Treatments,84.0,4.5722,48739,353.0,31.92
P467750,Resveratrol Lift Retinol Alternative Firming Cashmere Moisturizer,Caudalie,Skincare,Moisturizers,69.0,4.6567,24347,335.0,26.22
P458757,Vinosculpt Lift & Firm Body Cream,Caudalie,Bath & Body,Body Care,45.0,4.3009,16515,226.0,18.0
P480160,Premier Cru Anti Aging Cream Moisturizer with Hyaluronic Acid,Caudalie,Skincare,Moisturizers,129.0,4.6379,20963,243.0,49.02
P471227,Vinoperfect Brightening Glycolic Night Cream,Caudalie,Skincare,Moisturizers,69.0,4.4667,14020,240.0,26.22
P6028,Gentle Buffing Cream,Caudalie,Skincare,Cleansers,35.0,4.3051,8817,236.0,13.3
P504887,Mini Pore Minimizing Instant Detox Mask,Caudalie,Mini Size,Skincare,22.0,4.5015,12857,1029.0,9.9
P480284,Premier Cru Anti-Aging Serum with Niacinamide and Hyaluronic Acid,Caudalie,Skincare,Treatments,139.0,4.75,12449,212.0,52.82
P481818,"Mini Beauty Elixir Prep, Set, Glow Face Mist",Caudalie,Mini Size,Skincare,20.0,4.2396,12735,3405.0,9.0
P471009,Vinoperfect Brightening Glycolic Peel Mask,Caudalie,Skincare,Masks,42.0,4.5365,19999,192.0,15.96
P472455,Vinosource-Hydra SOS Hydrating Hyaluronic Acid Serum,Caudalie,Skincare,Treatments,52.0,4.6614,29046,189.0,19.76
P471541,Vinosource-Hydra Grape Water Gel Moisturizer,Caudalie,Skincare,Moisturizers,45.0,4.2432,7757,185.0,17.1
P468813,Vinoclean Moisturizing Toner with Rose Water,Caudalie,Skincare,Cleansers,30.0,4.3352,14957,176.0,11.4
P469444,Vinoclean Gentle Cleansing Almond Milk,Caudalie,Skincare,Cleansers,30.0,4.3523,10000,176.0,11.4
P467748,Resveratrol Lift Firming Eye Gel-Cream,Caudalie,Skincare,Eye Care,62.0,4.3333,20074,174.0,23.56
P503657,Premier Cru Skin Barrier Rich Moisturizer with Bio-Ceramides,Caudalie,Skincare,Moisturizers,129.0,4.5665,12606,173.0,49.02
P467749,Resveratrol Lift Retinol Alternative Firming Night Moisturizer,Caudalie,Skincare,Moisturizers,72.0,4.407,13614,172.0,27.36
P472451,Vinosource-Hydra Moisturizing Mask,Caudalie,Skincare,Masks,42.0,4.764,17013,161.0,15.96
P470007,Vinoclean Gentle Foam Cleanser,Caudalie,Skincare,Cleansers,30.0,4.1753,11568,154.0,11.4
P478239,Vinopure Purifying Clay Mask,Caudalie,Skincare,Masks,42.0,4.6319,18954,144.0,15.96
P474936,Vinopure Oil-Control Moisturizer for Acne Prone Skin,Caudalie,Skincare,Moisturizers,38.0,4.3885,15759,139.0,14.44
P472452,Vinofresh Natural Aluminum-Free Deodorant,Caudalie,Bath & Body,Body Care,16.0,3.7222,9207,234.0,6.4
P481386,Moisturizing Vegan Body Butter,Caudalie,Bath & Body,Body Moisturizers,38.0,4.5449,6720,156.0,15.2
P500016,Deep Exfoliating Cleanser,Caudalie,Skincare,Cleansers,38.0,4.6923,9182,13.0,14.44
P503655,Mini Grape Water Moisturizing Face Mist,Caudalie,Skincare,Moisturizers,12.0,4.125,9290,8.0,4.56
P504881,Vinoperfect  Brightening Solution Set,Caudalie,Skincare,Value & Gift Sets,82.0,5.0,5361,4.0,31.16
P504848,Resveratrol-Lift Ultimate Firming Set,Caudalie,Skincare,Value & Gift Sets,84.0,4.25,3970,4.0,31.92
P504850,Premier Cru Fine Lines and Wrinkles Anti-Aging Set,Caudalie,Skincare,Value & Gift Sets,139.0,4.0,1926,1.0,52.82
P481366,Isle Glow Face Moisturizer SPF 45 with Sea Moss and Niacinamide,CAY SKIN,Skincare,Sunscreen,34.0,4.2896,15371,442.0,12.92
P481367,Isle Lip Balm SPF 30 with Sea Moss and Aloe Stem Cells,CAY SKIN,Skincare,Lip Balms & Treatments,14.0,4.0814,23148,221.0,5.32
P501587,Deepwater Nourishing Lip Mask with Sea Moss and Aloe Stem Cells,CAY SKIN,Skincare,Lip Balms & Treatments,22.0,4.5818,7510,55.0,8.36
P500399,Isle Glow Body Lotion SPF 45 with Sea Moss and Cocoa Seed Butter,CAY SKIN,Skincare,Sunscreen,38.0,4.617,7565,47.0,14.44
P501577,Deepwater Hydrating & Soothing Body Crème with Sea Moss & Niacinamide,CAY SKIN,Bath & Body,Body Moisturizers,28.0,4.9,4467,30.0,11.2
P500287,Isle Body Oil SPF 30 with Sea Moss and Squalane,CAY SKIN,Skincare,Sunscreen,32.0,4.6,6848,10.0,12.16
P500845,Aceite de Moska Pre-Shampoo Scalp & Hair Oil,Ceremonia,Hair,Hair Styling & Treatments,28.0,4.6492,7468,191.0,12.6
P500849,Scalp Massager,Ceremonia,Hair,Hair Styling & Treatments,16.0,4.9048,7417,21.0,7.2
P500870,Guava Rescue Hair Heat Protectant Spray,Ceremonia,Hair,Hair Styling & Treatments,22.0,4.5743,6771,101.0,9.9
P500841,Guava Hydrating Leave-In Conditioner,Ceremonia,Hair,Hair Styling & Treatments,24.0,4.4297,6672,128.0,10.8
P500891,Papaya Scalp Scrub Shampoo,Ceremonia,Hair,Shampoo & Conditioner,29.0,4.8,6527,115.0,13.05
P500844,Guava Beach Waves Hair Texturizing Spray,Ceremonia,Hair,Hair Styling & Treatments,20.0,4.7048,5671,105.0,9.0
P500884,"Guava Mini Hair Kit - For Heat Protecting, Detangling, Hydrating and Styling",Ceremonia,Hair,Value & Gift Sets,28.0,4.1667,4141,12.0,12.6
P500839,Mascarilla de Babassu Hydrating Hair Mask,Ceremonia,Hair,Hair Styling & Treatments,29.0,4.3719,3442,121.0,13.05
P503156,Açaí Curl Refresher Hair Style Revitalizing Mist,Ceremonia,Hair,Hair Styling & Treatments,20.0,4.7349,3311,83.0,9.0
P500895,Aceite de Moska Hair Oil & Scalp Massager Set,Ceremonia,Hair,Value & Gift Sets,40.0,4.7778,3307,90.0,18.0
P500875,"Mini Hair Hydrating Set: Scalp Care, Shampoo & Treat",Ceremonia,Hair,Value & Gift Sets,38.0,2.8571,2829,7.0,17.1
P500899,Hair Oil Mist con Aloe Vera,Ceremonia,Hair,Hair Styling & Treatments,26.0,4.1333,2749,15.0,11.7
P500877,Pequi Curl Activator Styling Serum,Ceremonia,Hair,Hair Styling & Treatments,27.0,4.2917,2315,72.0,12.15
P500873,Yucca & Witch Hazel Deep Hydrating Shampoo,Ceremonia,Hair,Shampoo & Conditioner,20.0,3.9339,2050,121.0,9.0
P500886,Cupuaçu & Castor Deep Hydrating Conditioner,Ceremonia,Hair,Shampoo & Conditioner,20.0,3.9528,1897,106.0,9.0
P500852,Collapsible Hair Diffuser de Rizos,Ceremonia,Hair,Tools,20.0,4.125,1827,8.0,9.0
P504123,Sunday Reset Duo Treatment - Exfoliating Shampoo and Deep Conditioning Mask,Ceremonia,Hair,Value & Gift Sets,49.0,4.5,1423,4.0,22.05
P503279,Weightless Hydration Shampoo for Fine/Thin Hair,Ceremonia,Hair,Shampoo & Conditioner,20.0,4.6071,1386,84.0,9.0
P500878,Pequi Medium-Hold Styling Hair Gel,Ceremonia,Hair,Hair Styling & Treatments,22.0,4.2,1212,10.0,9.9
P503281,Weightless Hydration Conditioner for Fine/Thin Hair,Ceremonia,Hair,Shampoo & Conditioner,20.0,4.5429,915,70.0,9.0
P500869,Candle de Guava,Ceremonia,Fragrance,Candles & Home Scents,42.0,3.5,840,2.0,12.6
P505025,Weightless Hydration Shampoo and Conditioner Duo for Fine/Thin Hair,Ceremonia,Hair,Value & Gift Sets,34.0,,36,,15.3
P505018,Deep Moisture Shampoo and Conditioner Duo for Thick/Dry Hair,Ceremonia,Hair,Value & Gift Sets,34.0,,29,,15.3
P12495,COCO MADEMOISELLE Eau de Parfum,CHANEL,Fragrance,Women,122.0,4.5667,257774,877.0,36.6
P258612,CHANCE EAU TENDRE Eau de Toilette,CHANEL,Fragrance,Women,100.0,4.6711,181709,605.0,30.0
P440093,Chance Eau Tendre Eau de Parfum,CHANEL,Fragrance,Women,160.0,4.3348,77727,230.0,48.0
P257900,CHANCE EAU FRAÎCHE Eau de Toilette,CHANEL,Fragrance,Women,136.0,4.6633,76097,300.0,40.8
P394949,BLEU DE CHANEL Eau de Parfum,CHANEL,Fragrance,Men,112.0,4.8077,53079,208.0,33.6
P429692,COCO MADEMOISELLE Eau de Parfum Intense,CHANEL,Fragrance,Women,128.0,4.3708,49313,178.0,38.4
P65510,N°5 Eau de Parfum,CHANEL,Fragrance,Women,122.0,4.049,47188,143.0,36.6
P270302,BLEU DE CHANEL Eau de Toilette,CHANEL,Fragrance,Men,96.0,4.7652,44513,115.0,28.8
P422299,GABRIELLE CHANEL Eau de Parfum,CHANEL,Fragrance,Women,160.0,4.2086,43262,350.0,48.0
P449555,GABRIELLE CHANEL ESSENCE Eau de Parfum,CHANEL,Fragrance,Women,160.0,4.5158,39133,95.0,48.0
P138300,CHANCE Eau de Parfum,CHANEL,Fragrance,Women,122.0,4.7692,35626,104.0,36.6
P392141,COCO NOIR,CHANEL,Fragrance,Women,122.0,4.3846,33679,104.0,36.6
P412038,N°5 L’EAU,CHANEL,Fragrance,Women,122.0,3.9457,32214,184.0,36.6
P36680,CHANCE Eau de Toilette,CHANEL,Fragrance,Women,100.0,4.6905,24003,84.0,30.0
P227402,COCO MADEMOISELLE Eau de Parfum Twist and Spray,CHANEL,Fragrance,Value & Gift Sets,125.0,4.6964,22514,56.0,37.5
P461928,COCO MADEMOISELLE L’EAU PRIVÉE Eau Pour la Nuit,CHANEL,Fragrance,Women,136.0,4.0,20689,50.0,40.8
P249815,COCO MADEMOISELLE Moisturizing Body Lotion,CHANEL,Bath & Body,Body Moisturizers,62.0,4.5,20148,28.0,24.8
P424076,CHANCE EAU TENDRE Eau de Toilette Travel Gift Set,CHANEL,Fragrance,Value & Gift Sets,166.0,4.8,18871,10.0,49.8
P246502,COCO MADEMOISELLE Eau de Toilette,CHANEL,Fragrance,Women,100.0,4.6094,18198,64.0,30.0
P399166,CHANCE EAU VIVE,CHANEL,Fragrance,Women,100.0,4.7368,17636,76.0,30.0
P463025,COCO MADEMOISELLE Eau de Parfum Intense Twist & Spray Set,CHANEL,Fragrance,Women,102.0,4.0,16186,12.0,30.6
P457660,Coco Mademoiselle Fresh Hair Mist Spray,CHANEL,Fragrance,Women,70.0,4.0,14279,11.0,21.0
P383438,BLEU DE CHANEL Deodorant Stick,CHANEL,Bath & Body,Body Care,40.0,4.2581,13165,31.0,16.0
P500720,Chance Eau Tendre Eau de Parfum Gift Set,CHANEL,Fragrance,Value & Gift Sets,160.0,3.6667,13148,3.0,48.0
P9576,COCO Eau de Parfum,CHANEL,Fragrance,Women,122.0,4.7,12834,40.0,36.6
P226914,N°5 EAU PREMIÈRE Eau de Parfum,CHANEL,Fragrance,Women,122.0,4.4255,12776,47.0,36.6
P20375,COCO MADEMOISELLE Foaming Shower Gel,CHANEL,Bath & Body,Bath & Shower,62.0,4.4667,12514,15.0,24.8
P432089,BLEU DE CHANEL PARFUM,CHANEL,Fragrance,Men,144.0,4.9091,11686,44.0,43.2
P12481,N°5 Parfum,CHANEL,Fragrance,Women,140.0,4.1,8101,10.0,42.0
P70400,ALLURE HOMME SPORT Eau de Toilette,CHANEL,Fragrance,Men,96.0,4.875,7900,32.0,28.8
P9549,ALLURE Eau de Parfum,CHANEL,Fragrance,Women,122.0,4.3077,7564,26.0,36.6
P48601,N°5 Eau de Toilette,CHANEL,Fragrance,Women,100.0,4.3913,6394,23.0,30.0
P12542,PLATINUM ÉGOÏSTE Eau de Toilette,CHANEL,Fragrance,Men,96.0,4.75,6183,44.0,28.8
P377719,ALLURE HOMME SPORT EAU EXTRÊME Eau de Parfum,CHANEL,Fragrance,Men,112.0,4.7,5870,10.0,33.6
P9550,ALLURE Eau de Toilette,CHANEL,Fragrance,Women,100.0,4.6111,5458,18.0,30.0
P168609,PLATINUM ÉGOÏSTE Deodorant Stick,CHANEL,Bath & Body,Body Care,40.0,4.4615,5026,13.0,16.0
P377718,BLEU DE CHANEL Eau de Toilette Refillable Twist and Spray,CHANEL,Fragrance,Value & Gift Sets,105.0,4.75,4948,8.0,31.5
P9577,COCO Eau de Toilette,CHANEL,Fragrance,Women,100.0,4.619,4749,21.0,30.0
P416960,BLEU DE CHANEL Eau de Parfum Twist and Spray Refill Set,CHANEL,Fragrance,Value & Gift Sets,126.0,4.2857,3244,7.0,37.8
P12539,ALLURE HOMME Eau de Toilette,CHANEL,Fragrance,Men,120.0,4.7333,3058,15.0,36.0
P503211,Bleu de Chanel Eau de Parfum Set,CHANEL,Fragrance,Value & Gift Sets,180.0,,2052,,54.0
P464219,BLEU DE CHANEL Parfum Twist & Spray,CHANEL,Fragrance,Men,156.0,5.0,2043,2.0,46.8
P479695,BLEU DE CHANEL After Shave Lotion,CHANEL,Fragrance,Men,68.0,1.0,1040,1.0,20.4
P447142,Bleu de Chanel 2 in 1 Moisturizer,CHANEL,Bath & Body,Body Moisturizers,68.0,3.0,1017,2.0,27.2
P473115,BLEU DE CHANEL All-over Spray,CHANEL,Bath & Body,Body Care,96.0,,998,,38.4
P503164,Bleu de Chanel Eau de Toilette Set,CHANEL,Fragrance,Value & Gift Sets,184.0,,801,,55.2
P434104,Hollywood Flawless Filter,Charlotte Tilbury,Makeup,Face,49.0,4.3332,496092,2206.0,20.58
P433526,Airbrush Flawless Finish Setting Powder,Charlotte Tilbury,Makeup,Face,48.0,4.1738,484780,1927.0,20.16
P444154,Beauty Highlighter Wand,Charlotte Tilbury,Makeup,Face,42.0,3.6491,450495,741.0,17.64
P433516,Lip Cheat Lip Liner,Charlotte Tilbury,Makeup,Lip,25.0,4.399,436721,416.0,10.5
P458268,Mini Pillow Talk Lipstick & Liner Set,Charlotte Tilbury,Makeup,Mini Size,25.0,3.4859,388911,817.0,10.5
P434002,Hollywood Contour Wand,Charlotte Tilbury,Makeup,Face,42.0,3.7815,359114,659.0,17.64
P433530,Matte Revolution Lipstick,Charlotte Tilbury,Makeup,Lip,35.0,4.3527,340123,567.0,14.7
P467607,Mini Hollywood Flawless Filter,Charlotte Tilbury,Mini Size,Makeup,19.0,4.0197,313943,609.0,8.55
P448869,Airbrush Flawless Longwear Foundation,Charlotte Tilbury,Makeup,Face,49.0,3.7697,304583,2510.0,20.58
P461147,Airbrush Flawless Setting Spray,Charlotte Tilbury,Makeup,Face,38.0,4.4026,265470,1242.0,15.96
P433523,Luxury Eyeshadow Palette,Charlotte Tilbury,Makeup,Eye,55.0,3.9373,237828,399.0,23.1
P467754,Mini Airbrush Flawless Finish Setting Powder,Charlotte Tilbury,Makeup,Mini Size,28.0,3.7475,234562,396.0,11.76
P434101,Eyes To Mesmerize Cream Eyeshadow,Charlotte Tilbury,Makeup,Eye,35.0,4.4094,220095,1219.0,14.7
P433520,Magic Cream Moisturizer with Hyaluronic Acid,Charlotte Tilbury,Skincare,Moisturizers,100.0,4.4045,111513,3434.0,38.0
P461148,Mini Airbrush Flawless Setting Spray,Charlotte Tilbury,Makeup,Mini Size,23.0,4.2684,211352,462.0,9.66
P480286,Beautiful Skin Medium Coverage Liquid Foundation with Hyaluronic Acid,Charlotte Tilbury,Makeup,Face,49.0,3.835,142216,1006.0,20.58
P459144,Airbrush Matte Bronzer,Charlotte Tilbury,Makeup,Cheek,58.0,4.0976,137503,369.0,24.36
P433527,Cheek To Chic Blush,Charlotte Tilbury,Makeup,Cheek,42.0,3.9104,113032,268.0,17.64
P446609,Hot Lips Lipstick 2,Charlotte Tilbury,Makeup,Lip,38.0,4.2977,109233,383.0,15.96
P433531,K.I.S.S.I.N.G Lipstick,Charlotte Tilbury,Makeup,Lip,38.0,3.9275,98277,207.0,15.96
P463822,Mini Filmstar Bronze & Glow Contour Duo,Charlotte Tilbury,Makeup,Mini Size,29.0,3.9045,97986,157.0,12.18
P468347,Hyaluronic Happikiss Lipstick Balm,Charlotte Tilbury,Makeup,Lip,35.0,3.7938,94789,320.0,14.7
P434100,Hot Lips Lipstick,Charlotte Tilbury,Makeup,Lip,35.0,4.0179,89849,223.0,14.7
P454509,Lip Cheat Lip Liner - Pillow Talk Collection,Charlotte Tilbury,Makeup,Lip,25.0,4.2178,88858,528.0,10.5
P449571,Magic Vanish Color Corrector,Charlotte Tilbury,Makeup,Face,32.0,3.8895,84080,380.0,13.44
P500285,Beautiful Skin Sun-Kissed Glow Cream Bronzer,Charlotte Tilbury,Makeup,Cheek,58.0,3.9649,73188,171.0,24.36
P433528,Filmstar Bronze & Glow Contour Duo,Charlotte Tilbury,Makeup,Face,68.0,4.4183,72392,263.0,28.56
P500407,Beautiful Skin Medium to Full Coverage Radiant Concealer with Hyaluronic Acid,Charlotte Tilbury,Makeup,Face,33.0,3.9696,69506,461.0,13.86
P455321,Luxury Eyeshadow Palette - Pillow Talk Collection,Charlotte Tilbury,Makeup,Eye,55.0,3.9418,67767,773.0,23.1
P456368,Matte & Metallic Double Ended Eyeliner - Eye Color Magic Collection,Charlotte Tilbury,Makeup,Eye,32.0,3.34,62510,150.0,13.44
P434009,Collagen Lip Bath Gloss,Charlotte Tilbury,Makeup,Lip,35.0,3.3472,60200,144.0,14.7
P504020,Matte Beauty Blush Wands,Charlotte Tilbury,Makeup,Cheek,42.0,4.4184,58824,533.0,17.64
P475919,Matte Revolution Lipstick - Super Nudes Collection,Charlotte Tilbury,Makeup,Lip,35.0,4.0769,56943,65.0,14.7
P503729,Glow Glide Face Architect Highlighter,Charlotte Tilbury,Makeup,Face,48.0,4.2389,55137,494.0,20.16
P434526,Legendary Brows Tinted Eyebrow Gel,Charlotte Tilbury,Makeup,Eye,26.0,4.5696,53879,381.0,10.92
P462841,Pillow Talk Push Up Lashes Volumizing & Lengthening Mascara,Charlotte Tilbury,Makeup,Eye,29.0,3.7984,51613,977.0,12.18
P454046,Darling Eyeshadow Palette,Charlotte Tilbury,Makeup,Eye,60.0,4.1505,51324,93.0,25.2
P458755,Charlotte’s Magic Serum with Vitamin C,Charlotte Tilbury,Skincare,Treatments,85.0,4.1593,55157,954.0,32.3
P433864,Lip Lustre Lip Gloss,Charlotte Tilbury,Makeup,Lip,25.0,3.3417,48768,120.0,10.5
P433521,Charlotte’s Magic Eye Cream with Retinol,Charlotte Tilbury,Skincare,Eye Care,65.0,4.3539,31496,842.0,24.7
P454508,Matte Revolution Lipstick- Pillow Talk Collection,Charlotte Tilbury,Makeup,Lip,35.0,4.1363,42977,917.0,14.7
P454506,Cheek to Chic Blush - Pillow Talk Collection,Charlotte Tilbury,Makeup,Cheek,42.0,3.967,42335,212.0,17.64
P446610,Superstar Lips Lipstick,Charlotte Tilbury,Makeup,Lip,35.0,4.1731,42117,52.0,14.7
P455323,Lip Lustre Lip Gloss - Pillow Talk Collection,Charlotte Tilbury,Makeup,Lip,25.0,3.4562,37742,160.0,10.5
P461433,Super Nudes Easy Eyeshadow Palette,Charlotte Tilbury,Makeup,Eye,60.0,4.0513,35747,78.0,25.2
P470203,Brow Cheat Refillable Hair-Like Eyebrow Pencil,Charlotte Tilbury,Makeup,Eye,26.0,4.4685,35169,461.0,10.92
P434004,Wonderglow Face Primer,Charlotte Tilbury,Makeup,Face,55.0,3.5646,34551,147.0,23.1
P462843,Jewel Lip Gloss,Charlotte Tilbury,Makeup,Lip,32.0,4.0,34063,40.0,13.44
P454505,Eyeliner - Pillow Talk Collection,Charlotte Tilbury,Makeup,Eye,29.0,4.0811,29228,148.0,12.18
P476843,Cryo-Recovery Depuffing Eye Serum,Charlotte Tilbury,Skincare,Eye Care,70.0,4.3216,15008,510.0,26.6
P433525,Unisex Healthy Glow Tinted Moisturizer,Charlotte Tilbury,Makeup,Face,46.0,3.9533,27459,150.0,19.32
P502270,Refillable Airbrush Flawless Finish Brightening Powder,Charlotte Tilbury,Makeup,Face,48.0,3.7826,25608,23.0,20.16
P462842,Mini Pillow Talk Push Up Lashes Volumizing & Lengthening Mascara,Charlotte Tilbury,Mini Size,Makeup,15.0,2.6512,25582,172.0,6.75
P462845,Luxury Eyeshadow Palette - Walk of No Shame Collection,Charlotte Tilbury,Makeup,Eye,55.0,3.3571,19068,14.0,23.1
P434008,Eye Smudger Brush,Charlotte Tilbury,Makeup,Brushes & Applicators,36.0,4.8824,18974,34.0,15.12
P455322,Superstar Lips Lipstick - Pillow Talk Collection,Charlotte Tilbury,Makeup,Lip,35.0,4.0212,18828,189.0,14.7
P434010,The Classic Eye Powder Pencil,Charlotte Tilbury,Makeup,Eye,24.0,3.8462,18131,65.0,10.08
P434012,Legendary Lashes Volume 2 Mascara,Charlotte Tilbury,Makeup,Eye,32.0,3.8367,17548,196.0,13.44
P433863,Brow Lift Refillable Triangular Eyebrow Pencil,Charlotte Tilbury,Makeup,Eye,26.0,4.4371,16680,286.0,10.92
P454351,K.I.S.S.I.N.G Lipstick - Pillow Talk Collection,Charlotte Tilbury,Makeup,Lip,35.0,4.2462,15120,65.0,14.7
P434527,Brightening Youth Glow Primer,Charlotte Tilbury,Makeup,Face,55.0,3.6129,14627,31.0,23.1
P435975,Mini Charlotte's Magic Cream,Charlotte Tilbury,Skincare,Moisturizers,30.0,3.6585,62966,246.0,11.4
P433532,Feline Flick Volume 2 Liquid Eyeliner,Charlotte Tilbury,Makeup,Eye,32.0,3.1071,13808,56.0,13.44
P471749,Matte Revolution Lipstick - Look of Love Collection,Charlotte Tilbury,Makeup,Lip,38.0,4.3654,13657,52.0,15.96
P459260,Charlotte's Magic Lip Oil Crystal Elixir,Charlotte Tilbury,Makeup,Lip,40.0,2.9398,12895,83.0,16.8
P472458,K.I.S.S.I.N.G Lipstick - Look of Love Collection,Charlotte Tilbury,Makeup,Lip,38.0,4.4545,12818,11.0,15.96
P434528,Pencil Sharpener,Charlotte Tilbury,Tools & Brushes,Beauty Tools,7.0,4.4082,11872,49.0,3.5
P462847,Collagen Lip Bath Gloss  - Walk of No Shame Collection,Charlotte Tilbury,Makeup,Lip,35.0,3.0,11295,21.0,14.7
P470208,Brow Fix Clear Eyebrow Gel,Charlotte Tilbury,Makeup,Eye,26.0,4.3056,10036,288.0,10.92
P500739,Mini Daily Glow Toner with Niacinamide,Charlotte Tilbury,Mini Size,Skincare,19.0,3.0,9527,6.0,8.55
P433519,Refillable Magic Night Moisturizer with Retinol,Charlotte Tilbury,Skincare,Moisturizers,145.0,3.5492,12841,122.0,55.1
P462844,Cheek To Chic Blush - Walk of No Shame Collection,Charlotte Tilbury,Makeup,Cheek,42.0,4.2759,8579,29.0,17.64
P433529,Full Fat Lashes Mascara,Charlotte Tilbury,Makeup,Eye,29.0,3.2907,8448,86.0,12.18
P470204,Brow Cheat Eyebrow Pencil Refill,Charlotte Tilbury,Makeup,Eye,16.0,3.9167,8441,24.0,6.72
P462846,Eye Liner - Walk of No Shame Collection,Charlotte Tilbury,Makeup,Eye,29.0,4.6429,7815,14.0,12.18
P460744,Airbrush Matte Refillable Bronzer,Charlotte Tilbury,Makeup,Cheek,41.0,4.7,7804,10.0,17.22
P500753,Daily Glow Toner with Niacinamide,Charlotte Tilbury,Skincare,Cleansers,55.0,4.381,7914,84.0,20.9
P433522,Goddess Clay Mask,Charlotte Tilbury,Skincare,Masks,58.0,4.3115,11636,61.0,22.04
P446612,Instant Magic Facial Dry Sheet Mask,Charlotte Tilbury,Skincare,Masks,25.0,3.4906,11527,53.0,9.5
P459835,Mini Charlotte’s Magic Serum with Vitamin C,Charlotte Tilbury,Skincare,Mini Size,30.0,3.175,38819,40.0,11.4
P433524,Multi-Miracle Glow Cleansing Balm,Charlotte Tilbury,Skincare,Cleansers,60.0,4.1429,7612,35.0,22.8
P502261,"Mini Take It All Off Bi-Phase Longwear Makeup Remover For Eyes, Lashes & Lips",Charlotte Tilbury,Mini Size,Makeup,16.0,3.5,4292,2.0,7.2
P470206,Brow Lift Eyebrow Pencil Refill,Charlotte Tilbury,Makeup,Eye,16.0,3.9091,3809,11.0,6.72
P476842,Cryo-Recovery Lifting Face Mask with Acupressure Technology,Charlotte Tilbury,Skincare,High Tech Tools,55.0,2.8077,15090,26.0,20.9
P472460,Matte Revolution Lipstick Refill,Charlotte Tilbury,Makeup,Lip,25.0,4.8,3580,5.0,10.5
P502275,Airbrush Flawless Finish Setting Powder Refill,Charlotte Tilbury,Makeup,Face,41.0,4.5,3549,2.0,17.22
P440505,Goddess Cleansing Ritual Duo,Charlotte Tilbury,Skincare,Value & Gift Sets,46.0,4.4545,7741,22.0,17.48
P500248,Collagen Superfusion Firming & Plumping Facial Oil,Charlotte Tilbury,Skincare,Moisturizers,85.0,4.5833,12680,12.0,32.3
P451728,Mini Goddess Clay Mask 15ml Travel Size,Charlotte Tilbury,Skincare,Masks,16.0,3.0833,6446,12.0,6.08
P502248,"Take It All Off Bi-Phase Longwear Makeup Remover For Eyes, Lashes & Lips",Charlotte Tilbury,Makeup,Accessories,32.0,3.4,1798,5.0,13.44
P451727,Mini Magic Night 15ml Travel Size,Charlotte Tilbury,Skincare,Moisturizers,45.0,2.875,5165,8.0,17.1
P472459,K.I.S.S.I.N.G Lipstick Refill,Charlotte Tilbury,Makeup,Lip,25.0,5.0,1731,2.0,10.5
P500238,Mini Collagen Superfusion Firming & Plumping Facial Oil,Charlotte Tilbury,Skincare,Mini Size,30.0,4.7143,13165,7.0,11.4
P502603,Beautiful Skin Bronzing Brush,Charlotte Tilbury,Makeup,Brushes & Applicators,44.0,1.0,1327,1.0,18.48
P477812,Refillable Jumbo Magic Cream Moisturizer with Hyaluronic Acid,Charlotte Tilbury,Skincare,Moisturizers,260.0,3.75,6696,4.0,98.8
P503932,Airbrush Flawless Finish Brightening Powder Refill,Charlotte Tilbury,Makeup,Face,41.0,,1005,,17.22
P462849,Superstar Lips Lipstick - Walk of No Shame Collection,Charlotte Tilbury,Makeup,Lip,35.0,4.75,0,4.0,14.7
P462848,Matte Revolution Lipstick - Walk of No Shame Collection,Charlotte Tilbury,Makeup,Lip,35.0,4.4194,0,31.0,14.7
P462850,Lip Cheat Lip Liner- Walk of No Shame Collection,Charlotte Tilbury,Makeup,Lip,25.0,4.4286,0,7.0,10.5
P256308,Chloé Eau de Parfum,Chloé,Fragrance,Women,147.0,4.4838,143906,2507.0,44.1
P384710,Roses De Chloé Eau de Toilette,Chloé,Fragrance,Women,128.0,4.5154,37072,780.0,38.4
P428451,Nomade Eau de Parfum,Chloé,Fragrance,Women,147.0,4.3566,28064,488.0,44.1
P393664,Love Story,Chloé,Fragrance,Women,147.0,4.4817,20003,218.0,44.1
P428450,Nomade Eau de Parfum Travel Spray,Chloé,Fragrance,Women,38.0,4.3566,19606,488.0,11.4
P400324,Roses De Chloé Eau de Toilette Rollerball,Chloé,Fragrance,Women,31.0,4.5154,15996,780.0,9.3
P377459,Chloé Rollerball,Chloé,Fragrance,Women,38.0,4.482,13390,2494.0,11.4
P502634,Signature Eau de Parfum Set,Chloé,Fragrance,Value & Gift Sets,36.0,4.5,8743,4.0,10.8
P449749,Chloe L'Eau,Chloé,Fragrance,Women,133.0,4.1784,5902,342.0,39.9
P461931,Chloé Rose Tangerine Eau de Toilette,Chloé,Fragrance,Women,124.0,3.9087,5409,438.0,37.2
P419112,Love Story Eau Sensuelle,Chloé,Fragrance,Women,147.0,4.5625,4350,32.0,44.1
P400560,Velvet Matte Lip Colour,Christian Louboutin,Makeup,Lip,90.0,4.3627,49836,102.0,37.8
P419022,Volume Shampoo Paste with Rassoul Clay and Rose Extracts,Christophe Robin,Hair,Hair Styling & Treatments,53.0,3.9431,30186,1001.0,23.85
P434541,Temporary Color Gel,Christophe Robin,Hair,Hair Styling & Treatments,35.0,3.3212,6624,165.0,15.75
P502163,Pre-Shampoo Hydrating Scalp Scrub,Christophe Robin,Hair,Shampoo & Conditioner,43.0,2.2,1824,5.0,19.35
P390961,Makeup Brush Cleaner,Cinema Secrets,Makeup,Brushes & Applicators,24.0,4.3292,99596,1142.0,10.08
P394935,Makeup Brush Cleaner Pro Starter Kit,Cinema Secrets,Makeup,Brushes & Applicators,28.0,4.289,61979,775.0,11.76
P411532,Makeup Brush Cleaner Travel Set,Cinema Secrets,Makeup,Brushes & Applicators,15.0,4.2672,48921,479.0,6.3
P425939,Makeup Brush Cleaner Mini,Cinema Secrets,Mini Size,Makeup,15.0,4.2093,20853,86.0,6.75
P475520,Tropical Lemon Makeup Brush Cleaner Pro Starter Kit,Cinema Secrets,Makeup,Value & Gift Sets,28.0,3.88,12631,25.0,11.76
P481964,Professional Makeup Brush Cleaner - Lemon,Cinema Secrets,Makeup,Brushes & Applicators,45.0,4.0,5114,4.0,18.9
P455420,Brush Cleansing Shampoo,Cinema Secrets,Makeup,Brushes & Applicators,18.0,3.125,2307,8.0,7.56
P421235,Double Serum Firming & Smoothing Anti-Aging Concentrate,Clarins,Skincare,Treatments,90.0,4.2503,59652,2605.0,34.2
P475921,Double Serum Eye Firming & Hydrating Anti-Aging Concentrate,Clarins,Skincare,Eye Care,82.0,4.2278,9415,922.0,31.16
P94812,One-Step Gentle Exfoliating Cleanser with Orange Extract,Clarins,Skincare,Cleansers,39.0,4.6138,25054,523.0,14.82
P95070,Tonic Body Firming & Toning Natural Treatment Oil,Clarins,Bath & Body,Body Care,70.0,4.3969,25953,262.0,28.0
P462666,Total Eye Lift Firming & Smoothing Anti-Aging Eye Cream,Clarins,Skincare,Eye Care,90.0,4.5945,15015,397.0,34.2
P415749,Body Fit Anti-Cellulite Contouring & Firming Expert,Clarins,Bath & Body,Body Care,77.0,4.0385,18756,52.0,30.8
P475084,Extra-Firming Energy + Radiance Boosting Moisturizer,Clarins,Skincare,Moisturizers,93.0,4.3415,1758,205.0,35.34
P130909,Instant Smooth Perfecting Touch Primer,Clarins,Makeup,Face,40.0,4.3822,12197,628.0,16.8
P456194,Extra-Firming + Smoothing Neck & Décolleté Moisturizer,Clarins,Skincare,Moisturizers,96.0,4.6528,8236,193.0,36.48
P408230,V-Facial Instant Depuffing Face Mask,Clarins,Skincare,Masks,67.0,4.7547,26393,159.0,25.46
P407417,Masvelt Body Shaping Cream,Clarins,Bath & Body,Body Care,75.0,4.4074,10263,27.0,30.0
P379064,Lotus Balancing & Hydrating Natural Face Treatment Oil,Clarins,Skincare,Moisturizers,65.0,4.4029,8723,139.0,24.7
P247517,Hand & Nail Nourishing Treatment Cream,Clarins,Bath & Body,Body Moisturizers,32.0,4.332,8933,259.0,12.8
P392004,Blue Orchid Radiance & Hydrating Natural Face Treatment Oil,Clarins,Skincare,Moisturizers,65.0,4.4184,10782,98.0,24.7
P399675,Contour Body Firming & Toning Natural Treatment Oil,Clarins,Bath & Body,Body Care,70.0,4.3684,7643,19.0,28.0
P406941,Multi-Active Anti-Aging Day Moisturizer with SPF 20 for Glowing Skin,Clarins,Skincare,Moisturizers,59.0,3.7467,5083,75.0,22.42
P94902,Instant Eye Waterproof Make-Up Remover,Clarins,Makeup,Accessories,33.0,4.4968,6674,155.0,13.86
P406942,Multi-Active Anti-Aging Night Moisturizer for Glowing Skin,Clarins,Skincare,Moisturizers,62.0,4.2537,8646,67.0,23.56
P456195,Body Fit Anti-Cellulite Contouring & Firming Expert,Clarins,Bath & Body,Body Care,66.0,3.5455,6074,11.0,26.4
P483060,Lip Comfort Hydrating Oil,Clarins,Skincare,Lip Balms & Treatments,28.0,4.3509,35345,57.0,10.64
P392522,Santal Soothing & Hydrating Natural Face Treatment Oil,Clarins,Skincare,Moisturizers,65.0,4.76,8559,25.0,24.7
P430338,Extra-Firming & Smoothing Day Moisturizer with SPF 15,Clarins,Skincare,Moisturizers,93.0,4.0417,5420,24.0,35.34
P469449,Hydrating Gentle Foaming Cleanser with Aloe Vera,Clarins,Skincare,Cleansers,30.0,3.3333,1562,24.0,11.4
P405589,Multi-Active Anti-Aging Day Cream-Gel Moisturizer for Glowing Skin,Clarins,Skincare,Moisturizers,59.0,3.7727,2459,22.0,22.42
P469448,Purifying Gentle Foaming Cleanser with Salicylic Acid,Clarins,Skincare,Cleansers,30.0,2.5294,1195,17.0,11.4
P410657,Extra-Firming & Smoothing Face Mask,Clarins,Skincare,Masks,79.0,4.25,4267,16.0,30.02
P446111,V Shaping Facial Lift Depuff & Contour Serum with Hyaluronic Acid,Clarins,Skincare,Treatments,90.0,3.5714,4239,14.0,34.2
P467755,Hydrating Toner Lotion with Aloe Vera,Clarins,Skincare,Cleansers,30.0,3.8462,3710,13.0,11.4
P208309,Delicious Self-Tanning Cream,Clarins,Bath & Body,Self Tanners,48.0,4.1462,2105,253.0,19.2
P429504,Extra-Firming & Smoothing Night Moisturizer,Clarins,Skincare,Moisturizers,98.0,4.25,5829,8.0,37.24
P469450,Moisture-Rich Hydrating Body Lotion,Clarins,Bath & Body,Body Moisturizers,47.0,4.7143,1739,7.0,18.8
P467756,Soothing Toning Lotion with Chamomile,Clarins,Skincare,Cleansers,30.0,3.375,1484,8.0,11.4
P409227,Multi-Active Anti-Aging Day Moisturizer for Glowing Skin,Clarins,Skincare,Moisturizers,58.0,4.8571,1652,7.0,22.04
P479946,Self Tanning Face & Body Tinted Gel,Clarins,Skincare,Self Tanners,42.0,5.0,1606,4.0,15.96
P467757,Total Cleansing Oil & Makeup Remover,Clarins,Skincare,Cleansers,37.0,3.25,1143,4.0,14.06
P479947,Self Tanning Face & Body Milky Lotion,Clarins,Skincare,Self Tanners,42.0,3.6667,732,3.0,15.96
P501566,Super Restorative Anti-Aging Day Moisturizer,Clarins,Skincare,Moisturizers,132.0,4.6667,566,3.0,50.16
P475083,Skincare Essentials Kit,Clarins,Skincare,Treatments,100.0,3.0,2986,2.0,38.0
P501585,Super Restorative Anti-Aging Night Moisturizer,Clarins,Skincare,Moisturizers,140.0,5.0,595,2.0,53.2
P505118,Masvelt Advanced Body Firming & Shaping Cream,Clarins,Bath & Body,Body Moisturizers,77.0,,392,,30.8
P502608,Double Serum Face & Eye Power Duo,Clarins,Skincare,Value & Gift Sets,99.0,,3113,,37.62
P504851,Double Serum Light Texture Firming & Smoothing Anti-Aging Concentrate,Clarins,Skincare,Treatments,132.0,,294,,50.16
P505335,Hydra-Essentiel Silky Moisturizer with Double Dose Hyaluronic Acid,Clarins,Skincare,Moisturizers,49.0,,282,,18.62
P505385,Anti-Aging Skincare Essentials Set,Clarins,Skincare,Value & Gift Sets,100.0,,2,,38.0
P404356,Reserve - Skin,CLEAN RESERVE,Fragrance,Women,110.0,4.275,33131,280.0,33.0
P456552,Reserve - Radiant Nectar,CLEAN RESERVE,Fragrance,Women,110.0,4.2727,20760,253.0,33.0
P425661,Reserve - Skin Travel Spray,CLEAN RESERVE,Fragrance,Women,29.0,4.1949,20560,118.0,8.7
P294713,Classic - Skin,CLEAN RESERVE,Fragrance,Women,44.0,4.3305,18286,351.0,13.2
P179007,Classic - Warm Cotton,CLEAN RESERVE,Fragrance,Women,74.0,4.0411,18145,584.0,22.2
P456553,Reserve - Radiant Nectar Travel Spray,CLEAN RESERVE,Mini Size,Fragrance,29.0,4.4655,17224,116.0,13.05
P474819,Reserve - Perfume Discovery Set,CLEAN RESERVE,Fragrance,Value & Gift Sets,24.0,3.5278,16056,36.0,7.2
P404358,Reserve - Rain,CLEAN RESERVE,Fragrance,Women,110.0,4.2595,13370,131.0,33.0
P429079,Reserve - Acqua Neroli,CLEAN RESERVE,Fragrance,Women,110.0,4.1514,11079,218.0,33.0
P429078,Reserve - Acqua Neroli Travel Spray,CLEAN RESERVE,Fragrance,Women,29.0,4.4667,10993,90.0,8.7
P425662,Reserve - Rain Travel Spray,CLEAN RESERVE,Fragrance,Women,29.0,4.32,10370,75.0,8.7
P503857,Reserve - Sparkling Sugar,CLEAN RESERVE,Fragrance,Women,110.0,4.2182,9548,55.0,33.0
P425663,Reserve - Warm Cotton Travel Spray,CLEAN RESERVE,Fragrance,Women,29.0,4.519,9247,79.0,8.7
P503859,Reserve - Sparkling Sugar Travel Spray,CLEAN RESERVE,Fragrance,Women,29.0,4.0286,8974,35.0,8.7
P404354,Reserve - Warm Cotton,CLEAN RESERVE,Fragrance,Women,110.0,3.4521,8782,292.0,33.0
P468816,Reserve - Lush Fleur,CLEAN RESERVE,Fragrance,Women,110.0,3.878,6740,82.0,33.0
P415222,Reserve - Sel Santal,CLEAN RESERVE,Fragrance,Women,110.0,3.9845,6478,129.0,33.0
P442521,Reserve - Solar Bloom Travel Spray,CLEAN RESERVE,Fragrance,Women,29.0,4.1316,6238,38.0,8.7
P442520,Reserve - Solar Bloom,CLEAN RESERVE,Fragrance,Women,110.0,4.2346,6178,81.0,33.0
P504292,Mini Clean Reserve Travel Set,CLEAN RESERVE,Fragrance,Value & Gift Sets,35.0,4.875,5319,8.0,10.5
P468817,Reserve - Lush Fleur Travel Spray,CLEAN RESERVE,Fragrance,Women,29.0,3.878,5139,82.0,8.7
P502239,Clean Reserve Eau de Parfum Set,CLEAN RESERVE,Fragrance,Value & Gift Sets,35.0,4.0,4404,5.0,10.5
P426097,Reserve - Sel Santal Travel Spray,CLEAN RESERVE,Fragrance,Women,29.0,4.2424,4372,33.0,8.7
P504281,Mini Clean Classic Rollerball Perfume Set,CLEAN RESERVE,Fragrance,Value & Gift Sets,22.0,5.0,2720,1.0,6.6
P126301,Take The Day Off Cleansing Balm Makeup Remover,CLINIQUE,Skincare,Cleansers,38.0,4.5294,185324,4375.0,14.44
P453816,Mini Take The Day Off Cleansing Balm Makeup Remover,CLINIQUE,Skincare,Mini Size,14.0,4.5294,37388,4375.0,5.32
P122900,Dramatically Different Moisturizing Gel,CLINIQUE,Skincare,Moisturizers,32.5,4.4383,95864,3977.0,12.35
P122751,Almost Lipstick,CLINIQUE,Makeup,Lip,23.0,4.4177,214294,4036.0,9.66
P384996,Cheek Pop Blush,CLINIQUE,Makeup,Cheek,29.0,4.4981,163884,1060.0,12.18
P139000,All About Clean Liquid Facial Soap,CLINIQUE,Skincare,Cleansers,23.5,4.3694,57395,2206.0,8.93
P381030,Dramatically Different Moisturizing Lotion+,CLINIQUE,Skincare,Moisturizers,32.5,3.9101,92239,2124.0,12.35
P393325,Beyond Perfecting Foundation + Concealer,CLINIQUE,Makeup,Face,37.0,3.7543,112957,2572.0,15.54
P479734,Smart Clinical Repair Wrinkle Correcting Eye Cream,CLINIQUE,Skincare,Eye Care,57.0,4.24,3109,2017.0,21.66
P279113,Chubby Stick Moisturizing Lip Colour Balm,CLINIQUE,Makeup,Lip,21.0,4.3431,104751,2469.0,8.82
P500718,Smart Clinical Repair Wrinkle Correcting Cream,CLINIQUE,Skincare,Moisturizers,68.0,4.178,1237,1899.0,25.84
P468351,Moisture Surge 100H Auto-Replenishing Hydrator Moisturizer,CLINIQUE,Skincare,Moisturizers,82.0,4.2522,38202,1729.0,31.16
P473267,Smart Clinical Repair Wrinkle Correcting Serum,CLINIQUE,Skincare,Treatments,71.0,4.194,4293,1670.0,26.98
P122735,"Take The Day Off Makeup Remover For Lids, Lashes & Lips",CLINIQUE,Makeup,Accessories,23.5,4.5075,89554,3214.0,9.87
P122774,All About Eyes Eye Cream,CLINIQUE,Skincare,Eye Care,37.0,4.0722,32398,1635.0,14.06
P174502,All About Eyes Rich Eye Cream,CLINIQUE,Skincare,Eye Care,37.0,4.1444,68979,1614.0,14.06
P234967,Even Better Makeup Broad Spectrum SPF 15 Foundation,CLINIQUE,Makeup,Face,34.0,4.1825,83409,2603.0,14.28
P122882,Clarifying Lotion 2,CLINIQUE,Skincare,Cleansers,20.0,4.3815,38875,1376.0,7.6
P122718,Exfoliating Face Scrub,CLINIQUE,Skincare,Cleansers,26.0,4.6122,40899,1194.0,9.88
P385432,Acne Solutions Clinical Clearing Gel,CLINIQUE,Skincare,Treatments,32.0,4.2234,59548,1079.0,12.16
P188309,Acne Solutions Cleansing Foam,CLINIQUE,Skincare,Cleansers,23.5,4.1686,43458,1038.0,8.93
P188307,Acne Solutions Clarifying Lotion,CLINIQUE,Skincare,Cleansers,20.0,4.4042,40683,1007.0,7.6
P403817,Pep-Start Eye Cream,CLINIQUE,Skincare,Eye Care,32.0,3.6769,47677,1006.0,12.16
P122881,Clarifying Lotion 3,CLINIQUE,Skincare,Cleansers,20.0,4.3181,24326,918.0,7.6
P384505,All About Shadow 8-Pan Palette,CLINIQUE,Makeup,Eye,46.0,4.2762,47428,344.0,19.32
P257537,All About Eyes Serum De-Puffing Eye Massage,CLINIQUE,Skincare,Eye Care,37.0,3.7691,24355,905.0,14.06
P122912,High Impact Mascara,CLINIQUE,Makeup,Eye,23.0,4.2856,46607,2770.0,9.66
P206900,Lash Power Mascara Long-Wearing Formula,CLINIQUE,Makeup,Eye,23.0,4.3192,45752,2243.0,9.66
P122762,Rinse-Off Foaming Cleanser,CLINIQUE,Skincare,Cleansers,23.5,4.4933,17770,821.0,8.93
P122661,7 Day Face Scrub Cream Rinse-Off Formula,CLINIQUE,Skincare,Cleansers,26.0,4.5321,16656,810.0,9.88
P122748,Stay-Matte Sheer Pressed Powder,CLINIQUE,Makeup,Face,37.0,4.3333,42543,1371.0,15.54
P310726,Stay-Matte Oil-Free Makeup Foundation,CLINIQUE,Makeup,Face,34.0,4.0516,41729,1317.0,14.28
P279510,Bottom Lash Mascara,CLINIQUE,Makeup,Eye,16.0,4.4452,41525,1642.0,6.72
P432241,Dramatically Different Hydrating Jelly,CLINIQUE,Skincare,Moisturizers,45.0,3.8743,32096,716.0,17.1
P188306,Acne Solutions All-Over Clearing Treatment Oil-Free,CLINIQUE,Skincare,Treatments,26.0,4.0182,17157,713.0,9.88
P378639,Moisture Surge CC Cream Hydrating Colour Corrector Broad Spectrum SPF 30,CLINIQUE,Makeup,Face,42.0,3.78,40156,800.0,17.64
P305114,Quickliner For Eyes Intense Eyeliner,CLINIQUE,Makeup,Eye,23.0,3.8599,39956,628.0,9.66
P393633,Chubby Stick Sculpting Contour,CLINIQUE,Makeup,Face,29.0,3.7737,33726,243.0,12.18
P201440,Redness Solutions with Probiotic Technology Daily Relief Cream,CLINIQUE,Skincare,Moisturizers,56.0,4.0051,19437,583.0,21.28
P432242,Blackhead Solutions 7 Day Deep Pore Cleanse & Face Scrub,CLINIQUE,Skincare,Cleansers,26.5,4.1125,24438,569.0,10.07
P384821,Take The Day Off  Cleansing Oil Makeup Remover,CLINIQUE,Skincare,Moisturizers,34.5,4.3309,29640,550.0,13.11
P122736,Superpowder Double Face Makeup Foundation,CLINIQUE,Makeup,Face,37.0,4.3206,27481,705.0,15.54
P501008,Pop Plush Creamy Lip Gloss,CLINIQUE,Makeup,Lip,21.0,4.3424,27272,330.0,8.82
P196542,City Block Sheer Oil-Free Daily Face Protector Broad Spectrum SPF 25 Primer,CLINIQUE,Skincare,Sunscreen,30.0,4.1146,7325,480.0,11.4
P387634,Chubby Stick Cheek Colour Balm Blush,CLINIQUE,Makeup,Cheek,29.0,4.3913,26023,184.0,12.18
P428662,Pop Splash Lip Gloss,CLINIQUE,Makeup,Lip,20.0,4.373,25819,126.0,8.4
P377577,Moisture Surge Overnight Face Mask,CLINIQUE,Skincare,Masks,40.0,4.4772,33104,461.0,15.2
P196524,Acne Solutions Cleansing Bar For Face and Body,CLINIQUE,Skincare,Cleansers,19.5,4.3638,17889,459.0,7.41
P122866,Lash Building Primer,CLINIQUE,Makeup,Eye,21.0,4.2907,24084,774.0,8.82
P406924,Take The Day Off Micellar Cleansing Towelettes for Face & Eyes Makeup Remover,CLINIQUE,Makeup,Accessories,18.5,3.6875,23292,352.0,7.77
P425860,Mini Dramatically Different Moisturizing Gel,CLINIQUE,Mini Size,Skincare,17.0,4.4383,23012,3977.0,7.65
P122765,Quickliner For Eyes Eyeliner,CLINIQUE,Makeup,Eye,23.0,4.2676,22848,1532.0,9.66
P122740,Superbalanced Makeup Foundation,CLINIQUE,Makeup,Face,34.0,4.1914,22746,930.0,14.28
P282920,Pore Refining Solutions Correcting Serum,CLINIQUE,Skincare,Treatments,55.0,3.8603,9788,408.0,20.9
P122641,Clinique Happy,CLINIQUE,Fragrance,Women,62.0,4.473,21297,649.0,18.6
P393634,Chubby Stick Sculpting Highlight,CLINIQUE,Makeup,Face,29.0,4.0586,20969,239.0,12.18
P425857,Mini Dramatically Different Moisturizing Lotion+,CLINIQUE,Mini Size,Skincare,6.5,3.9101,20957,2124.0,2.92
P374841,Even Better Eyes Dark Circle Corrector,CLINIQUE,Skincare,Eye Care,44.0,3.2428,15610,383.0,16.72
P422881,Even Better Glow Light Reflecting Makeup Broad Spectrum SPF 15 Foundation,CLINIQUE,Makeup,Face,34.0,4.3028,20664,142.0,14.28
P122914,"Airbrush Concealer Illuminates, Perfects",CLINIQUE,Makeup,Face,28.0,4.1732,20466,462.0,11.76
P415773,Pep-Start Daily UV Protector Broad Spectrum SPF 50,CLINIQUE,Skincare,Sunscreen,23.0,4.2521,19781,365.0,8.74
P468639,Even Better Clinical Serum Foundation Broad Spectrum SPF 25,CLINIQUE,Makeup,Face,44.0,3.705,19789,139.0,18.48
P381918,All About Shadow Quad Eye Shadow,CLINIQUE,Makeup,Eye,36.0,4.2128,19664,141.0,15.12
P461436,Even Better All-Over Concealer + Eraser,CLINIQUE,Makeup,Face,29.0,4.2447,19553,94.0,12.18
P122668,Blended Face Powder,CLINIQUE,Makeup,Face,34.0,4.3629,19204,631.0,14.28
P502266,Must-Have Makeup Set,CLINIQUE,Makeup,Value & Gift Sets,35.0,4.3333,18962,12.0,14.7
P425858,Mini Acne Solutions Clinical Clearing Gel,CLINIQUE,Mini Size,Skincare,21.0,4.2234,18957,1079.0,9.45
P122694,Line Smoothing Concealer,CLINIQUE,Makeup,Face,26.0,4.0591,16986,711.0,10.92
P377219,High Impact Waterproof Mascara,CLINIQUE,Makeup,Eye,23.0,3.9654,16390,405.0,9.66
P201439,Redness Solutions Soothing Cleanser,CLINIQUE,Skincare,Cleansers,26.5,4.1672,9881,287.0,10.07
P122727,Repairwear Anti-Gravity Eye Cream,CLINIQUE,Skincare,Eye Care,54.0,4.1702,11912,282.0,20.52
P244701,Acne Solutions Oil-Control Cleansing Mask,CLINIQUE,Skincare,Masks,29.0,4.4769,18472,281.0,11.02
P421227,Beyond Perfecting Super Concealer Camouflage + 24-Hour Wear,CLINIQUE,Makeup,Face,24.0,4.0522,15709,249.0,10.08
P439643,Clinique iD Custom-Blend Hydrator Collection,CLINIQUE,Skincare,Moisturizers,41.0,3.631,59756,271.0,15.58
P122782,Repairwear Intensive Lip Treatment,CLINIQUE,Skincare,Lip Balms & Treatments,31.5,4.2963,15182,270.0,11.97
P385631,"Great Skin, Great Deal Set for Combination Oily Skin",CLINIQUE,Skincare,Value & Gift Sets,32.5,4.3321,39928,268.0,12.35
P503747,Take The Day Off Charcoal Cleansing Balm Makeup Remover,CLINIQUE,Skincare,Cleansers,38.0,4.5521,2618,259.0,14.44
P293010,Age Defense BB Cream Broad Spectrum SPF 30,CLINIQUE,Makeup,Face,42.0,3.8583,14741,762.0,17.64
P417984,Moisture Surge Hydrating Supercharged Concentrate,CLINIQUE,Skincare,Moisturizers,44.0,4.0246,19480,244.0,16.72
P232327,Broad Spectrum SPF 50 Sunscreen Face Cream,CLINIQUE,Skincare,Sunscreen,30.0,3.9706,16286,238.0,11.4
P122876,Clarifying Lotion 4,CLINIQUE,Skincare,Cleansers,20.0,4.385,5508,226.0,7.6
P283304,Pore Refining Solutions Instant Perfector,CLINIQUE,Makeup,Face,23.0,4.2708,13294,288.0,9.66
P411552,Superbalanced Silk Makeup Broad Spectrum SPF 15 Foundation,CLINIQUE,Makeup,Face,33.0,3.8944,12952,180.0,13.86
P122651,Clarifying Lotion 1,CLINIQUE,Skincare,Cleansers,20.0,4.515,7569,200.0,7.6
P432243,Blackhead Solutions Self-heating Blackhead Extractor,CLINIQUE,Skincare,Cleansers,32.0,3.0859,33034,198.0,12.16
P411531,Clinique Pop Liquid Matte Lip Colour + Primer Lipstick,CLINIQUE,Makeup,Lip,19.5,3.6774,12064,62.0,8.19
P385632,"Great Skin, Great Deal Set for Dry Combination Skin",CLINIQUE,Skincare,Value & Gift Sets,32.5,4.2143,29926,182.0,12.35
P433652,The Best of Black Honey All About Shadow Palette,CLINIQUE,Makeup,Eye,46.0,4.5,10930,28.0,19.32
P122767,All About Lips,CLINIQUE,Skincare,Lip Balms & Treatments,28.0,4.0178,6581,169.0,10.64
P398717,Dramatically Different Moisturizing Cream,CLINIQUE,Skincare,Moisturizers,32.5,4.4085,8553,164.0,12.35
P416824,Fresh Pressed Daily Booster with Pure Vitamin C 10%,CLINIQUE,Skincare,Treatments,85.0,3.9299,23281,157.0,32.3
P122654,Deep Comfort Body Butter,CLINIQUE,Bath & Body,Body Moisturizers,38.0,4.7107,10245,242.0,15.2
P377576,Repairwear Laser Focus Wrinkle Correcting Eye Cream,CLINIQUE,Skincare,Eye Care,54.0,3.9067,9568,150.0,20.52
P457692,Moisture Surge Sheertint Hydrator Broad Spectrum SPF 25 Tinted Moisturizer,CLINIQUE,Makeup,Face,42.0,3.5147,10015,68.0,17.64
P443383,Moisture Surge Eye 96-Hour Hydro-Filler Concentrate,CLINIQUE,Skincare,Eye Care,37.0,3.338,11769,142.0,14.06
P122807,True Bronze Pressed Powder Bronzer,CLINIQUE,Makeup,Cheek,37.0,4.5299,9615,251.0,15.54
P302900,Turnaround Revitalizing Serum,CLINIQUE,Skincare,Treatments,53.0,4.3261,6909,138.0,20.14
P223704,"Mini Take The Day Off Makeup Remover For Lids, Lashes & Lips",CLINIQUE,Mini Size,Makeup,13.0,4.0278,9448,36.0,5.85
P382504,Superprimer Face Primer - Universal Face Primer,CLINIQUE,Makeup,Face,34.0,4.2674,8967,172.0,14.28
P122834,Lash Doubling Mascara,CLINIQUE,Makeup,Eye,23.0,4.0372,8779,699.0,9.66
P392472,All About Clean Foaming Facial Soap,CLINIQUE,Skincare,Cleansers,23.5,4.0254,5092,118.0,8.93
P407040,Acne Solutions Acne + Line Correcting Serum,CLINIQUE,Skincare,Treatments,52.0,4.1304,9778,115.0,19.76
P122749,Sparkle Skin Body Exfoliator,CLINIQUE,Bath & Body,Bath & Shower,34.0,4.3537,8514,147.0,13.6
P122739,Superbalm Lip Treatment,CLINIQUE,Makeup,Lip,19.0,4.2869,8487,237.0,7.98
P122763,Rinse-Off Eye Makeup Solvent,CLINIQUE,Makeup,Accessories,23.5,4.2505,8420,535.0,9.87
P374580,High Impact Extreme Volume Mascara,CLINIQUE,Makeup,Eye,25.0,3.6224,8188,490.0,10.5
P393501,Acne Solutions Cleansing Gel,CLINIQUE,Skincare,Treatments,23.5,3.8725,7215,102.0,8.93
P463613,Moisture Surge Intense 72H Lipid-Replenishing Hydrator Moisturizer,CLINIQUE,Skincare,Moisturizers,44.0,3.4688,6473,96.0,16.72
P374115,Pore Refining Solutions Stay-Matte Hydrator,CLINIQUE,Skincare,Moisturizers,44.0,4.0761,7842,92.0,16.72
P455622,Even Better Clinical Radical Dark Spot Corrector + Interrupter Serum,CLINIQUE,Skincare,Treatments,85.0,3.5824,22013,91.0,32.3
P474940,Mini Even Better Clinical Radical Dark Spot Corrector + Interrupter Serum,CLINIQUE,Skincare,Treatments,21.0,3.5824,1728,91.0,7.98
P456991,Superdefense City Block Broad Spectrum SPF 50 Daily Energy + Face Protector Primer,CLINIQUE,Skincare,Sunscreen,32.0,3.6932,5615,88.0,12.16
P410101,Broad Spectrum SPF 50 Mineral Sunscreen Fluid for Face,CLINIQUE,Skincare,Sunscreen,31.0,3.4405,8842,84.0,11.78
P277401,Redness Solutions Instant Relief Mineral Pressed Powder,CLINIQUE,Makeup,Face,36.0,3.4862,7037,218.0,15.12
P400708,Quickliner For Lips Intense Lip Liner,CLINIQUE,Makeup,Lip,22.0,4.25,6218,20.0,9.24
P407381,Sun-Kissed Face Gelee Complexion Multitasker Bronzer,CLINIQUE,Skincare,Self Tanners,34.0,4.2857,13842,63.0,12.92
P381916,All About Shadow Single Eye Shadow,CLINIQUE,Makeup,Eye,22.0,4.4915,6099,59.0,9.24
P446874,Even Better Refresh Hydrating and Repairing Makeup Foundation,CLINIQUE,Makeup,Face,37.0,4.0,5900,29.0,15.54
P426374,Beyond Perfecting Powder Foundation + Concealer,CLINIQUE,Makeup,Face,37.0,3.6857,5851,35.0,15.54
P122675,Naturally Gentle Eye Makeup Remover,CLINIQUE,Makeup,Accessories,23.5,4.3597,5712,253.0,9.87
P468818,Mini Moisture Surge 100H Auto-Replenishing Hydrator Moisturizer,CLINIQUE,Skincare,Mini Size,16.0,4.2182,8723,55.0,6.08
P407483,Stay-Matte Universal Blotting Powder,CLINIQUE,Makeup,Face,37.0,4.0286,5413,35.0,15.54
P448563,Clinique Smart Clinical MD Multi-Dimensional Age Transformer Revolumize,CLINIQUE,Skincare,Moisturizers,74.0,3.3265,1423,49.0,28.12
P433472,Clinique Happy Heart,CLINIQUE,Fragrance,Women,62.0,4.8,4984,10.0,18.6
P409920,Clarifying Lotion 1.0 Twice A Day Exfoliator,CLINIQUE,Skincare,Cleansers,32.0,3.6429,3470,42.0,12.16
P309409,Repairwear Uplifting Firming Cream,CLINIQUE,Skincare,Moisturizers,74.0,3.7143,2408,42.0,28.12
P417323,Fresh Pressed Renewing Powder Cleanser with Pure Vitamin C,CLINIQUE,Skincare,Cleansers,39.0,4.3684,5608,38.0,14.82
P122665,Face Scrub,CLINIQUE,Men,Skincare,25.0,4.7305,4621,167.0,10.5
P385254,Clinique For Men Anti-Age Moisturizer,CLINIQUE,Men,Skincare,44.0,4.8889,4612,9.0,18.48
P405286,Smart Broad Spectrum SPF 15 Custom-Repair Moisturizer for Dry Combination Skin,CLINIQUE,Skincare,Moisturizers,64.0,4.3143,3174,35.0,24.32
P398713,Charcoal Face Wash,CLINIQUE,Men,Skincare,26.5,4.7308,4420,26.0,11.13
P257804,Clinique For Men Anti-Age Eye Cream,CLINIQUE,Men,Skincare,37.0,4.3333,4283,33.0,15.54
P431738,Clinique For Men Anti-Aging Starter Kit,CLINIQUE,Men,Value & Gift Sets,17.0,3.0,4238,5.0,7.14
P479715,High Impact Mascara Mini,CLINIQUE,Mini Size,Makeup,12.0,4.1429,4110,7.0,5.4
P439648,Clinique iD:  Moisturizer + Concentrate for Pores & Uneven Texture,CLINIQUE,Skincare,Moisturizers,41.0,3.1538,904,26.0,15.58
P481065,High Impact Lash Amplifying Serum,CLINIQUE,Makeup,Eye,49.0,4.0667,3712,15.0,20.58
P481064,High Impact Easy Liquid Eyeliner,CLINIQUE,Makeup,Eye,24.0,3.6429,3556,28.0,10.08
P469451,All About Clean 2-in-1 Cleansing + Exfoliating Jelly,CLINIQUE,Skincare,Cleansers,26.5,4.5652,4781,23.0,10.07
P122699,Aromatics Elixir,CLINIQUE,Fragrance,Women,88.0,4.3041,3347,194.0,26.4
P122635,Clinique Happy for Men,CLINIQUE,Fragrance,Men,59.0,4.7976,3294,84.0,17.7
P435207,Clinique For Men Super Energizer Anti-Fatigue Depuffing Eye Gel,CLINIQUE,Men,Skincare,37.0,4.2222,3226,9.0,15.54
P122806,Broad Spectrum SPF 21 Moisturizer,CLINIQUE,Men,Skincare,36.0,4.3529,3116,68.0,15.12
P122761,Exfoliating Tonic,CLINIQUE,Men,Skincare,20.0,4.5417,3039,48.0,8.4
P471011,Take The Day Off Cleansing Balm Makeup Remover Duo,CLINIQUE,Skincare,Value & Gift Sets,48.0,4.7778,7837,18.0,18.24
P122770,Post-Shave Soother,CLINIQUE,Men,Shaving,27.0,4.7174,2860,46.0,11.34
P456992,Superdefense SPF 25 Fatigue + 1st Signs of Age Multi-Correcting Cream,CLINIQUE,Skincare,Moisturizers,56.0,3.8824,3096,17.0,21.28
P500771,Smart Clinical Repair Wrinkle Correcting Rich Cream,CLINIQUE,Skincare,Moisturizers,68.0,4.4118,574,17.0,25.84
P448564,Clinique Smart Clinical MD Multi-Dimensional Age Transformer Resculpt,CLINIQUE,Skincare,Moisturizers,74.0,3.6875,1410,16.0,28.12
P122683,Oil Control Mattifying Moisturizer,CLINIQUE,Men,Skincare,36.0,4.2083,2695,48.0,15.12
P376946,Repairwear Uplifting Firming Cream Broad Spectrum SPF 15,CLINIQUE,Skincare,Moisturizers,72.0,3.4,1195,15.0,27.36
P503737,Mini Take The Day Off Charcoal Cleansing Balm Makeup Remover,CLINIQUE,Mini Size,Skincare,14.0,4.5521,2454,259.0,6.3
P385256,Oil Control Face Wash,CLINIQUE,Men,Skincare,23.5,4.3125,2447,16.0,9.87
P390987,Purifying Cleansing Brush Head Refill,CLINIQUE,Skincare,High Tech Tools,32.0,4.5385,3095,13.0,12.16
P448561,Clinique For Men Maximum Hydrator 72-Hour Auto-Replenishing Hydrator,CLINIQUE,Men,Skincare,44.0,5.0,2223,11.0,18.48
P501526,Even Better All-Over Primer + Color Corrector,CLINIQUE,Makeup,Face,29.0,3.8,2159,5.0,12.18
P122809,Moisturizing Lotion,CLINIQUE,Men,Skincare,36.0,4.475,2150,40.0,15.12
P448565,Clinique Smart Clinical MD Multi-Dimensional Age Transformer Duo Resculpt + Revolumize,CLINIQUE,Skincare,Moisturizers,74.0,3.0,1968,11.0,28.12
P122772,Non-Streak Bronzer,CLINIQUE,Bath & Body,Self Tanners,26.0,4.386,2018,57.0,10.4
P474942,Refresh in 5,CLINIQUE,Skincare,Value & Gift Sets,25.0,4.6667,12369,9.0,9.5
P448560,Clinique For Men Maximum Hydrator Eye 96-Hour Hydro-Filler Concentrate,CLINIQUE,Men,Skincare,37.0,4.75,1859,4.0,15.54
P122682,Aloe Shave Gel,CLINIQUE,Men,Shaving,23.0,4.7368,1811,38.0,9.66
P467608,Smart Night Clinical MD Multi-Dimensional Repair Treatment Retinol Serum,CLINIQUE,Skincare,Treatments,74.0,4.75,2689,8.0,28.12
P469452,All About Clean 2-in-1 Charcoal Face Mask + Scrub,CLINIQUE,Skincare,Masks,33.0,3.75,1746,8.0,12.54
P405825,Repairwear Laser Focus Line Smoothing Cream Broad Spectrum SPF 15 for Very Dry to Dry Combination Skin,CLINIQUE,Skincare,Moisturizers,61.0,4.125,1535,8.0,23.18
P483653,Light Up Your Eyes Set,CLINIQUE,Makeup,Eye,45.0,5.0,1604,2.0,18.9
P439099,Clarifying Lotion 2,CLINIQUE,Skincare,Cleansers,36.0,4.4286,545,7.0,13.68
P405285,Smart Broad Spectrum SPF 15 Custom-Repair Moisturizer for Very Dry to Dry Skin,CLINIQUE,Skincare,Moisturizers,64.0,4.5,1428,6.0,24.32
P439098,Clarifying Lotion 3,CLINIQUE,Skincare,Cleansers,36.0,4.1667,577,6.0,13.68
P480289,Mini Acne Solutions Cleansing Foam,CLINIQUE,Skincare,Cleansers,11.0,4.0,1874,5.0,4.18
P481668,Clarifying Do-Over Peel,CLINIQUE,Skincare,Treatments,35.0,3.0,1064,5.0,13.3
P481062,"Clean Skin, Fresh Start Acne Solutions Kit",CLINIQUE,Skincare,Value & Gift Sets,24.5,3.0,2441,4.0,9.31
P500790,Mini Smart Clinical Repair Wrinkle Correcting Cream,CLINIQUE,Mini Size,Skincare,22.0,4.4375,1063,16.0,9.9
P122626,Cream Shave,CLINIQUE,Men,Shaving,23.0,4.4444,1029,36.0,9.66
P481066,High Impact Zero Gravity Mascara,CLINIQUE,Makeup,Eye,25.0,3.8,1000,5.0,10.5
P406656,Repairwear Laser Focus Line Smoothing Cream Broad Spectrum SPF 15 for Combination Oily to Oily Skin,CLINIQUE,Skincare,Moisturizers,53.0,3.6667,690,3.0,20.14
P474941,3 Step Intro Kit Type II,CLINIQUE,Skincare,Value & Gift Sets,21.0,2.0,865,2.0,7.98
P501164,Hydrate & Glow Skincare Set,CLINIQUE,Skincare,Value & Gift Sets,42.0,,2557,,15.96
P504674,Even Better Brightening Moisturizer SPF 20,CLINIQUE,Skincare,Moisturizers,59.0,,313,,22.42
P433827,"Take The Day Off Makeup Remover For Lids, Lashes & Lips Jumbo",CLINIQUE,Makeup,Accessories,31.5,4.5,0,2.0,13.23
P469065,Dream Coat Supernatural Spray Anti-Frizz Treatment,COLOR WOW,Hair,Hair Styling & Treatments,28.0,3.9787,104182,939.0,12.6
P469067,Mini Dream Coat Supernatural Spray Anti-Frizz Treatment,COLOR WOW,Hair,Mini Size,12.0,3.9787,66755,939.0,5.4
P469131,Money Mask Deep Hydrating & Strengthening Hair Treatment,COLOR WOW,Hair,Hair Styling & Treatments,45.0,4.4255,27168,369.0,20.25
P469149,Raise the Root Thicken and Lift Spray,COLOR WOW,Hair,Hair Styling & Treatments,24.0,3.6034,23877,58.0,10.8
P474314,Xtra Large Bombshell Volumizer,COLOR WOW,Hair,Hair Styling & Treatments,26.0,4.3262,23803,233.0,11.7
P469143,Pop + Lock Frizz Control + Glossing Serum,COLOR WOW,Hair,Hair Styling & Treatments,20.0,4.0,18608,67.0,9.0
P469154,Root Coverup Powder,COLOR WOW,Hair,Hair Styling & Treatments,34.5,4.2056,18021,214.0,15.52
P469066,Dream Coat Anti-Frizz Treatment for Curly Hair,COLOR WOW,Hair,Hair Styling & Treatments,24.0,3.7154,17764,130.0,10.8
P469139,One Minute Transformation Anti Frizz Styling Cream,COLOR WOW,Hair,Hair Styling & Treatments,24.0,4.4258,16601,209.0,10.8
P469083,Extra Mist-ical Shine Spray,COLOR WOW,Hair,Hair Styling & Treatments,29.0,4.1522,12304,46.0,13.05
P469058,Cult Favorite Firm + Flexible Hairspray,COLOR WOW,Hair,Hair Styling & Treatments,26.0,4.6,11058,40.0,11.7
P469184,Speed Dry Blow Dry Spray,COLOR WOW,Hair,Hair Styling & Treatments,24.0,4.3,10261,40.0,10.8
P469070,Dream Cocktail Coconut-Infused Hydrating Leave In Treatment,COLOR WOW,Hair,Hair Styling & Treatments,26.0,4.3117,10218,77.0,11.7
P469187,Style on Steroids Color-Safe Texture Spray,COLOR WOW,Hair,Hair Styling & Treatments,26.0,4.4444,10196,45.0,11.7
P469072,Dream Cocktail Kale-Infused Strengthening Leave In Treatment,COLOR WOW,Hair,Hair Styling & Treatments,26.0,4.6418,9819,67.0,11.7
P469054,Color Security Shampoo,COLOR WOW,Hair,Shampoo & Conditioner,24.0,4.3684,7476,171.0,10.8
P501981,Mini Xtra Large Bombshell Volumizer,COLOR WOW,Mini Size,Hair,12.0,2.4167,6842,12.0,5.4
P469068,Dream Cocktail Carb-Infused Thickening Leave In Treatment,COLOR WOW,Hair,Hair Styling & Treatments,26.0,4.1233,6777,73.0,11.7
P469071,Mini Dream Cocktail Coconut-Infused Hydrating Leave In Treatment,COLOR WOW,Hair,Mini Size,12.0,2.4,6400,10.0,5.4
P469074,Dream Filter Pre-shampoo Mineral Remover,COLOR WOW,Hair,Hair Styling & Treatments,24.0,4.3652,6103,115.0,10.8
P501976,Mini Dream Coat Anti-Frizz Treatment for Curly Hair,COLOR WOW,Mini Size,Hair,12.0,4.3333,6091,6.0,5.4
P469073,Mini Dream Cocktail Kale-Infused Strengthening Leave In Treatment,COLOR WOW,Hair,Mini Size,12.0,2.8571,5378,7.0,5.4
P469075,Mini Dream Filter Pre-shampoo Mineral Remover,COLOR WOW,Hair,Mini Size,10.0,5.0,5162,2.0,4.5
P469069,Mini Dream Cocktail Carb-Infused Thickening Leave In Treatment,COLOR WOW,Hair,Mini Size,12.0,3.6667,4972,9.0,5.4
P469052,Color Security Conditioner for Fine Hair,COLOR WOW,Hair,Shampoo & Conditioner,24.0,3.7027,3549,37.0,10.8
P469051,Color Control Purple Toning + Styling Foam for Blonde Hair,COLOR WOW,Hair,Hair Styling & Treatments,24.0,4.1579,2384,19.0,10.8
P469053,Color Security Conditioner for Thick Hair,COLOR WOW,Hair,Shampoo & Conditioner,24.0,4.25,2345,20.0,10.8
P502271,Curl Wow FLO-ETRY Vital Natural Serum,COLOR WOW,Hair,Hair Styling & Treatments,30.0,4.7125,2152,240.0,13.5
P469050,Color Control Blue Toning + Styling Foam for Dark Hair,COLOR WOW,Hair,Hair Styling & Treatments,24.0,4.5714,2129,21.0,10.8
P502281,Curl Wow COCO-MOTION Lubricating Conditioner,COLOR WOW,Hair,Shampoo & Conditioner,29.0,4.7564,1126,156.0,13.05
P502259,Curl Wow HOOKED Shampoo,COLOR WOW,Hair,Shampoo & Conditioner,29.0,4.8509,1098,114.0,13.05
P502252,Curl Wow SHOOK Mix & Fix Bundling Spray,COLOR WOW,Hair,Hair Styling & Treatments,38.0,2.75,862,4.0,17.1
P502258,Curl Wow SNAG-FREE Pre-Shampoo Detangler,COLOR WOW,Hair,Hair Styling & Treatments,28.0,4.7115,805,156.0,12.6
P395022,Gold Expressive Travel Spray,Commodity,Fragrance,Women,25.0,4.5402,13341,348.0,7.5
P395000,Gold Expressive,Commodity,Fragrance,Women,135.0,4.537,12740,216.0,40.5
P502280,Milk Expressive Travel Spray,Commodity,Fragrance,Women,25.0,3.4211,9582,57.0,7.5
P502242,Milk Expressive,Commodity,Fragrance,Women,135.0,4.1552,9110,58.0,40.5
P501573,Discovery Set,Commodity,Fragrance,Value & Gift Sets,26.0,3.8667,8772,15.0,7.8
P395032,Book Expressive Travel Spray,Commodity,Fragrance,Women,25.0,3.9922,7412,256.0,7.5
P501326,Exploration Set,Commodity,Fragrance,Value & Gift Sets,42.0,4.9231,6801,13.0,12.6
P395002,Rain,Commodity,Fragrance,Women,135.0,4.3878,6506,49.0,40.5
P395008,Book Expressive,Commodity,Fragrance,Women,135.0,3.9643,5983,168.0,40.5
P502255,Milk- Personal Travel Spray,Commodity,Fragrance,Women,25.0,5.0,4666,5.0,7.5
P428440,Velvet Expressive Travel Spray,Commodity,Fragrance,Women,25.0,4.5263,4595,19.0,7.5
P428439,Nectar,Commodity,Fragrance,Women,135.0,4.1905,4575,63.0,40.5
P502315,Milk+ Bold,Commodity,Fragrance,Women,135.0,3.9474,4547,19.0,40.5
P399961,Wool,Commodity,Fragrance,Women,135.0,4.6875,4267,48.0,40.5
P502251,Milk+ Bold Travel Spray,Commodity,Fragrance,Women,25.0,4.0,4199,10.0,7.5
P395028,Moss Expressive Travel Spray,Commodity,Fragrance,Women,25.0,4.5054,4144,93.0,7.5
P428441,Velvet Expressive,Commodity,Fragrance,Women,135.0,4.4359,4134,78.0,40.5
P395006,W*****y,Commodity,Fragrance,Women,135.0,4.1471,3952,34.0,40.5
P394998,Mimosa,Commodity,Fragrance,Women,135.0,4.0455,3703,44.0,40.5
P501965,Archive Kit Sampler Set,Commodity,Fragrance,Value & Gift Sets,36.0,3.4,3600,5.0,10.8
P501228,EXPRESSIVE Scent Space Set,Commodity,Fragrance,Value & Gift Sets,26.0,4.75,3536,4.0,7.8
P402666,Magnolia Eau de Parfum,Commodity,Fragrance,Women,135.0,5.0,3195,13.0,40.5
P395004,Moss Expressive,Commodity,Fragrance,Women,135.0,4.5926,3082,54.0,40.5
P501233,BOLD + Scent Space Set,Commodity,Fragrance,Value & Gift Sets,26.0,5.0,2755,3.0,7.8
P502304,Milk- Personal,Commodity,Fragrance,Women,135.0,4.4,2719,5.0,40.5
P501954,Book - Personal Travel Spray,Commodity,Fragrance,Women,25.0,4.3333,2033,3.0,7.5
P501985,Book - Personal,Commodity,Fragrance,Women,135.0,5.0,1761,5.0,40.5
P501222,PERSONAL - Scent Space Set,Commodity,Fragrance,Value & Gift Sets,26.0,4.0,1706,2.0,7.8
P502351,Gold+ Bold,Commodity,Fragrance,Women,135.0,4.3333,1665,9.0,40.5
P502226,Gold- Personal Travel Spray,Commodity,Fragrance,Women,25.0,5.0,1411,1.0,7.5
P502316,Velvet+ Bold Travel Spray,Commodity,Fragrance,Women,25.0,5.0,1355,2.0,7.5
P502287,Gold- Personal,Commodity,Fragrance,Women,135.0,4.25,1320,4.0,40.5
P502256,Gold+ Bold Travel Spray,Commodity,Fragrance,Women,25.0,5.0,1216,2.0,7.5
P502328,Moss+ Bold Travel Spray,Commodity,Fragrance,Women,25.0,4.25,1080,4.0,7.5
P502283,Paper- Personal Travel Spray,Commodity,Fragrance,Women,25.0,4.0,974,3.0,7.5
P502347,Velvet- Personal,Commodity,Fragrance,Women,135.0,5.0,767,2.0,40.5
P502260,Book+ Bold Travel Spray,Commodity,Fragrance,Women,25.0,5.0,733,1.0,7.5
P502282,Moss+ Bold,Commodity,Fragrance,Women,135.0,5.0,674,3.0,40.5
P502274,Paper- Personal,Commodity,Fragrance,Women,135.0,3.5455,664,11.0,40.5
P502268,Moss- Personal Travel Spray,Commodity,Fragrance,Women,25.0,5.0,659,1.0,7.5
P502262,Velvet+ Bold,Commodity,Fragrance,Women,135.0,3.0,634,4.0,40.5
P502279,Paper Expressive Travel Spray,Commodity,Fragrance,Women,25.0,2.3333,597,3.0,7.5
P502278,Velvet- Personal Travel Spray,Commodity,Fragrance,Women,25.0,2.0,578,1.0,7.5
P502294,Paper+ Bold,Commodity,Fragrance,Women,135.0,4.8,560,5.0,40.5
P502230,Book+ Bold,Commodity,Fragrance,Women,135.0,4.6667,554,3.0,40.5
P502263,Paper+ Bold Travel Spray,Commodity,Fragrance,Women,25.0,4.0,507,1.0,7.5
P502340,Paper Expressive,Commodity,Fragrance,Women,135.0,,464,,40.5
P502269,Moss- Personal,Commodity,Fragrance,Women,135.0,5.0,402,1.0,40.5
P500098,Makeup Melting Balm Cleanser,Community Sixty-Six,Skincare,Cleansers,16.0,3.4032,1308,248.0,6.08
P500114,Retinol Resurfacing Night Moisturizer,Community Sixty-Six,Skincare,Moisturizers,35.0,4.0658,1442,243.0,13.3
P500094,Hydrating Oil-Free Gel Moisturizer,Community Sixty-Six,Skincare,Moisturizers,25.0,4.1245,1039,241.0,9.5
P500113,Detoxifying AHA/BHA Gel Cleanser,Community Sixty-Six,Skincare,Cleansers,16.0,4.0504,1205,119.0,6.08
P500109,Hydrating Caffeine Eye Cream,Community Sixty-Six,Skincare,Eye Care,18.0,4.1379,3298,116.0,6.84
P500096,Oil Control Moisturizer with Niacinamide,Community Sixty-Six,Skincare,Moisturizers,25.0,3.75,1550,20.0,9.5
P500106,Everyday Mineral Moisturizer SPF 30 Sunscreen,Community Sixty-Six,Skincare,Moisturizers,30.0,4.0,1733,13.0,11.4
P500120,Nourishing Rich Moisturizer with Hyaluronic Acid,Community Sixty-Six,Skincare,Moisturizers,25.0,3.5,867,10.0,9.5
P500116,Hydrating Cream Cleanser with Hyaluronic Acid,Community Sixty-Six,Skincare,Cleansers,16.0,4.75,1413,8.0,6.08
P429516,Full Spectrum 360° Sun Silk Drops Organic Sunscreen SPF 30,COOLA,Skincare,Sunscreen,48.0,4.4205,41546,799.0,18.24
P396623,Makeup Setting Spray Organic Sunscreen SPF 30,COOLA,Skincare,Sunscreen,36.0,3.3066,34125,623.0,13.68
P468640,Full Spectrum 360º Refreshing Water Cream Organic Face Sunscreen SPF 50,COOLA,Skincare,Sunscreen,48.0,4.5805,6587,267.0,18.24
P418221,Organic Sunless Tan Anti-Aging Face Serum,COOLA,Skincare,Self Tanners,54.0,3.9744,16938,156.0,20.52
P455618,Full Spectrum 360° Refreshing Water Mist Organic Face Sunscreen SPF 18,COOLA,Skincare,Sunscreen,36.0,4.3636,11030,99.0,13.68
P395723,Classic Body Organic Sunscreen Spray SPF 50 Fragrance-Free,COOLA,Skincare,Sunscreen,28.0,4.3636,12498,77.0,10.64
P455341,Classic Body Organic Sunscreen Spray SPF 70 Peach Blossom,COOLA,Skincare,Sunscreen,28.0,4.2692,8003,52.0,10.64
P452002,Classic Face Sunscreen SPF 50 White Tea,COOLA,Skincare,Sunscreen,32.0,3.9149,6396,47.0,12.16
P441645,Sunless Tan Firming Lotion,COOLA,Skincare,Self Tanners,46.0,4.25,8889,40.0,17.48
P442267,Sunless Tan Express Sculpting Mousse,COOLA,Skincare,Self Tanners,48.0,4.0,3650,27.0,18.24
P429508,Sunless Tan Dry Body Oil Mist,COOLA,Skincare,Self Tanners,46.0,4.3478,2101,23.0,17.48
P483057,COOLA Organic Liplux Classic Sunscreen Lip Oil SPF 30,COOLA,Skincare,Lip Balms & Treatments,18.0,2.4211,6293,19.0,6.84
P482257,Classic Body Organic Sunscreen Lotion SPF 50,COOLA,Bath & Body,Body Moisturizers,28.0,3.875,2307,8.0,11.2
P482259,Dew Good Illuminating Serum SPF 30,COOLA,Skincare,Sunscreen,48.0,4.5556,5254,9.0,18.24
P483078,COOLA Scalp & Hair Mist Organic Sunscreen SPF 30,COOLA,Skincare,Sunscreen,28.0,3.2857,4752,7.0,10.64
P482258,Mineral Face Sunscreen Sheer Matte SPF 30,COOLA,Skincare,Sunscreen,36.0,3.5,1237,6.0,13.68
P482256,Classic Face Organic Sunscreen Lotion SPF 30,COOLA,Skincare,Sunscreen,32.0,3.6667,826,6.0,12.16
P500880,Classic Face Organic Sunscreen Lotion SPF 50,COOLA,Skincare,Sunscreen,32.0,5.0,2772,4.0,12.16
P504987,Refreshing Water Sunscreen Stick SPF 50,COOLA,Skincare,Sunscreen,30.0,5.0,2419,2.0,11.4
P480589,The Dry Shampoo,Crown Affair,Hair,Hair Styling & Treatments,36.0,3.9804,14747,102.0,16.2
P480581,The Silk Scrunchie No. 001 Set,Crown Affair,Tools & Brushes,Hair Tools,15.0,4.5926,12360,54.0,7.5
P480593,The Hair Towel,Crown Affair,Tools & Brushes,Hair Tools,45.0,4.8784,8759,74.0,22.5
P480596,The Leave-In Conditioner Cream for Hydrated Hair,Crown Affair,Hair,Hair Styling & Treatments,48.0,4.825,8670,240.0,21.6
P480587,The Comb No. 002,Crown Affair,Tools & Brushes,Hair Tools,46.0,4.4359,6999,39.0,23.0
P480590,The Hair Oil,Crown Affair,Hair,Hair Styling & Treatments,40.0,4.6504,6922,123.0,18.0
P480584,The Brush No. 001,Crown Affair,Tools & Brushes,Hair Tools,74.0,4.7059,5831,51.0,37.0
P480594,The Ritual Shampoo,Crown Affair,Hair,Shampoo & Conditioner,36.0,4.2544,5313,114.0,16.2
P480591,The Renewal Hydrating Hair Mask,Crown Affair,Hair,Hair Styling & Treatments,58.0,4.7143,4894,49.0,26.1
P500779,The Cleansing Scalp Scrub Shampoo,Crown Affair,Hair,Shampoo & Conditioner,54.0,4.8824,4272,34.0,24.3
P480595,The Ritual Conditioner,Crown Affair,Hair,Shampoo & Conditioner,36.0,4.3077,4015,65.0,16.2
P504592,The Flexible Hold Finishing Hair Gel,Crown Affair,Hair,Hair Styling & Treatments,42.0,4.3125,1047,16.0,18.9
P502003,Weightless Air Dry Curly Hair Cream,Curlsmith,Hair,Hair Styling & Treatments,26.0,4.6053,5208,38.0,11.7
P502005,Mini Weightless Air Dry Curly Hair Cream,Curlsmith,Hair,Hair Styling & Treatments,12.0,5.0,3207,1.0,5.4
P501966,Bouncy Strength Volume Hair Foam,Curlsmith,Hair,Hair Styling & Treatments,26.0,4.5625,2476,48.0,11.7
P501997,Curly Hair Strength Styling Set for Damaged Hair,Curlsmith,Hair,Value & Gift Sets,65.0,4.8857,2457,35.0,29.25
P502031,Transitioning Curly Hair Set,Curlsmith,Hair,Value & Gift Sets,65.0,4.9643,2189,28.0,29.25
P501960,Bond Curl Rehab Hair Salve,Curlsmith,Hair,Hair Styling & Treatments,29.0,4.7857,2171,42.0,13.05
P501982,Curl Defining Styling Hair Souffle Gel,Curlsmith,Hair,Hair Styling & Treatments,40.0,4.7955,1727,44.0,18.0
P501989,Mini Bond Curl Rehab Hair Salve,Curlsmith,Hair,Hair Styling & Treatments,12.0,4.5,1657,2.0,5.4
P502011,High Definition Curls 3- Step Hair Set,Curlsmith,Hair,Value & Gift Sets,64.0,4.8,1642,30.0,28.8
P502022,Hold Me Softly Curly Hair Styling Cream Balm,Curlsmith,Hair,Hair Styling & Treatments,40.0,4.875,1538,40.0,18.0
P501949,Curl Quenching Conditoning Hair Wash,Curlsmith,Hair,Shampoo & Conditioner,56.0,4.6735,1522,49.0,25.2
P501983,Hydro Style Flexi Hair Jelly,Curlsmith,Hair,Hair Styling & Treatments,27.0,4.8182,1491,44.0,12.15
P502017,Clarifying Detox Microbiome Scalp Hair Set,Curlsmith,Hair,Value & Gift Sets,69.0,4.8182,1442,33.0,31.05
P501961,Bonding Hair Oil,Curlsmith,Hair,Hair Styling & Treatments,29.0,4.5758,1406,33.0,13.05
P501958,Double Hair Cream Deep Conditioner,Curlsmith,Hair,Hair Styling & Treatments,28.0,4.7273,1282,33.0,12.6
P502026,Mini Hold Me Softly Curly Hair Styling Cream Balm,Curlsmith,Hair,Hair Styling & Treatments,12.0,,1254,,5.4
P501977,Mini Curl Defining Styling Hair Souffle,Curlsmith,Hair,Hair Styling & Treatments,12.0,3.5,1244,4.0,5.4
P501995,Multi-Tasking Conditoner,Curlsmith,Hair,Shampoo & Conditioner,27.0,4.7317,1217,41.0,12.15
P502019,In-Shower Style Fixer Curly Hair Gel,Curlsmith,Hair,Hair Styling & Treatments,27.0,4.7368,1206,38.0,12.15
P501972,Miracle Shield Heat Protectant Leave In Teatment,Curlsmith,Hair,Hair Styling & Treatments,28.0,4.6667,1192,33.0,12.6
P501968,Feather- Light Protein Hair Cream,Curlsmith,Hair,Hair Styling & Treatments,27.0,4.6667,1184,33.0,12.15
P502008,Hair Defrizzion Dryer & XXL Diffuser,Curlsmith,Hair,Tools,189.0,4.8333,1180,6.0,85.05
P502068,Mini Hydro Style Flexi Hair Jelly,Curlsmith,Hair,Hair Styling & Treatments,12.0,5.0,1142,2.0,5.4
P502001,Full Body Thickening Hair Lotion,Curlsmith,Hair,Hair Styling & Treatments,27.0,4.5833,1002,48.0,12.15
P502014,Wash & Scrub Clarifying Detox Shampoo,Curlsmith,Hair,Shampoo & Conditioner,29.0,4.8276,966,29.0,13.05
P501979,Moisture Memory Recativator Hair Leave-In,Curlsmith,Hair,Hair Styling & Treatments,24.0,4.2895,865,38.0,10.8
P502000,Core Strength Shampoo,Curlsmith,Hair,Shampoo & Conditioner,25.0,4.7143,846,35.0,11.25
P501974,Hydro Cream Soothing Deep Conditioner Hair Mask,Curlsmith,Hair,Hair Styling & Treatments,29.0,4.7895,826,38.0,13.05
P503312,Scalp Stimulating Booster,Curlsmith,Hair,Hair Styling & Treatments,27.0,4.6667,823,27.0,12.15
P501963,Curly Hair Styling Set - Shine,Curlsmith,Hair,Value & Gift Sets,65.0,4.875,822,32.0,29.25
P502033,Mini In-Shower Style Fixer Curly Hair Gel,Curlsmith,Hair,Hair Styling & Treatments,12.0,,770,,5.4
P501986,Mini Double Hair Cream Deep Conditioner,Curlsmith,Hair,Hair Styling & Treatments,12.0,,766,,5.4
P502024,Curl Conditioning Hair Oil-In-Cream,Curlsmith,Hair,Hair Styling & Treatments,12.0,4.7317,683,41.0,5.4
P503303,Full Lengths Density Elixir,Curlsmith,Hair,Hair Styling & Treatments,39.0,4.4828,659,29.0,17.55
P501967,Mini Curl Conditoning Hair Oil-In-Cream,Curlsmith,Hair,Hair Styling & Treatments,12.0,,560,,5.4
P501962,Mini Shine Strong Hold Hair Gel,Curlsmith,Hair,Hair Styling & Treatments,12.0,,539,,5.4
P502027,Mini Shine Hair Cream Leave In Conditioner,Curlsmith,Hair,Hair Styling & Treatments,12.0,,515,,5.4
P501992,Shine Hair Cream Leave In Conditioner,Curlsmith,Hair,Hair Styling & Treatments,27.0,4.8182,513,44.0,12.15
P502020,Intense Treatment Hair Serum,Curlsmith,Hair,Hair Styling & Treatments,36.0,4.52,504,25.0,16.2
P503296,Ultimate Lengths 30-Day Therapy Supplements,Curlsmith,Hair,Hair Styling & Treatments,29.99,3.0,481,2.0,13.5
P501970,Shape Up Aqua Hair Gel,Curlsmith,Hair,Hair Styling & Treatments,27.0,4.814,481,43.0,12.15
P501993,Shine Strong Hold Hair Gel,Curlsmith,Hair,Hair Styling & Treatments,27.0,4.44,457,25.0,12.15
P501971,Mini Shine Flexible Hold Hair Jelly,Curlsmith,Hair,Hair Styling & Treatments,12.0,,415,,5.4
P502007,Glow Perfecting Conditoner,Curlsmith,Hair,Shampoo & Conditioner,25.0,4.6,358,15.0,11.25
P501978,Post-Wash Calming Conditoner,Curlsmith,Hair,Shampoo & Conditioner,28.0,4.9722,345,36.0,12.6
P501975,Shine Conditoner,Curlsmith,Hair,Shampoo & Conditioner,26.0,4.8214,322,28.0,11.7
P501980,Mini Shine Shampoo,Curlsmith,Hair,Shampoo & Conditioner,12.0,,319,,5.4
P502060,Mini Shine Conditoner,Curlsmith,Hair,Shampoo & Conditioner,12.0,,319,,5.4
P501987,Shine Flexible Hold Hair Jelly,Curlsmith,Hair,Hair Styling & Treatments,27.0,4.8286,307,35.0,12.15
P501953,Shine Shampoo,Curlsmith,Hair,Shampoo & Conditioner,26.0,4.7742,304,31.0,11.7
P501952,Vivid Tones Vibrancy Shampoo,Curlsmith,Hair,Shampoo & Conditioner,25.0,1.0,228,1.0,11.25
P462672,Prickly Pear Hair Oil,dae,Hair,Hair Styling & Treatments,38.0,4.4086,41053,394.0,17.1
P482668,Cactus Fruit 3-in-1 Styling Cream,dae,Hair,Hair Styling & Treatments,28.0,4.7183,37560,323.0,12.6
P457410,Signature Shampoo,dae,Hair,Shampoo & Conditioner,26.0,3.7477,32477,662.0,11.7
P474035,Monsoon Moisture Mask,dae,Hair,Hair Styling & Treatments,30.0,4.1164,25632,292.0,13.5
P457409,Signature Conditioner,dae,Hair,Shampoo & Conditioner,26.0,4.0974,23238,349.0,11.7
P469453,Cactus Flower Leave In Conditioner,dae,Hair,Hair Styling & Treatments,28.0,4.205,22580,444.0,12.6
P474820,Vegan Detangle + Style Brush,dae,Hair,Tools,24.0,4.6321,20495,106.0,10.8
P457411,Deep Conditioning Hair Treatment,dae,Hair,Hair Styling & Treatments,28.0,4.3729,17791,303.0,12.6
P500289,Hibiscus Wave Spray,dae,Hair,Hair Styling & Treatments,28.0,4.5336,15755,268.0,12.6
P501553,Monsoon Moisture Milk Hydrating Shampoo,dae,Hair,Shampoo & Conditioner,28.0,4.4505,15652,333.0,12.6
P501418,Monsoon Moisture Hydrating Conditioner,dae,Hair,Shampoo & Conditioner,28.0,4.3545,11403,220.0,12.6
P467610,Mini Signature Shampoo,dae,Hair,Shampoo & Conditioner,12.0,3.7477,10385,662.0,5.4
P474821,Mini Cactus Flower Leave In Conditioner,dae,Hair,Hair Styling & Treatments,14.0,4.205,10098,444.0,6.3
P467612,Deep Conditioning Treatment Hair Mask Travel,dae,Hair,Hair Styling & Treatments,14.0,4.3729,8908,303.0,6.3
P467611,Mini Signature Conditioner,dae,Hair,Shampoo & Conditioner,12.0,4.0974,7718,349.0,5.4
P500876,Mini Hibiscus Wave Spray,dae,Hair,Hair Styling & Treatments,14.0,4.5336,6325,268.0,6.3
P504787,Violet Hour Purple Shampoo,dae,Hair,Shampoo & Conditioner,30.0,4.8691,2866,527.0,13.5
P505032,Monsoon Moisture & Cactus Fruit 3-in-1 Styling Cream Hair Set,dae,Hair,Value & Gift Sets,55.0,5.0,1780,1.0,24.75
P472021,Mochi Mochi Luminous Plumping & Hydrating Moisturizer,DAMDAM,Skincare,Moisturizers,48.0,4.6687,14376,335.0,18.24
P472023,Nomad’s Cream Purifying & Exfoliating AHA Cleanser,DAMDAM,Skincare,Cleansers,38.0,4.7929,3446,198.0,14.44
P472025,Silk Rice Makeup-Removing Cleansing Oil,DAMDAM,Skincare,Cleansers,46.0,4.7602,6564,196.0,17.48
P482260,Rice Drops Face Oil Hydrating Serum,DAMDAM,Skincare,Moisturizers,68.0,4.8548,2203,186.0,25.84
P504988,Snow Mushroom Pore Cleanser with Exfoliating Glove,DAMDAM,Skincare,Cleansers,47.0,4.7037,606,108.0,17.86
P472024,Skin Mud Pure Vitamin C Brightening Mask,DAMDAM,Skincare,Masks,48.0,4.7419,2472,62.0,18.24
P472022,Paradisi Hydrating Essence Mist,DAMDAM,Skincare,Moisturizers,48.0,4.5,1300,40.0,18.24
P481342,Cleansing & Hydrating Bestseller Set Bento Box,DAMDAM,Skincare,Value & Gift Sets,42.0,5.0,2206,2.0,15.96
P481067,Aer Suction Toy,Dame,Bath & Body,Body Care,95.0,4.4409,5842,127.0,38.0
P481075,Arousal Serum,Dame,Bath & Body,Body Care,30.0,4.4141,4499,99.0,12.0
P481068,Arc G-Spot Vibrator,Dame,Bath & Body,Body Care,115.0,4.4828,4078,116.0,46.0
P500881,Com Wand Vibrator,Dame,Bath & Body,Body Care,125.0,4.7407,2570,108.0,50.0
P481069,Eva Couples Vibrator,Dame,Bath & Body,Body Care,135.0,4.3893,2349,131.0,54.0
P500862,Body Wipes- Aloe Infused,Dame,Bath & Body,Body Care,12.0,4.8252,2253,103.0,4.8
P481072,Pom Flexible Vibrator,Dame,Bath & Body,Body Care,95.0,4.7903,1929,124.0,38.0
P481073,Zee Bullet Vibrator,Dame,Bath & Body,Body Care,30.0,4.3158,1728,114.0,12.0
P503686,Dip Basic Vibrator,Dame,Bath & Body,Body Care,49.0,3.6667,1657,3.0,19.6
P481070,Fin Finger Vibrator,Dame,Bath & Body,Body Care,85.0,4.41,1593,100.0,34.0
P501762,Desire Gummies,Dame,Bath & Body,Body Care,42.0,4.0,966,1.0,16.8
P468353,"Colorfix Eye, Cheek & Lip Cream Pigment",Danessa Myricks Beauty,Makeup,Eye,18.0,4.3961,195284,876.0,7.56
P484039,Yummy Skin Blurring Balm Powder,Danessa Myricks Beauty,Makeup,Face,36.0,3.754,132419,561.0,15.12
P481968,Infinite Chrome Flakes Multichrome Gel for Eyes & Face,Danessa Myricks Beauty,Makeup,Eye,25.0,4.0556,109507,288.0,10.5
P479311,Twin Flames Liquid Eyeshadow,Danessa Myricks Beauty,Makeup,Eye,26.0,4.2991,62635,117.0,10.92
P481694,Yummy Skin Serum Foundation,Danessa Myricks Beauty,Makeup,Face,34.0,3.9703,38261,236.0,14.28
P469461,"Vision Flush Blush, Eyeshadow and Lip Color",Danessa Myricks Beauty,Makeup,Cheek,20.0,4.0435,38062,92.0,8.4
P501512,Lightwork Vol. IV: Transcendence Palette - Illuminating Eye & Face Pigments,Danessa Myricks Beauty,Makeup,Eye,125.0,4.7849,36867,172.0,52.5
P482522,Infinite Chrome Waterproof Micropencil Eyeliner,Danessa Myricks Beauty,Makeup,Eye,22.0,4.1,36685,150.0,9.24
P504051,Yummy Skin Blurring Balm Powder Flushed - Matte Color for Cheek & Lip,Danessa Myricks Beauty,Makeup,Cheek,25.0,4.8751,31752,1017.0,10.5
P469455,Dew Wet Hydrating and Highlighting Balm,Danessa Myricks Beauty,Makeup,Face,22.0,4.0446,29673,112.0,9.24
P473701,Balm Contour,Danessa Myricks Beauty,Makeup,Face,26.0,4.4393,26172,107.0,10.92
P481696,Yummy Skin Glow Serum with Hyaluronic Acid,Danessa Myricks Beauty,Makeup,Face,34.0,4.5,25948,110.0,14.28
P469460,Vision Cream Cover Adjustable Foundation & Concealer,Danessa Myricks Beauty,Makeup,Face,22.0,4.2384,19752,172.0,9.24
P479949,Dewy Cheek & Lip Palette,Danessa Myricks Beauty,Makeup,Value & Gift Sets,32.0,4.2059,19529,34.0,13.44
P469458,Lightwork Highlighting Palette,Danessa Myricks Beauty,Makeup,Makeup Palettes,42.0,4.7917,15817,48.0,17.64
P501014,Mini Lightwork Vol. III The Experience Eye & Face Palette,Danessa Myricks Beauty,Makeup,Makeup Palettes,85.0,4.6316,14602,38.0,35.7
P502023,Infinite Chrome Holiday Kit - Eye & Face Multichrome Pigments,Danessa Myricks Beauty,Makeup,Eye,35.0,4.8889,13959,9.0,14.7
P475525,"Colorfix Eye, Cheek & Lip Cream Pigment Rose Dream Set",Danessa Myricks Beauty,Makeup,Value & Gift Sets,30.0,4.4138,12521,29.0,12.6
P469459,Power Bronzer Cream Bronzer,Danessa Myricks Beauty,Makeup,Cheek,26.0,4.3556,11502,45.0,10.92
P469456,Evolution Setting Powder,Danessa Myricks Beauty,Makeup,Face,24.0,4.4118,11431,34.0,10.08
P469457,Illuminating Veil Liquid Highlighter,Danessa Myricks Beauty,Makeup,Face,22.0,3.973,9050,37.0,9.24
P504669,Vision Flush Glow - Hyper Radiant Liquid Highlighter,Danessa Myricks Beauty,Makeup,Face,20.0,4.7925,8999,53.0,8.4
P469454,Beauty Oil with Gold Leaf,Danessa Myricks Beauty,Skincare,Moisturizers,30.0,4.6269,10153,67.0,11.4
P481695,Yummy Skin Serum Foundation Refill,Danessa Myricks Beauty,Makeup,Face,24.0,3.8333,2513,6.0,10.08
P404918,Gel Lab Pro Nail Polish,Deborah Lippmann,Makeup,Nail,20.0,3.9355,81080,217.0,8.4
P396014,Cuticle Lab - Nail Treatment Set,Deborah Lippmann,Makeup,Nail,49.0,4.3851,22746,148.0,20.58
P381211,Deborah Lippmann - Exfoliating Cuticle Remover Nail Treatment,Deborah Lippmann,Makeup,Nail,22.0,4.6125,15731,160.0,9.24
P381210,Cuticle Oil - Nail Cuticle Treatment,Deborah Lippmann,Makeup,Nail,22.0,3.8701,11438,77.0,9.24
P416422,Bed of Roses Nail Polish Set,Deborah Lippmann,Makeup,Nail,39.0,4.0,11112,40.0,16.38
P385341,The Cure - Nail Cuticle Repair Cream Treatment,Deborah Lippmann,Makeup,Nail,25.0,4.2805,11006,82.0,10.5
P430966,Deborah Lippmann Hyper Vibes - Gel Lab Pro Color,Deborah Lippmann,Makeup,Nail,20.0,4.1538,8433,13.0,8.4
P381312,Hard Rock - Nail Strengthening Top and Base Coat,Deborah Lippmann,Makeup,Nail,22.0,4.1124,8399,89.0,9.24
P381313,Smooth Operator - Buffer Nail File,Deborah Lippmann,Makeup,Nail,14.0,3.5625,7673,80.0,5.88
P381311,The Stripper - Nail Polish Remover,Deborah Lippmann,Makeup,Nail,22.0,3.6145,6453,83.0,9.24
P381213,Rich Girl - Broad Spectrum SPF 25 Hand Cream,Deborah Lippmann,Makeup,Nail,30.0,4.0426,4521,47.0,12.6
P459147,Soul Survivor High Performance Foot File,Deborah Lippmann,Makeup,Nail,45.0,3.6667,3674,3.0,18.9
P438934,Get Off Callus Softener Intensive Treatment,Deborah Lippmann,Bath & Body,Bath & Shower,49.0,,3564,,19.6
P500119,Happier Than Ever 6 Piece Nail Polish Set,Deborah Lippmann,Makeup,Nail,39.0,3.0,3345,2.0,16.38
P459146,Eco File Nail Set,Deborah Lippmann,Makeup,Nail,12.0,4.2,3121,5.0,5.04
P477418,High & Dry Super Quick-Drying Hemp + UVA/UVB  Top Coat,Deborah Lippmann,Makeup,Nail,22.0,3.8,1225,5.0,9.24
P501231,Discovery Set,DedCool,Fragrance,Value & Gift Sets,30.0,4.1515,7776,33.0,9.0
P500792,"01 ""Taunt"" Eau de Parfum Travel Spray",DedCool,Fragrance,Women,30.0,4.619,5699,63.0,9.0
P501232,Milk Eau de Parfum Travel Spray,DedCool,Fragrance,Women,30.0,4.1507,4377,73.0,9.0
P500766,"01 ""Taunt"" Eau de Parfum",DedCool,Fragrance,Women,90.0,4.619,4166,63.0,27.0
P501152,"Dedtergent 01 ""Taunt""",DedCool,Fragrance,Women,35.0,4.5714,3802,21.0,10.5
P501218,Milk Eau de Parfum,DedCool,Fragrance,Women,90.0,4.1507,3045,73.0,27.0
P501263,Red Dakota Eau de Parfum Travel Spray,DedCool,Fragrance,Women,30.0,4.2609,1555,23.0,9.0
P501257,"01 ""Taunt"" Air Freshener",DedCool,Fragrance,Candles & Home Scents,12.0,4.1154,1485,26.0,3.6
P501287,"03 ""Blonde"" Eau de Parfum Travel Spray",DedCool,Fragrance,Women,30.0,4.4375,1373,16.0,9.0
P501266,Red Dakota Eau de Parfum,DedCool,Fragrance,Women,90.0,4.2609,1227,23.0,27.0
P501297,"01 ""Taunt"" Massage Candle",DedCool,Fragrance,Candles & Home Scents,55.0,5.0,1191,16.0,16.5
P501252,Madonna Lilly Eau de Parfum Travel Spray,DedCool,Fragrance,Women,30.0,4.6522,1138,23.0,9.0
P501220,02 Eau de Parfum Travel Spray,DedCool,Fragrance,Women,30.0,4.6667,1037,12.0,9.0
P501303,"03 ""Blonde"" Eau de Parfum",DedCool,Fragrance,Women,90.0,4.4375,930,16.0,27.0
P501291,Madonna Lilly Eau de Parfum,DedCool,Fragrance,Women,90.0,4.6522,863,23.0,27.0
P501227,02 Eau de Parfum,DedCool,Fragrance,Women,90.0,4.6667,712,12.0,27.0
P405462,Ellipsis,DEREK LAM 10 CROSBY,Fragrance,Women,85.0,4.3261,2573,46.0,25.5
P405456,Hi-Fi,DEREK LAM 10 CROSBY,Fragrance,Women,85.0,4.3182,2555,22.0,25.5
P405468,Afloat,DEREK LAM 10 CROSBY,Fragrance,Women,85.0,3.5769,1865,26.0,25.5
P448181,DERMAPORE Ultrasonic Pore Extractor & Serum Infuser,DERMAFLASH,Skincare,High Tech Tools,99.0,3.6157,51300,281.0,37.62
P429043,LUXE+ Advanced Sonic Dermaplaning + Peach Fuzz Removal,DERMAFLASH,Skincare,High Tech Tools,199.0,3.9735,37545,189.0,75.62
P473268,MINI Precision Peach Fuzz Removal Device,DERMAFLASH,Skincare,Mini Size,69.0,4.0769,8046,26.0,26.22
P430809,THE ESSENTIALS Sonic Dermaplaning Refill Kit,DERMAFLASH,Skincare,Value & Gift Sets,87.0,4.3125,8018,16.0,33.06
P473269,Precision MINI Edges 8-Pack Refill,DERMAFLASH,Skincare,High Tech Tools,29.0,,1352,,11.02
P443352,Mini Daily Microfoliant Exfoliator,Dermalogica,Skincare,Mini Size,18.0,4.696,110141,4598.0,6.84
P423688,Daily Microfoliant Exfoliator,Dermalogica,Skincare,Cleansers,65.0,4.696,95311,4598.0,24.7
P423148,Precleanse Cleansing Oil,Dermalogica,Skincare,Cleansers,49.0,4.5435,49959,1229.0,18.62
P443350,Mini Precleanse Cleansing Oil,Dermalogica,Skincare,Mini Size,15.0,4.5435,20995,1229.0,5.7
P453930,Biolumin-C Vitamin C Eye Serum,Dermalogica,Skincare,Eye Care,74.0,4.5228,26613,945.0,28.12
P423136,Special Cleansing Gel,Dermalogica,Skincare,Cleansers,42.0,4.5196,34428,716.0,15.96
P443700,Mini Special Cleansing Gel,Dermalogica,Skincare,Mini Size,13.0,4.5196,16436,716.0,4.94
P443370,BioLumin-C Vitamin C Serum,Dermalogica,Skincare,Treatments,95.0,4.5714,21673,616.0,36.1
P500240,Daily Milkfoliant Exfoliator,Dermalogica,Skincare,Cleansers,65.0,4.7943,9681,559.0,24.7
P445832,Acne Clearing Skin Wash Cleanser,Dermalogica,Skincare,Cleansers,42.0,4.6303,15540,541.0,15.96
P443359,Skin Smoothing Cream Moisturizer,Dermalogica,Skincare,Moisturizers,74.0,4.6055,12290,474.0,28.12
P423142,Active Moist Moisturizer,Dermalogica,Skincare,Moisturizers,74.0,4.6028,14546,428.0,28.12
P460624,Discover Healthy Skin Kit,Dermalogica,Skincare,Value & Gift Sets,39.5,4.6265,21230,415.0,15.01
P423130,MultiVitamin Power Recovery Mask,Dermalogica,Skincare,Masks,65.0,4.3667,37767,390.0,24.7
P456582,Invisible Physical Defense Mineral Sunscreen SPF30,Dermalogica,Skincare,Sunscreen,48.0,4.3731,10706,386.0,18.24
P481697,Circular Hydration Serum with Hyaluronic Acid,Dermalogica,Skincare,Treatments,64.0,4.7688,8306,372.0,24.32
P474822,Daily Glycolic Cleanser,Dermalogica,Skincare,Cleansers,37.0,4.7843,17736,357.0,14.06
P472810,Smart Response Serum,Dermalogica,Skincare,Treatments,145.0,4.7825,4851,354.0,55.1
P503814,Dynamic Skin Retinol Serum,Dermalogica,Skincare,Treatments,92.0,4.8081,3898,344.0,34.96
P445833,AGE Bright Clearing Serum,Dermalogica,Skincare,Treatments,75.0,4.3528,9307,343.0,28.5
P462344,Hydro Masque Exfoliant,Dermalogica,Skincare,Cleansers,64.0,4.4406,6698,320.0,24.32
P423150,Multi-Active Toner,Dermalogica,Skincare,Cleansers,43.0,4.3987,16363,316.0,16.34
P443351,Mini Multi-Active Toner,Dermalogica,Skincare,Mini Size,13.0,4.3987,14201,316.0,4.94
P467111,Retinol Acne Clearing Oil,Dermalogica,Skincare,Moisturizers,86.0,4.3981,4762,314.0,32.68
P423123,Daily Superfoliant Exfoliator,Dermalogica,Skincare,Cleansers,65.0,4.5631,10658,309.0,24.7
P469118,Melting Moisture Mask,Dermalogica,Skincare,Masks,69.0,4.6879,4950,298.0,26.22
P479692,Awaken Peptide Depuffing Eye Gel,Dermalogica,Skincare,Eye Care,59.0,4.7033,8685,273.0,22.42
P475086,BioLumin-C Vitamin-C Gel Moisturizer,Dermalogica,Skincare,Moisturizers,69.0,4.6384,6836,271.0,26.22
P500243,Mini Daily Milkfoliant Exfoliator,Dermalogica,Mini Size,Skincare,18.0,4.7943,15504,559.0,8.1
P502326,Dynamic Skin Recovery SPF50 Moisturizer,Dermalogica,Skincare,Sunscreen,79.0,4.8189,5274,265.0,30.02
P423135,Super Rich Repair Moisturizer,Dermalogica,Skincare,Moisturizers,94.0,4.6593,7054,226.0,35.72
P428240,Calm Water Gel Moisturizer,Dermalogica,Skincare,Moisturizers,55.0,4.3562,8686,219.0,20.9
P423134,MultiVitamin Power Firm Eye Cream,Dermalogica,Skincare,Eye Care,69.0,4.1724,8383,203.0,26.22
P423127,Ultracalming Cleanser,Dermalogica,Skincare,Cleansers,42.0,4.4523,11814,199.0,15.96
P505139,Phyto Nature Oxygen Cream,Dermalogica,Skincare,Moisturizers,125.0,4.8646,274,192.0,47.5
P443369,Sound Sleep Cocoon Night Gel-Cream,Dermalogica,Skincare,Treatments,89.0,4.1823,7619,181.0,33.82
P423125,Ultracalming Serum Concentrate,Dermalogica,Skincare,Treatments,66.0,4.3077,7347,156.0,25.08
P443358,Intensive Moisture Balance Moisturizer,Dermalogica,Skincare,Moisturizers,47.0,4.4667,10341,150.0,17.86
P449177,AGE Smart Phyto-Nature Firming Serum,Dermalogica,Skincare,Treatments,155.0,4.3311,2823,148.0,58.9
P443366,Prisma Protect SPF 30 Moisturizer,Dermalogica,Skincare,Moisturizers,69.0,4.3571,6322,140.0,26.22
P446638,Power Cleanse Duo,Dermalogica,Skincare,Value & Gift Sets,19.0,4.5752,23348,113.0,7.22
P443361,Skinperfect Primer SPF 30,Dermalogica,Makeup,Face,58.0,4.3226,4932,31.0,24.36
P423143,Stress Positive Eye Lift Mask,Dermalogica,Skincare,Eye Care,74.0,4.1667,8944,36.0,28.12
P503820,Daily Brightness Boosters Kit,Dermalogica,Skincare,Value & Gift Sets,49.5,4.8333,1723,30.0,18.81
P423690,Skin Resurfacing Lactic Acid Cleanser,Dermalogica,Skincare,Cleansers,48.0,4.1071,6435,28.0,18.24
P456569,Active Clay Prebiotic Cleanser,Dermalogica,Skincare,Cleansers,42.0,4.6087,6366,23.0,15.96
P423145,Age Reversal Eye Complex,Dermalogica,Skincare,Eye Care,79.0,3.7273,4351,22.0,30.02
P502441,Mini Dynamic Skin Recovery SPF50 Moisturizer,Dermalogica,Mini Size,Skincare,23.5,4.3333,2915,3.0,10.57
P467112,Daily Microfoliant Exfoliator Refill Pack,Dermalogica,Skincare,Cleansers,56.0,4.8824,8312,17.0,21.28
P445822,Intensive Moisture Cleanser,Dermalogica,Skincare,Cleansers,42.0,4.0,2582,11.0,15.96
P455915,Mini MultiVitamin Power Recovery Mask,Dermalogica,Skincare,Mini Size,16.5,5.0,0,2.0,6.27
P236816,Dior Addict Lip Glow,Dior,Makeup,Lip,40.0,4.3517,757716,2084.0,16.8
P453814,Lip Glow Oil,Dior,Makeup,Lip,40.0,4.0795,684860,1145.0,16.8
P186805,Dior Addict Lip Maximizer Plumping Gloss,Dior,Makeup,Lip,40.0,4.4714,482461,1084.0,16.8
P432500,BACKSTAGE Face & Body Foundation,Dior,Makeup,Face,40.0,4.3445,329288,3907.0,16.8
P454762,BACKSTAGE Rosy Glow Blush,Dior,Makeup,Cheek,40.0,4.2244,244438,450.0,16.8
P432502,BACKSTAGE Glow Face Palette,Dior,Makeup,Makeup Palettes,45.0,4.5317,229844,961.0,18.9
P432504,BACKSTAGE Eyeshadow Palette,Dior,Makeup,Eye,49.0,4.2467,201544,377.0,20.58
P454348,Dior Forever Skin Correct Full-Coverage Concealer,Dior,Makeup,Face,40.0,4.3953,167236,296.0,16.8
P467760,Rouge Dior Refillable Lipstick,Dior,Makeup,Lip,45.0,4.5272,161786,2591.0,18.9
P482262,Backstage Concealer,Dior,Makeup,Face,29.0,4.475,146408,1341.0,12.18
P439941,Dior Forever Skin Glow Foundation SPF 15,Dior,Makeup,Face,55.0,4.3385,140059,898.0,23.1
P472977,Rouge Dior Forever Liquid Transfer-Proof Lipstick,Dior,Makeup,Lip,45.0,4.4976,122588,1451.0,18.9
P456596,Dior Addict Stellar Lip Gloss,Dior,Makeup,Lip,40.0,4.3333,115925,165.0,16.8
P385477,Miss Dior Blooming Bouquet,Dior,Fragrance,Women,105.0,4.3024,110647,2437.0,31.5
P474316,Miss Dior Eau de Parfum,Dior,Fragrance,Women,160.0,4.5215,95588,2188.0,48.0
P6430,J'adore Eau de Parfum,Dior,Fragrance,Women,160.0,4.5902,92480,2279.0,48.0
P439940,Dior Forever Matte Foundation SPF 15,Dior,Makeup,Face,55.0,4.3064,87092,692.0,23.1
P500997,Rouge Dior Forever Transfer-Proof Lipstick,Dior,Makeup,Lip,45.0,4.4264,86389,856.0,18.9
P396240,Diorshow 24h Buildable Volume Mascara,Dior,Makeup,Eye,29.5,4.1817,84140,776.0,12.39
P481969,Dior Addict Refillable Shine Lipstick,Dior,Makeup,Lip,45.0,4.5083,80611,966.0,18.9
P415619,Dreamskin Skin Perfector,Dior,Skincare,Moisturizers,130.0,4.3384,40209,1457.0,49.4
P4484,Hypnotic Poison,Dior,Fragrance,Women,100.0,4.4289,71756,921.0,30.0
P483654,Dior Addict Lip Tint,Dior,Makeup,Lip,40.0,3.6104,68493,77.0,16.8
P400057,Sauvage Eau de Toilette,Dior,Fragrance,Men,100.0,4.6143,68140,892.0,30.0
P377821,Diorshow Iconic Overcurl Mascara,Dior,Makeup,Eye,29.5,4.2475,60916,2707.0,12.39
P472028,Capture Totale Super Potent Eye Serum,Dior,Skincare,Eye Care,85.0,4.3831,8533,1091.0,32.3
P463032,5 Couleurs Couture Eyeshadow Palette,Dior,Makeup,Eye,62.0,3.7922,52383,77.0,26.04
P475090,Dior Forever Couture Luminizer Highlighter Powder,Dior,Makeup,Face,50.0,4.3492,51295,63.0,21.0
P238433,Diorshow Brow Styler Ultra-Fine Precision Brow Pencil,Dior,Makeup,Eye,31.0,4.5911,49628,1252.0,13.02
P444597,BACKSTAGE Face & Body Primer,Dior,Makeup,Face,36.0,4.1186,47975,236.0,15.12
P99901,Diorshow Waterproof Mascara,Dior,Makeup,Eye,29.5,3.8403,45007,2867.0,12.39
P450457,Rouge Dior Ultra Care Liquid Lipstick,Dior,Makeup,Lip,38.0,4.3235,42064,68.0,15.96
P437018,Miss Dior Blooming Bouquet Roller-pearl,Dior,Fragrance,Women,45.0,4.3024,40949,2437.0,13.5
P467945,Capture Totale Super Potent Rich Cream,Dior,Skincare,Moisturizers,130.0,4.5457,2700,678.0,49.4
P379408,Nail Glow,Dior,Makeup,Nail,30.0,4.1767,39646,566.0,12.6
P454806,Capture Totale Firming & Wrinkle-Correcting Cream,Dior,Skincare,Moisturizers,130.0,4.5168,7071,654.0,49.4
P428500,Sauvage Eau de Parfum,Dior,Fragrance,Men,120.0,4.5798,36609,683.0,36.0
P480162,Cica Recover & Repair Multi-Use Balm,Dior,Skincare,Moisturizers,60.0,4.6416,3512,611.0,22.8
P297404,Forever Natural Velvet Matte Compact Foundation,Dior,Makeup,Face,60.0,3.875,34467,8.0,25.2
P442793,Rouge Blush,Dior,Makeup,Cheek,45.0,4.6618,33669,68.0,18.9
P481972,La Mousse OFF/ON Foaming Face Cleanser,Dior,Skincare,Cleansers,50.0,4.4232,9400,560.0,19.0
P416366,Dior Addict Lip Sugar Scrub,Dior,Makeup,Lip,40.0,4.2837,31724,208.0,16.8
P410469,Miss Dior Absolutely Blooming,Dior,Fragrance,Women,160.0,4.5481,31062,208.0,48.0
P435806,Dreamskin Fresh & Perfect Cushion Broad Spectrum SPF 50,Dior,Makeup,Face,90.0,4.1378,30793,225.0,37.8
P416731,Poison Girl,Dior,Fragrance,Women,80.0,4.1509,29859,159.0,24.0
P503999,Capture Totale Le Sérum Anti-Aging Serum,Dior,Skincare,Treatments,100.0,4.4527,2435,497.0,38.0
P501542,Mini Rouge Dior Lipstick Set,Dior,Makeup,Value & Gift Sets,50.0,3.5625,27800,16.0,21.0
P475089,Dior Forever Natural Powder Bronzer,Dior,Makeup,Cheek,50.0,4.1053,27572,38.0,21.0
P395905,Miss Dior Hair Mist,Dior,Fragrance,Women,75.0,3.9818,26362,55.0,22.5
P76000,Pure Poison,Dior,Fragrance,Women,130.0,4.5763,26129,295.0,39.0
P429720,Diorshow On Stage Waterproof Liquid Eyeliner,Dior,Makeup,Eye,32.0,3.432,25849,169.0,13.44
P471544,Diorshow Maximizer 3D Triple Volume Plumping Lash Primer,Dior,Makeup,Eye,29.5,4.3092,25255,2303.0,12.39
P480439,Miss Dior Eau de Parfum Roller-Pearl,Dior,Fragrance,Women,55.0,4.28,22870,25.0,16.5
P502013,J'adore Parfum d'Eau,Dior,Fragrance,Women,160.0,4.5556,21372,1107.0,48.0
P480599,Lip Maximizer Serum,Dior,Makeup,Lip,40.0,3.8,20712,35.0,16.8
P99902,Crayon Eyeliner - Waterproof,Dior,Makeup,Eye,30.0,4.313,19701,540.0,12.6
P451225,BACKSTAGE Lash Curler,Dior,Makeup,Accessories,28.0,2.7647,19542,34.0,11.76
P475088,Hypnotic Poison Roller-Pearl,Dior,Fragrance,Women,45.0,4.4289,19259,921.0,13.5
P454106,Miss Dior Rose N'Roses Eau de Toilette,Dior,Fragrance,Women,130.0,4.0629,18222,1430.0,39.0
P423548,Miss Dior Moisturizing Body Milk,Dior,Bath & Body,Body Moisturizers,65.0,4.2308,17973,13.0,26.0
P457667,J'adore Eau de Parfum Roller-pearl,Dior,Mini Size,Fragrance,55.0,3.9412,17664,17.0,24.75
P483435,Dior Addict Lipstick Case,Dior,Makeup,Accessories,30.0,3.6667,16527,3.0,12.6
P375238,Dior Addict Eau Fraîche,Dior,Fragrance,Women,100.0,4.3717,16236,113.0,30.0
P440916,Miss Dior Eau de Toilette Roller-pearl,Dior,Fragrance,Women,45.0,4.3548,16153,62.0,13.5
P435915,JOY by Dior,Dior,Fragrance,Women,160.0,3.8208,14852,173.0,48.0
P408407,Sauvage Deodorant Stick,Dior,Bath & Body,Body Care,35.0,4.5862,14481,29.0,14.0
P375237,Dior Addict Eau de Parfum,Dior,Fragrance,Women,130.0,4.5301,14480,183.0,39.0
P467944,Miss Dior Rose N'Roses Roller-pearl,Dior,Fragrance,Women,45.0,4.0679,13999,1472.0,13.5
P386816,Diorshow Iconic Overcurl Waterproof Mascara,Dior,Makeup,Eye,29.5,3.4735,13889,283.0,12.39
P435807,Dreamskin Fresh & Perfect Cushion Broad Spectrum SPF 50 Refill,Dior,Makeup,Face,45.0,4.2619,13114,42.0,18.9
P475091,Dior Forever Loose Cushion Powder,Dior,Makeup,Face,65.0,3.6667,12646,18.0,27.3
P379931,Poison,Dior,Fragrance,Women,80.0,4.0806,12408,62.0,24.0
P441312,Diorshow Pump 'N' Volume Mascara,Dior,Makeup,Eye,29.5,3.44,12142,25.0,12.39
P501414,Miss Dior Blooming Bouquet Lifestyle Gift Set,Dior,Makeup,Value & Gift Sets,110.0,2.5,11973,4.0,46.2
P500313,Mini Diorshow Mascara Duo Set,Dior,Makeup,Eye,28.0,4.4,11238,5.0,11.76
P449122,Sauvage Parfum,Dior,Fragrance,Men,180.0,4.5236,10891,487.0,54.0
P406640,J'adore Eau Lumière Eau de Toilette,Dior,Fragrance,Women,55.0,4.5263,10463,76.0,16.5
P475526,Sauvage Elixir,Dior,Fragrance,Men,180.0,4.5178,10313,1178.0,54.0
P428255,Capture Youth Serum Collection,Dior,Skincare,Treatments,110.0,4.2434,47079,152.0,41.8
P380621,J'adore Body Milk,Dior,Bath & Body,Body Moisturizers,65.0,4.1714,9953,35.0,26.0
P380620,J'adore Soap,Dior,Bath & Body,Bath & Shower,33.0,4.4375,9524,32.0,13.2
P440915,Miss Dior Eau de Toilette,Dior,Fragrance,Women,130.0,4.0172,8986,58.0,39.0
P457662,J'adore Hair Mist,Dior,Fragrance,Women,75.0,4.3125,8854,16.0,22.5
P457666,J'adore Eau Lumière Eau de Toilette Roller-pearl,Dior,Mini Size,Fragrance,55.0,4.1,7763,10.0,24.75
P4490,Fahrenheit,Dior,Fragrance,Men,95.0,4.7009,7487,107.0,28.5
P444194,J'adore Huile Divine - Dry Silky Body & Hair Oil,Dior,Bath & Body,Body Moisturizers,75.0,4.0833,7089,12.0,30.0
P455023,Homme Eau de Toilette,Dior,Fragrance,Men,95.0,4.481,6996,1237.0,28.5
P504675,Dior Forever Glow Veil Makeup Primer,Dior,Makeup,Face,50.0,4.375,6743,8.0,21.0
P504426,Miss Dior Eau de Parfum Set,Dior,Fragrance,Value & Gift Sets,155.0,5.0,6461,4.0,46.5
P470214,Forever Perfect Fix Setting Spray,Dior,Makeup,Face,45.0,4.0909,6458,11.0,18.9
P427729,Capture Youth Age-Delay Advanced Crème,Dior,Skincare,Moisturizers,110.0,3.9219,7745,64.0,41.8
P463845,J'adore eau de parfum infinissime,Dior,Fragrance,Women,170.0,4.1905,6204,21.0,51.0
P431440,Miss Dior Body Oil,Dior,Bath & Body,Body Moisturizers,70.0,3.6429,6021,14.0,28.0
P463033,Diorshow Stylo Waterproof Eyeliner,Dior,Makeup,Eye,34.0,2.7742,5853,31.0,14.28
P400061,Sauvage Deodorant Spray,Dior,Bath & Body,Body Care,40.0,4.5806,5838,31.0,16.0
P423264,One Essential Skin Boosting Super Serum,Dior,Skincare,Treatments,110.0,4.3889,8855,54.0,41.8
P375354,Capture Totale Intensive Night Restorative Crème,Dior,Skincare,Moisturizers,175.0,4.4545,4799,44.0,66.5
P397673,Dior Homme Cologne,Dior,Fragrance,Men,105.0,4.359,4616,39.0,31.5
P500247,Diorshow OnSet Brow Gel,Dior,Makeup,Eye,31.0,4.375,4514,8.0,13.02
P416728,Dreamskin Skin Perfector Refill,Dior,Skincare,Treatments,102.0,4.5714,9535,35.0,38.76
P471543,J'adore eau de parfum infinissime Roller-Pearl,Dior,Fragrance,Women,60.0,4.375,4295,8.0,18.0
P481078,Sauvage Shower Wash,Dior,Bath & Body,Bath & Shower,50.0,4.5,4281,4.0,20.0
P417604,Hydra Life Deep Hydration Sorbet Water Essence,Dior,Skincare,Treatments,80.0,4.3438,5499,32.0,30.4
P429676,Hydra Life Cooling Hydration Sorbet Eye Gel,Dior,Skincare,Eye Care,60.0,3.3226,6630,31.0,22.8
P480600,Rouge Dior Lip Balm,Dior,Skincare,Lip Balms & Treatments,45.0,3.4,15332,30.0,17.1
P440923,Capture Youth Age-Delay Advanced Eye Treatment,Dior,Skincare,Eye Care,75.0,3.4667,4285,30.0,28.5
P500408,Dior Addict Shine Lipstick Refill,Dior,Makeup,Lip,35.0,5.0,4105,2.0,14.7
P504694,Dior Forever Velvet Veil Matte Primer,Dior,Makeup,Face,50.0,3.6,3938,5.0,21.0
P408542,One Essential Eye Serum,Dior,Skincare,Eye Care,72.0,4.3333,5908,27.0,27.36
P467761,Rouge Dior Lipstick Refill,Dior,Makeup,Lip,35.0,5.0,3653,3.0,14.7
P429430,Diorshow Pump'N'Volume Waterproof Mascara,Dior,Makeup,Eye,29.5,2.9111,3580,90.0,12.39
P504692,Diorshow 10 Couleurs Eye Makeup Palette – Mitzah Limited Edition,Dior,Makeup,Eye,130.0,5.0,3432,8.0,54.6
P503196,Sauvage Eau de Toilette Gift Set,Dior,Fragrance,Value & Gift Sets,149.0,,3345,,44.7
P4489,Eau Sauvage,Dior,Fragrance,Men,120.0,4.7403,3250,77.0,36.0
P454807,Capture Totale Firming & Wrinkle-Correcting Eye Cream,Dior,Skincare,Eye Care,80.0,4.3889,6539,18.0,30.4
P469465,Rouge Dior Lip Balm Refill,Dior,Makeup,Lip,35.0,,2588,,14.7
P427731,Capture Youth Glow Booster Age-Delay Illuminating Serum,Dior,Skincare,Treatments,110.0,4.6667,0,15.0,41.8
P429675,Hydra Life Balancing Hydration 2 in 1 Sorbet Water,Dior,Skincare,Moisturizers,45.0,3.7692,2966,13.0,17.1
P427732,Capture Youth Plump Filler Age-Delay Plumping Serum,Dior,Skincare,Treatments,110.0,4.0,0,13.0,41.8
P420536,Sauvage Very Cool Spray,Dior,Fragrance,Women,82.0,5.0,2153,6.0,24.6
P476432,Capture Totale Super Potent Cleanser,Dior,Skincare,Cleansers,65.0,4.4545,2344,11.0,24.7
P400059,Sauvage After-Shave Lotion,Dior,Bath & Body,Bath & Shower,70.0,4.8571,2046,7.0,28.0
P480163,Dior Homme Sport,Dior,Fragrance,Men,130.0,4.4665,2039,1076.0,39.0
P418122,Dior Homme Sport,Dior,Fragrance,Men,82.0,4.4118,1784,17.0,24.6
P500623,Eye and Lip Makeup Remover,Dior,Makeup,Accessories,40.0,2.4,1695,5.0,16.8
P444987,Capture Youth Age-Delay Progressive Peeling Crème,Dior,Skincare,Treatments,110.0,4.4286,2275,7.0,41.8
P481970,Hydra Life Fresh Sorbet Crème Moisturizer,Dior,Skincare,Moisturizers,85.0,3.5,1208,6.0,32.3
P455022,Homme Deodorant Stick,Dior,Bath & Body,Body Care,35.0,3.0,1294,3.0,14.0
P455584,Sauvage Shaving Gel,Dior,Bath & Body,Bath & Shower,70.0,5.0,1271,2.0,28.0
P440922,Capture Youth Intense Rescue Age-Delay Revitalizing Oil-Serum,Dior,Skincare,Treatments,110.0,3.4,0,5.0,41.8
P481971,Hydra Life Intense Sorbet Crème Moisturizer,Dior,Skincare,Moisturizers,85.0,5.0,2201,3.0,32.3
P481077,Capture Totale Intensive Essence Lotion,Dior,Skincare,Moisturizers,80.0,4.0,2108,3.0,30.4
P481079,Sauvage After Shave Balm,Dior,Men,Shaving,70.0,,909,,29.4
P483630,Dior Addict Refillable Couture Lipstick Case,Dior,Makeup,Lip,30.0,5.0,902,5.0,12.6
P504053,Capture Dreamskin 1-Minute Mask,Dior,Skincare,Masks,80.0,5.0,993,2.0,30.4
P505332,Dior Skin Mattifying Papers,Dior,Skincare,Cleansers,35.0,5.0,1294,1.0,13.3
P12420,Light Blue Eau de Toilette,Dolce&Gabbana,Fragrance,Women,116.0,4.5468,130494,3107.0,34.8
P195321,The One,Dolce&Gabbana,Fragrance,Women,132.0,4.5706,34319,878.0,39.6
P245901,L’IMPERATRICE Eau de Toilette,Dolce&Gabbana,Fragrance,Women,89.0,4.5776,32832,1153.0,26.7
P418849,Light Blue Eau Intense,Dolce&Gabbana,Fragrance,Women,120.0,4.4043,32555,188.0,36.0
P377485,Light Blue Eau de Toilette Travel Spray,Dolce&Gabbana,Fragrance,Women,31.0,4.5468,28686,3107.0,9.3
P385301,Dolce Eau de Parfum,Dolce&Gabbana,Fragrance,Women,126.0,4.3193,21432,404.0,37.8
P429971,Dolce Garden,Dolce&Gabbana,Fragrance,Women,29.0,4.6193,20120,218.0,8.7
P186402,Light Blue Pour Homme Eau de Toilette,Dolce&Gabbana,Fragrance,Men,100.0,4.7358,19367,424.0,30.0
P376951,Pour Femme,Dolce&Gabbana,Fragrance,Women,29.0,4.4839,12683,217.0,8.7
P224300,The One For Men,Dolce&Gabbana,Fragrance,Men,134.0,4.7297,11561,370.0,40.2
P406330,The One For Men Eau De Parfum,Dolce&Gabbana,Fragrance,Men,143.0,4.5,9292,24.0,42.9
P419011,Light Blue Eau Intense Pour Homme,Dolce&Gabbana,Fragrance,Men,139.0,4.6905,9178,42.0,41.7
P382515,Pour Femme Intense,Dolce&Gabbana,Fragrance,Women,128.0,4.3365,8999,104.0,38.4
P429970,Dolce Garden Travel Spray,Dolce&Gabbana,Fragrance,Women,29.0,4.3333,8832,30.0,8.7
P449367,K by Dolce & Gabbana,Dolce&Gabbana,Men,,104.0,4.6467,7657,351.0,43.68
P377775,Pour Femme Rollerball,Dolce&Gabbana,Fragrance,Women,29.0,4.4536,5651,97.0,8.7
P480295,Dolce Lily Eau De Toilette,Dolce&Gabbana,Fragrance,Women,82.0,4.6351,4927,348.0,24.6
P456715,The One Eau de Parfum Travel Spray,Dolce&Gabbana,Fragrance,Women,31.0,4.4286,4343,7.0,9.3
P0901,Pour Homme,Dolce&Gabbana,Fragrance,Men,100.0,4.6557,3171,122.0,30.0
P306859,Light Blue Pour Homme Deodorant,Dolce&Gabbana,Bath & Body,Body Care,29.0,2.5556,2159,9.0,11.6
P505167,The Essential Eye Shadow Palette,DOMINIQUE COSMETICS,Makeup,Eye,49.0,4.7857,3494,14.0,20.58
P380541,Cashmere Mist Deodorant,Donna Karan,Bath & Body,Bath & Shower,32.0,4.4439,45040,971.0,12.8
P41391,Cashmere Mist Eau de Parfum,Donna Karan,Fragrance,Women,130.0,4.4824,11540,255.0,39.0
P440445,Cashmere Mist Travel Spray,Donna Karan,Fragrance,Women,30.0,4.4,4932,10.0,9.0
P503730,Cashmere Mist Aluminum Free/Alcohol Free Deodorant,Donna Karan,Bath & Body,Body Care,32.0,3.3333,3171,15.0,12.8
P380539,Cashmere Mist Body Creme,Donna Karan,Bath & Body,Body Moisturizers,60.0,4.6667,2063,9.0,24.0
P430958,Apple Cider Vinegar Scalp Scrub & Hair Rinse Duo,dpHUE,Hair,Value & Gift Sets,53.0,4.1667,12732,42.0,23.85
P447212,Hyaluronic Serum,Dr. Barbara Sturm,Skincare,Treatments,320.0,3.9386,7257,879.0,121.6
P454936,Mini Hyaluronic Serum,Dr. Barbara Sturm,Skincare,Mini Size,110.0,3.9386,4691,879.0,41.8
P447782,Glow Drops,Dr. Barbara Sturm,Skincare,Treatments,150.0,4.0601,8905,815.0,57.0
P454935,Mini Glow Drops,Dr. Barbara Sturm,Skincare,Mini Size,60.0,4.0601,8640,815.0,22.8
P447781,Face Cream,Dr. Barbara Sturm,Skincare,Moisturizers,225.0,4.2407,4738,810.0,85.5
P464233,Mini Face Cream,Dr. Barbara Sturm,Skincare,Moisturizers,75.0,4.2407,2202,810.0,28.5
P447785,Eye Cream,Dr. Barbara Sturm,Skincare,Eye Care,145.0,3.8221,4529,253.0,55.1
P449600,The Body Brush,Dr. Barbara Sturm,Bath & Body,Body Care,40.0,3.5417,9142,24.0,16.0
P447783,Cleanser,Dr. Barbara Sturm,Skincare,Cleansers,75.0,4.2,6271,70.0,28.5
P447789,Sun Drops SPF 50,Dr. Barbara Sturm,Skincare,Sunscreen,150.0,2.7164,3538,67.0,57.0
P448554,Enzyme Cleanser,Dr. Barbara Sturm,Skincare,Cleansers,75.0,3.8276,7182,58.0,28.5
P448711,Face Mask,Dr. Barbara Sturm,Skincare,Masks,125.0,4.5185,5780,54.0,47.5
P447790,Anti-Pollution Drops,Dr. Barbara Sturm,Skincare,Treatments,150.0,3.6327,3528,49.0,57.0
P456997,Night Serum,Dr. Barbara Sturm,Skincare,Treatments,310.0,4.7021,4921,47.0,117.8
P447787,Super Anti-Aging Serum,Dr. Barbara Sturm,Skincare,Treatments,370.0,3.3684,4523,38.0,140.6
P454937,Mini Super Anti-Aging Serum,Dr. Barbara Sturm,Skincare,Mini Size,130.0,3.3684,3397,38.0,49.4
P481973,The Better B Niacinamide Serum,Dr. Barbara Sturm,Skincare,Treatments,145.0,4.8667,2538,30.0,55.1
P448715,Balancing Toner,Dr. Barbara Sturm,Skincare,Cleansers,75.0,4.4828,4371,29.0,28.5
P469200,The Good C Vitamin C Serum,Dr. Barbara Sturm,Skincare,Treatments,145.0,3.5,3108,24.0,55.1
P448553,Face Cream Rich,Dr. Barbara Sturm,Skincare,Moisturizers,240.0,4.3182,3298,22.0,91.2
P448558,Clarifying Face Cream,Dr. Barbara Sturm,Skincare,Moisturizers,225.0,3.3182,2288,22.0,85.5
P447788,Calming Serum,Dr. Barbara Sturm,Skincare,Treatments,255.0,3.7778,2487,18.0,96.9
P448557,Clarifying Serum,Dr. Barbara Sturm,Skincare,Treatments,255.0,4.125,2524,16.0,96.9
P448542,Clarifying Mask,Dr. Barbara Sturm,Skincare,Masks,150.0,4.125,2446,16.0,57.0
P449601,Face Cream Light,Dr. Barbara Sturm,Skincare,Moisturizers,215.0,3.9333,1420,15.0,81.7
P454375,Clarifying Acne Spot Treatment,Dr. Barbara Sturm,Skincare,Treatments,55.0,3.5,1720,14.0,20.9
P448716,Anti-Aging Body Cream,Dr. Barbara Sturm,Bath & Body,Body Moisturizers,125.0,4.0909,2304,11.0,50.0
P481414,V Wash,Dr. Barbara Sturm,Bath & Body,Body Care,75.0,4.0,2302,5.0,30.0
P448548,Darker Skin Tones Hyaluronic Serum,Dr. Barbara Sturm,Skincare,Treatments,300.0,4.3636,2233,11.0,114.0
P481413,V Drops,Dr. Barbara Sturm,Bath & Body,Body Care,100.0,4.2,2074,5.0,40.0
P448545,Darker Skin Tones Foam Cleanser,Dr. Barbara Sturm,Skincare,Cleansers,75.0,3.7,1146,10.0,28.5
P475926,The SturmGlow Kit,Dr. Barbara Sturm,Skincare,Value & Gift Sets,185.0,3.1111,3701,9.0,70.3
P448546,Darker Skin Tones Enzyme Cleanser,Dr. Barbara Sturm,Skincare,Cleansers,75.0,4.7778,3148,9.0,28.5
P448549,Brightening Serum,Dr. Barbara Sturm,Skincare,Treatments,310.0,3.5556,1709,9.0,117.8
P448544,Darker Skin Tones Face Cream,Dr. Barbara Sturm,Skincare,Moisturizers,225.0,5.0,1685,9.0,85.5
P474036,Aloe Vera Gel,Dr. Barbara Sturm,Skincare,Moisturizers,75.0,3.3333,1128,9.0,28.5
P471017,Super Anti-Aging Face Cream,Dr. Barbara Sturm,Skincare,Moisturizers,360.0,3.2222,928,9.0,136.8
P448713,Clarifying Spot Treatment,Dr. Barbara Sturm,Skincare,Treatments,55.0,4.125,2729,8.0,20.9
P448551,Brightening Face Lotion,Dr. Barbara Sturm,Skincare,Moisturizers,205.0,4.4286,1490,7.0,77.9
P477150,Super Anti-Aging Eye Cream,Dr. Barbara Sturm,Skincare,Eye Care,210.0,4.3333,1735,6.0,79.8
P448550,Brightening Face Cream,Dr. Barbara Sturm,Skincare,Moisturizers,240.0,5.0,2000,5.0,91.2
P448547,Darker Skin Tones Face Cream Rich,Dr. Barbara Sturm,Skincare,Moisturizers,240.0,4.6667,873,3.0,91.2
P504011,Super Anti-Aging Night Cream,Dr. Barbara Sturm,Skincare,Moisturizers,395.0,,218,,150.1
P139005,pores no more pore refiner primer,Dr. Brandt Skincare,Makeup,Face,48.0,4.2677,108740,3298.0,20.16
P427397,Hydro Biotic Recovery Sleeping Mask,Dr. Brandt Skincare,Skincare,Masks,54.0,4.5788,21773,1187.0,20.52
P391802,Needles No More Wrinkle Smoothing Cream,Dr. Brandt Skincare,Skincare,Treatments,89.0,3.5158,15453,506.0,33.82
P397310,PoreDermabrasion Pore Perfecting Exfoliator,Dr. Brandt Skincare,Skincare,Cleansers,59.0,4.2437,20771,316.0,22.42
P411254,MAGNETIGHT Age-Defier Mask,Dr. Brandt Skincare,Skincare,Masks,75.0,3.9216,19870,306.0,28.5
P435209,Radiance Resurfacing Foam,Dr. Brandt Skincare,Skincare,Treatments,72.0,4.4478,1903,297.0,27.36
P429662,pores no more Vacuum Cleaner Pore Purifying Mask,Dr. Brandt Skincare,Skincare,Masks,44.0,3.887,16237,239.0,16.72
P417002,pores no more Luminizer Primer,Dr. Brandt Skincare,Makeup,Face,40.0,3.9663,12701,208.0,16.8
P470217,Liquid Sun Shield Daily Brightening Mineral Sunscreen SPF 50,Dr. Brandt Skincare,Skincare,Sunscreen,67.0,4.2804,9171,189.0,25.46
P467614,C Scription Vitamin C Brightening Serum,Dr. Brandt Skincare,Skincare,Treatments,120.0,4.6959,4599,148.0,45.6
P383053,Do Not Age with Dr. Brandt Triple Peptide Eye Cream,Dr. Brandt Skincare,Skincare,Eye Care,82.0,4.0822,8950,146.0,31.16
P460758,Cool Biotic Prebiotic Redness Relief Cream,Dr. Brandt Skincare,Skincare,Moisturizers,56.0,4.1468,8201,109.0,21.28
P417625,24/7 Retinol Eye Cream,Dr. Brandt Skincare,Skincare,Eye Care,58.0,3.9159,8505,107.0,22.04
P444225,Clean Biotic pH-balanced yogurt cleanser with chlorophyll,Dr. Brandt Skincare,Skincare,Cleansers,36.0,4.2212,4790,104.0,13.68
P429661,pores no more Mattifying Hydrator Pore Minimizing Gel,Dr. Brandt Skincare,Skincare,Treatments,50.0,4.2039,6925,103.0,19.0
P383052,Do Not Age with Dr. Brandt Moisturizing Neck Cream,Dr. Brandt Skincare,Skincare,Moisturizers,67.0,3.7745,6096,102.0,25.46
P383051,Do Not Age with Dr. Brandt Time Defying Cream,Dr. Brandt Skincare,Skincare,Moisturizers,132.0,4.0114,2722,88.0,50.16
P453822,Dark Spots No More Triple Acid Spot Minimizing Concentrate,Dr. Brandt Skincare,Skincare,Treatments,71.0,3.9634,9838,82.0,26.98
P448710,pores no more Pore Purifying Cleanser,Dr. Brandt Skincare,Skincare,Cleansers,38.0,4.2537,5136,67.0,14.44
P502640,Microdermabrasion Renewing Age-Defying Face Exfoliator,Dr. Brandt Skincare,Skincare,Cleansers,79.0,4.8621,2309,58.0,30.02
P383054,Do Not Age with Dr. Brandt Transforming Pearl Serum,Dr. Brandt Skincare,Skincare,Treatments,152.0,4.1852,3259,54.0,57.76
P442001,Hyaluronic Facial Cream,Dr. Brandt Skincare,Skincare,Moisturizers,72.0,3.814,3056,43.0,27.36
P442263,needles no more 3-D LIP PLUMPFIX,Dr. Brandt Skincare,Skincare,Lip Balms & Treatments,39.0,2.8947,5114,38.0,14.82
P440302,needles no more Neck Sculpting Cream,Dr. Brandt Skincare,Skincare,Moisturizers,95.0,3.7742,6052,31.0,36.1
P476570,Triple Active Retinol Gentle Overnight Renewal Cream,Dr. Brandt Skincare,Skincare,Moisturizers,75.0,3.7273,1466,11.0,28.5
P435790,Radiance Revitalizing Foam,Dr. Brandt Skincare,Skincare,Treatments,65.0,5.0,597,4.0,24.7
P502592,Mini Microdermabrasion Renewing Age-Defying Face Exfoliator,Dr. Brandt Skincare,Mini Size,Skincare,29.0,4.5,771,4.0,13.05
P504411,Microdermabrasion Smoothing Lip Scrub,Dr. Brandt Skincare,Skincare,Lip Balms & Treatments,30.0,4.0,1030,2.0,11.4
P500151,Drop of Strength All Day Strengthening Serum,Dr. Brandt Skincare,Skincare,Treatments,85.0,4.5,665,2.0,32.3
P460622,25 Years of Dr. Brandt Kit,Dr. Brandt Skincare,Skincare,Value & Gift Sets,165.0,1.0,274,1.0,62.7
P504423,Microdermbrasion Hydrating Body Exfoliator,Dr. Brandt Skincare,Bath & Body,Bath & Shower,50.0,,299,,20.0
P269122,Alpha Beta Extra Strength Daily Peel Pads,Dr. Dennis Gross Skincare,Skincare,Treatments,92.0,4.5455,234295,7412.0,34.96
P425868,Mini Alpha Beta Extra Strength Daily Peel Pads,Dr. Dennis Gross Skincare,Mini Size,Skincare,20.0,4.609,93021,642.0,9.0
P447592,Alpha Beta Pore Perfecting & Refining Serum,Dr. Dennis Gross Skincare,Skincare,Treatments,68.0,4.4672,26675,1494.0,25.84
P377533,Alpha Beta Universal Daily Peel Pads,Dr. Dennis Gross Skincare,Skincare,Treatments,92.0,4.4899,121149,1382.0,34.96
P425869,Mini Alpha Beta Universal Daily Peel Pads,Dr. Dennis Gross Skincare,Mini Size,Skincare,20.0,4.5148,65775,371.0,9.0
P461439,Hyaluronic Marine Makeup Removing Meltaway Cleanser,Dr. Dennis Gross Skincare,Skincare,Cleansers,32.0,4.4555,8658,595.0,12.16
P481340,Alpha Beta AHA/BHA Daily Cleansing Gel,Dr. Dennis Gross Skincare,Skincare,Cleansers,39.0,4.3166,10330,439.0,14.82
P474825,Advanced Retinol + Ferulic Triple Correction Eye Serum,Dr. Dennis Gross Skincare,Skincare,Eye Care,71.0,4.4967,29199,304.0,26.98
P474826,Advanced Retinol + Ferulic Texture Renewal Serum,Dr. Dennis Gross Skincare,Skincare,Treatments,76.0,4.4667,22246,285.0,28.88
P466877,Alpha Beta Exfoliating Body Treatment Peel,Dr. Dennis Gross Skincare,Bath & Body,Bath & Shower,60.0,4.4054,15460,708.0,24.0
P501190,Vitamin C Lactic Dewy Deep Cream,Dr. Dennis Gross Skincare,Skincare,Moisturizers,75.0,4.8008,10107,251.0,28.5
P474824,Advanced Retinol + Ferulic Overnight Wrinkle Treatment,Dr. Dennis Gross Skincare,Skincare,Treatments,87.0,4.7287,15061,247.0,33.06
P398761,Alpha Beta Ultra Gentle Daily Peel Pads for Sensitive Skin,Dr. Dennis Gross Skincare,Skincare,Treatments,20.0,4.3389,23751,239.0,7.6
P501169,Vitamin C Lactic 15% Firm & Bright Serum,Dr. Dennis Gross Skincare,Skincare,Treatments,85.0,4.556,24244,232.0,32.3
P501157,Vitamin C Lactic Firm & Bright Eye Treatment,Dr. Dennis Gross Skincare,Skincare,Eye Care,68.0,4.7459,12157,185.0,25.84
P427393,Hyaluronic Marine Dew It Right Eye Gel,Dr. Dennis Gross Skincare,Skincare,Eye Care,55.0,3.5442,12365,147.0,20.9
P474823,Advanced Retinol + Ferulic Overnight Texture Renewal Peel,Dr. Dennis Gross Skincare,Skincare,Treatments,82.0,4.7415,11560,147.0,31.16
P416755,Hyaluronic Marine Oil-Free Moisture Cushion,Dr. Dennis Gross Skincare,Skincare,Moisturizers,65.0,4.0342,13709,146.0,24.7
P479313,Advanced Retinol + Ferulic Intense Wrinkle Cream,Dr. Dennis Gross Skincare,Skincare,Moisturizers,77.0,4.695,17314,141.0,29.26
P385773,Hyaluronic Marine Hydration Booster,Dr. Dennis Gross Skincare,Skincare,Treatments,72.0,4.2555,13677,137.0,27.36
P413613,Pro Facial Steamer,Dr. Dennis Gross Skincare,Skincare,High Tech Tools,159.0,4.1493,40031,134.0,60.42
P503927,Vitamin C Lactic Biocellulose Brightening Treatment Mask,Dr. Dennis Gross Skincare,Skincare,Masks,12.0,4.5897,6445,117.0,4.56
P501166,Vitamin C Lactic Oil-Free Radiant Moisturizer,Dr. Dennis Gross Skincare,Skincare,Moisturizers,72.0,4.6577,6654,111.0,27.36
P481341,Alpha Beta Daily Moisturizer,Dr. Dennis Gross Skincare,Skincare,Moisturizers,72.0,4.561,4205,82.0,27.36
P411360,Hyaluronic Marine Hydrating Modeling Mask,Dr. Dennis Gross Skincare,Skincare,Masks,52.0,4.0921,9464,76.0,19.76
P481975,Alpha Beta Daily Essentials - Universal,Dr. Dennis Gross Skincare,Skincare,Value & Gift Sets,92.0,4.6296,3622,27.0,34.96
P481339,Alpha Beta Daily Essentials - Extra Strength,Dr. Dennis Gross Skincare,Skincare,Treatments,92.0,4.4615,7215,26.0,34.96
P466878,Mini Alpha Beta Exfoliating Body Treatment Peel,Dr. Dennis Gross Skincare,Skincare,Mini Size,18.0,2.8824,6308,17.0,6.84
P481376,Mini Alpha Beta AHA/BHA Daily Cleansing Gel,Dr. Dennis Gross Skincare,Skincare,Cleansers,15.0,3.7143,7057,14.0,5.7
P474943,Mini Alpha Beta Ultra Gentle Daily Peel Pads for Sensitive Skin,Dr. Dennis Gross Skincare,Skincare,Mini Size,20.0,3.6364,7204,11.0,7.6
P503912,Firm + Bright + Glow Vitamin C Lactic Set,Dr. Dennis Gross Skincare,Skincare,Value & Gift Sets,85.0,3.4286,4442,7.0,32.3
P503906,DRx SpectraLite LED EyeCare Max Pro,Dr. Dennis Gross Skincare,Skincare,High Tech Tools,199.0,5.0,191,5.0,75.62
P471545,DRx SpectraLite BodyWare Pro,Dr. Dennis Gross Skincare,Skincare,High Tech Tools,465.0,4.25,6836,4.0,176.7
P411540,Cicapair Tiger Grass Color Correcting Treatment SPF 30,Dr. Jart+,Skincare,Moisturizers,52.0,3.9904,210786,5309.0,19.76
P471546,Mini Cicapair Tiger Grass Color Correcting Treatment SPF 30,Dr. Jart+,Skincare,Mini Size,21.0,4.0165,74947,5028.0,7.98
P411539,Cicapair Tiger Grass Cream,Dr. Jart+,Skincare,Moisturizers,49.0,4.3233,73855,1367.0,18.62
P423259,Cicapair Tiger Grass Serum,Dr. Jart+,Skincare,Treatments,52.0,4.2657,73240,1080.0,19.76
P467615,Cicapair Tiger Grass Sleepair Intensive Mask,Dr. Jart+,Skincare,Masks,42.0,4.5464,37108,743.0,15.96
P448185,Cicapair Tiger Grass Calming Gel Cream,Dr. Jart+,Skincare,Moisturizers,49.0,4.4977,34356,645.0,18.62
P454019,Teatreement Moisturizer,Dr. Jart+,Skincare,Moisturizers,35.0,4.2435,13761,620.0,13.3
P501005,Premium BB Tinted Moisturizer with Niacinamide and SPF 40,Dr. Jart+,Skincare,Moisturizers,44.0,4.3229,33513,607.0,16.72
P442857,Focuspot Micro Tip Patches,Dr. Jart+,Skincare,Treatments,20.0,3.0381,54955,578.0,7.6
P457008,Cryo Rubber Masks,Dr. Jart+,Skincare,Masks,15.0,4.3149,93809,562.0,5.7
P448184,Cicapair Tiger Grass Calming Mist,Dr. Jart+,Skincare,Moisturizers,25.0,4.4314,23218,554.0,9.5
P454086,Teatreement Cleansing Foam,Dr. Jart+,Skincare,Cleansers,29.0,4.1409,9022,504.0,11.02
P457521,Every Sun Day Mineral Sunscreen SPF 50+,Dr. Jart+,Skincare,Sunscreen,40.0,4.4336,29897,482.0,15.2
P429250,Cicapair  Tiger Grass Camo Drops Color Corrector SPF 35,Dr. Jart+,Skincare,Treatments,48.0,4.1395,62298,473.0,18.24
P454085,Teatreement Toner,Dr. Jart+,Skincare,Cleansers,30.0,4.2553,7201,470.0,11.4
P473828,Ceramidin  Eye Cream with Niacinamide,Dr. Jart+,Skincare,Eye Care,40.0,4.5473,20885,433.0,15.2
P429529,Sheet Masks,Dr. Jart+,Skincare,Masks,7.0,4.2176,77748,432.0,2.66
P479632,Pore Remedy PHA Exfoliating Serum,Dr. Jart+,Skincare,Treatments,45.0,4.1694,17936,431.0,17.1
P504007,Ceramidin Skin Barrier Moisturizing Cream,Dr. Jart+,Skincare,Moisturizers,48.0,4.6091,16300,417.0,18.24
P504042,Ceramidin Skin Barrier Moisturizing Mask,Dr. Jart+,Skincare,Masks,9.0,4.6936,10190,359.0,3.42
P504001,Ceramidin Skin Barrier Serum Toner,Dr. Jart+,Skincare,Cleansers,39.0,4.6364,5912,341.0,14.82
P504064,Ceramidin Cream-Infused Mask,Dr. Jart+,Skincare,Masks,15.0,4.6324,4288,340.0,5.7
P457522,Every Sun Day Sun Fluid SPF 50+,Dr. Jart+,Skincare,Sunscreen,42.0,4.4215,15285,325.0,15.96
P397624,Dermask Micro Jet Clearing Solution,Dr. Jart+,Skincare,Masks,9.0,4.4472,35931,322.0,3.42
P479633,Pore Remedy Purifying Mud Mask,Dr. Jart+,Skincare,Masks,9.0,4.1781,18287,320.0,3.42
P397623,Dermask Water Jet Vital Hydra Solution,Dr. Jart+,Skincare,Masks,7.0,4.5507,40090,276.0,2.66
P481700,Cicapair Redness Rescue Kit,Dr. Jart+,Skincare,Value & Gift Sets,39.0,4.2857,17922,147.0,14.82
P397622,Dermask Water Jet Soothing Hydra Solution,Dr. Jart+,Skincare,Masks,7.0,4.0538,22325,130.0,2.66
P442854,Focuspot Dark Spot Micro Tip Patch,Dr. Jart+,Skincare,Treatments,20.0,3.6311,0,122.0,7.6
P501031,Pore Remedy 5% Multi-Acid Radiance Peel,Dr. Jart+,Skincare,Treatments,40.0,4.5741,5678,108.0,15.2
P457523,BB Dis-A-Pore Broad Spectrum SPF 50+ Sunscreen,Dr. Jart+,Makeup,Face,39.0,3.7348,8091,445.0,16.38
P442853,Focuspot Blemish Micro Tip Patch,Dr. Jart+,Skincare,Treatments,20.0,3.9684,0,95.0,7.6
P462860,Ceramidin Body Lotion,Dr. Jart+,Bath & Body,Body Moisturizers,28.0,4.2759,6599,58.0,11.2
P397625,Dermask Micro Jet Brightening Solution,Dr. Jart+,Skincare,Masks,9.0,4.0571,16054,70.0,3.42
P433884,Dermask Ultra Jet Peeling Solution,Dr. Jart+,Skincare,Treatments,9.0,4.2462,9689,65.0,3.42
P397626,Dermask Intra Jet Wrinkless Solution,Dr. Jart+,Skincare,Masks,9.0,3.619,12850,63.0,3.42
P397627,Dermask Intra Jet Firming Solution,Dr. Jart+,Skincare,Masks,9.0,3.3061,9087,49.0,3.42
P481699,Cicapair Tiger Grass Calming Serum Mask,Dr. Jart+,Skincare,Masks,9.0,4.36,12733,25.0,3.42
P457011,Cryo Rubber Mask with Firming Collagen,Dr. Jart+,Skincare,Masks,15.0,4.8462,0,13.0,5.7
P457012,Cryo Rubber Mask with Brightening Vitamin C,Dr. Jart+,Skincare,Masks,15.0,3.8333,0,12.0,5.7
P457010,Cryo Rubber Mask with Soothing Allantoin,Dr. Jart+,Skincare,Masks,15.0,4.5556,0,9.0,5.7
P457009,Cryo Rubber Mask with Moisturizing Hyaluronic Acid,Dr. Jart+,Skincare,Masks,15.0,4.0,0,6.0,5.7
P459127,Platinum Lip Plump SPF 30,Dr. Lara Devgan Scientific Beauty,Skincare,Lip Balms & Treatments,50.0,4.5731,14302,513.0,19.0
P459130,Hyaluronic Serum,Dr. Lara Devgan Scientific Beauty,Skincare,Treatments,245.0,4.785,2777,321.0,93.1
P459128,Vitamin C+B+E Ferulic Serum,Dr. Lara Devgan Scientific Beauty,Skincare,Treatments,145.0,4.8235,9243,306.0,55.1
P459129,Peptide Eye Cream,Dr. Lara Devgan Scientific Beauty,Skincare,Eye Care,215.0,4.8172,5462,268.0,81.7
P459126,Platinum Long Lash Serum,Dr. Lara Devgan Scientific Beauty,Makeup,Eye,150.0,4.458,11182,417.0,63.0
P469121,Microdermabrasion Scrub,Dr. Lara Devgan Scientific Beauty,Skincare,Cleansers,65.0,4.2,1136,10.0,24.7
P476849,Platinum Lip Plump,Dr. Lara Devgan Scientific Beauty,Makeup,Lip,50.0,1.0,839,2.0,21.0
P475930,Extreme Lengthening Mascara,Dr. Lara Devgan Scientific Beauty,Makeup,Eye,40.0,2.375,690,16.0,16.8
P480441,Retinol + Bakuchiol Serum 2.5x,Dr. Lara Devgan Scientific Beauty,Skincare,Treatments,300.0,3.0,581,1.0,114.0
P480440,Advanced Revitalizing Cleanser,Dr. Lara Devgan Scientific Beauty,Skincare,Cleansers,65.0,,217,,24.7
P464238,Peptide + Ceramide Repairing Moisturizer,Dr. Zenovia Skincare,Skincare,Moisturizers,79.0,4.6744,5504,519.0,30.02
P464243,10% Benzoyl Peroxide Acne Cleanser,Dr. Zenovia Skincare,Skincare,Cleansers,30.0,4.4931,8366,434.0,11.4
P464239,Aloe Vera Blemish Soothing Moisturizer,Dr. Zenovia Skincare,Skincare,Moisturizers,38.0,4.5809,5968,377.0,14.44
P464245,Bakuchiol Hydrating Cleanser,Dr. Zenovia Skincare,Skincare,Cleansers,42.0,4.4983,1784,301.0,15.96
P467617,Clear Complexion Acne Solutions System,Dr. Zenovia Skincare,Skincare,Value & Gift Sets,35.0,4.5084,6191,297.0,13.3
P464241,5% Benzoyl Peroxide Acne Spot Treatment,Dr. Zenovia Skincare,Skincare,Treatments,25.0,4.4021,7160,286.0,9.5
P464234,Advanced Retinol Night Repair Treatment,Dr. Zenovia Skincare,Skincare,Treatments,72.0,4.5019,2860,267.0,27.36
P464235,Inflam-Aging Night Repair Treatment,Dr. Zenovia Skincare,Skincare,Treatments,72.0,4.4769,1478,260.0,27.36
P483128,Scar Gel Treatment,Dr. Zenovia Skincare,Skincare,Treatments,48.0,4.3285,4241,137.0,18.24
P464242,Hyaluronic Acid + Peptide Serum,Dr. Zenovia Skincare,Skincare,Treatments,72.0,4.5082,2472,122.0,27.36
P464244,Vitamin C Brightening Toner,Dr. Zenovia Skincare,Skincare,Cleansers,38.0,4.5981,3840,107.0,14.44
P464240,10% Glycolic Acne Control Peel Pads,Dr. Zenovia Skincare,Skincare,Treatments,42.0,4.4095,3425,105.0,15.96
P464237,Retinol Recovery Eye Cream,Dr. Zenovia Skincare,Skincare,Eye Care,64.0,3.8812,1366,101.0,24.32
P427421,Protini Polypeptide Firming Refillable Moisturizer,Drunk Elephant,Skincare,Moisturizers,68.0,3.962,411372,6048.0,25.84
P392246,T.L.C. Framboos Glycolic Resurfacing Night Serum,Drunk Elephant,Skincare,Treatments,90.0,4.3492,290028,3439.0,34.2
P426836,Beste No. 9 Jelly Cleanser,Drunk Elephant,Skincare,Cleansers,34.0,3.9426,113466,2702.0,12.92
P406712,B-Hydra Intensive Hydration Serum with Hyaluronic Acid,Drunk Elephant,Skincare,Treatments,49.0,4.1863,216418,2561.0,18.62
P415777,T.L.C. Sukari Babyfacial AHA + BHA Mask,Drunk Elephant,Skincare,Masks,80.0,4.2909,274915,2554.0,30.4
P432668,D-Bronzi Anti-Pollution Bronzing Drops with Peptides,Drunk Elephant,Skincare,Treatments,38.0,4.433,328059,2037.0,14.44
P446938,Lala Retro Whipped Refillable Moisturizer with Ceramides,Drunk Elephant,Skincare,Moisturizers,62.0,4.1535,145717,1993.0,23.56
P403818,Lippe Balm,Drunk Elephant,Skincare,Lip Balms & Treatments,18.0,3.7386,84276,1901.0,6.84
P392245,Virgin Marula Luxury Face Oil,Drunk Elephant,Skincare,Moisturizers,68.0,4.3107,174857,1651.0,25.84
P400259,C-Firma Fresh Vitamin-C Day Serum,Drunk Elephant,Skincare,Treatments,78.0,4.1561,300467,1602.0,29.64
P442566,Slaai  Makeup-Melting Butter Cleanser,Drunk Elephant,Skincare,Cleansers,36.0,3.781,88374,1525.0,13.68
P429515,C-Tango Vitamin C Eye Cream,Drunk Elephant,Skincare,Eye Care,64.0,3.7473,124160,1484.0,24.32
P419222,Umbra Sheer Physical Daily Defense SPF 30,Drunk Elephant,Skincare,Sunscreen,34.0,3.3076,46738,1362.0,12.92
P439926,A-Passioni Retinol Cream,Drunk Elephant,Skincare,Treatments,74.0,4.2008,214435,1265.0,28.12
P454120,F-Balm Electrolyte Waterfacial Mask,Drunk Elephant,Skincare,Masks,54.0,4.1665,71224,1105.0,20.52
P419223,Shaba Complex Firming Eye Serum,Drunk Elephant,Skincare,Eye Care,60.0,3.8963,75752,1070.0,22.8
P460515,E-Rase Milki Micellar Water,Drunk Elephant,Skincare,Cleansers,14.0,4.2812,26131,1017.0,5.32
P462347,E-Rase Milki Micellar Water Mini,Drunk Elephant,Skincare,Mini Size,14.0,4.2812,19854,1017.0,5.32
P419221,Umbra Tinte Physical Daily Defense SPF 30,Drunk Elephant,Skincare,Sunscreen,36.0,3.2982,40278,845.0,13.68
P470024,Protini Powerpeptide Resurfacing Serum with Lactic Acid,Drunk Elephant,Skincare,Treatments,82.0,4.3619,51763,713.0,31.16
P466117,Sweet Biome Fermented Sake Hydrating Spray,Drunk Elephant,Skincare,Moisturizers,42.0,3.8833,15545,677.0,15.96
P405584,Baby Pekee Bar + Juju Bar Travel Duo,Drunk Elephant,Skincare,Value & Gift Sets,16.0,4.34,55728,600.0,6.08
P457687,Sili Body Lotion,Drunk Elephant,Bath & Body,Body Moisturizers,24.0,3.9405,34014,420.0,9.6
P457205,T.L.C. Happi Scalp Scrub,Drunk Elephant,Hair,Hair Styling & Treatments,38.0,3.852,32809,1115.0,17.1
P457685,Sweet Pitti Deodorant Cream,Drunk Elephant,Bath & Body,Body Care,16.0,3.9091,28388,902.0,6.4
P476671,T.L.C Glycolic Body Lotion,Drunk Elephant,Bath & Body,Body Moisturizers,28.0,4.3108,27705,74.0,11.2
P477985,A-Gloei Retinol Oil,Drunk Elephant,Skincare,Moisturizers,72.0,4.5501,24791,489.0,27.36
P392248,Pekee Cleansing Bar,Drunk Elephant,Skincare,Cleansers,28.0,4.4633,20586,449.0,10.64
P501028,Ceramighty  AF Eye Cream with Ceramides,Drunk Elephant,Skincare,Eye Care,60.0,4.3972,19664,428.0,22.8
P503693,Bouncy Brightfacial Brightening Mask with 10% Azelaic Acid + 1% Salicylic Acid,Drunk Elephant,Skincare,Treatments,68.0,4.4859,27212,426.0,25.84
P457202,Cocomino Glossing Shampoo,Drunk Elephant,Hair,Shampoo & Conditioner,27.0,3.9249,22041,1239.0,12.15
P475535,T.L.C. Sukari Babyfacial AHA + BHA Mask Mini,Drunk Elephant,Mini Size,Skincare,28.0,3.5333,21745,30.0,12.6
P457204,Wild Marula Tangle Spray,Drunk Elephant,Hair,Hair Styling & Treatments,27.0,3.5586,21673,290.0,12.15
P392249,JuJu Exfoliating Bar,Drunk Elephant,Skincare,Cleansers,28.0,4.4663,30472,386.0,10.64
P457686,Kamili Cream Body Cleanser,Drunk Elephant,Bath & Body,Bath & Shower,22.0,3.7735,20471,234.0,8.8
P472160,Sugared Koffie Almond Milk Body Scrub,Drunk Elephant,Bath & Body,Bath & Shower,32.0,2.8786,19084,173.0,12.8
P457203,Cocomino Marula Cream Conditioner,Drunk Elephant,Hair,Shampoo & Conditioner,27.0,3.9088,18686,1086.0,12.15
P424378,Mini Virgin Marula LuxuryFace Oil,Drunk Elephant,Skincare,Moisturizers,38.0,4.2368,48487,266.0,14.44
P465752,Mini Protini Polypeptide Moisturizer,Drunk Elephant,Skincare,Mini Size,22.0,3.805,52282,159.0,8.36
P473304,O-Bloos Rosi Glow Drops,Drunk Elephant,Skincare,Treatments,38.0,3.6943,49327,157.0,14.44
P440658,Baby Bar Travel Duo with Case,Drunk Elephant,Skincare,Value & Gift Sets,22.0,4.3955,22114,134.0,8.36
P471761,Call It A Night Glycolic Serum + Moisturizer duo,Drunk Elephant,Skincare,Value & Gift Sets,28.0,4.3874,37629,111.0,10.64
P450947,Mini A-Passioni Retinol Cream,Drunk Elephant,Skincare,Mini Size,28.0,4.0,31898,84.0,10.64
P482669,Wonderwild Miracle Butter,Drunk Elephant,Bath & Body,Body Moisturizers,38.0,4.374,7002,377.0,15.2
P500601,Sili Whipped Body Lotion,Drunk Elephant,Bath & Body,Body Moisturizers,30.0,4.25,6710,8.0,12.0
P500617,Scrubbi Bamboes  Body Cleanser,Drunk Elephant,Bath & Body,Bath & Shower,24.0,2.5333,5260,15.0,9.6
P500600,Silkamino  Mega-Moisturizing Shampoo,Drunk Elephant,Hair,Shampoo & Conditioner,27.0,4.5867,5073,75.0,12.15
P502964,Mini A-Gloei Retinol Oil,Drunk Elephant,Mini Size,Skincare,40.0,5.0,4923,1.0,18.0
P503159,Mini Wonderwild Miracle Butter,Drunk Elephant,Mini Size,Skincare,18.0,4.0,4894,3.0,8.1
P471547,Mini Beste No. 9 Jelly Cleanser,Drunk Elephant,Skincare,Mini Size,16.0,4.1429,16632,35.0,6.08
P500605,Silkamino  Mega-Moisturizing Masker,Drunk Elephant,Hair,Hair Styling & Treatments,30.0,4.6667,4465,78.0,13.5
P500603,Silkamino Conditioning Leave-In Milk,Drunk Elephant,Hair,Hair Styling & Treatments,32.0,4.5949,4332,79.0,14.4
P503294,Day Dream Vitamin C + Hydration Serum Duo 2.0,Drunk Elephant,Skincare,Value & Gift Sets,26.0,2.5,39446,22.0,9.88
P501591,The Littles Skincare Travel Set,Drunk Elephant,Skincare,Value & Gift Sets,74.0,4.4444,12819,9.0,28.12
P500983,"Anytime, Anyface Lactic Acid Serum + Protini Moisturizer Duo",Drunk Elephant,Skincare,Value & Gift Sets,28.0,5.0,12280,7.0,10.64
P505120,Early Bird Hydrate + Brighten Set,Drunk Elephant,Skincare,Value & Gift Sets,54.0,5.0,782,1.0,20.52
P378169,Detox Dry Shampoo,Drybar,Hair,Hair Styling & Treatments,39.0,3.8393,89690,2731.0,17.55
P388515,Triple Sec 3-in-1 Texturizing Finishing Spray,Drybar,Hair,Hair Styling & Treatments,29.0,3.6521,40481,1118.0,13.05
P378162,Hold Me Hair Clips,Drybar,Hair,Tools,19.0,4.4475,39824,324.0,8.55
P453282,The Double Shot Blow-Dryer Brush,Drybar,Hair,Tools,155.0,4.2079,39659,534.0,69.75
P388516,High Tops Self-Grip Rollers,Drybar,Hair,Tools,12.0,3.3791,38180,182.0,5.4
P411585,Prep Rally Prime & Prep Detangler,Drybar,Hair,Hair Styling & Treatments,26.0,4.0196,36886,561.0,11.7
P434224,Hot Toddy Heat Protectant Mist,Drybar,Hair,Hair Styling & Treatments,29.0,4.0594,21221,219.0,13.05
P378161,Buttercup Blow-Dryer,Drybar,Hair,Tools,199.0,3.9497,17998,576.0,89.55
P420600,Super Lemon Drop,Drybar,Hair,Tools,20.0,4.5085,17900,293.0,9.0
P434223,The Brush Crush Heated Straightening Brush,Drybar,Hair,Tools,149.0,4.2593,17529,270.0,67.05
P462678,Liquid Glass Miracle Smoothing Sealant,Drybar,Hair,Hair Styling & Treatments,34.0,4.1122,16763,196.0,15.3
P399335,Blonde Ale Brightening Shampoo,Drybar,Hair,Shampoo & Conditioner,29.0,4.0773,15606,375.0,13.05
P401605,The Tress Press Digital Styling Iron,Drybar,Hair,Tools,169.0,3.8571,15395,329.0,76.05
P378166,Full Pint Medium Round Brush,Drybar,Hair,Tools,40.0,3.935,15309,200.0,18.0
P467618,The Single Shot Blow-Dryer Brush,Drybar,Hair,Tools,155.0,4.155,15211,129.0,69.75
P429547,Texas Tease Teasing Brush,Drybar,Hair,Tools,18.0,4.7045,15184,44.0,8.1
P463035,The Mixologist Interchangeable Styling Iron,Drybar,Hair,Tools,199.0,3.8938,14509,113.0,89.55
P382289,"The 3-Day Bender 1.25"" Digital Curling Iron",Drybar,Hair,Tools,149.0,3.4389,13428,180.0,67.05
P378163,The Morning After Shower Cap,Drybar,Hair,Tools,16.0,3.5056,13107,269.0,7.2
P479950,Liquid Glass Instant Glossing Rinse,Drybar,Hair,Hair Styling & Treatments,34.0,4.3,12517,140.0,15.3
P378171,Southern Belle Volume-Boosting Mousse,Drybar,Hair,Hair Styling & Treatments,29.0,4.0303,12511,231.0,13.05
P422243,On The Rocks Clarifying Charcoal Shampoo,Drybar,Hair,Shampoo & Conditioner,26.0,4.2426,12325,272.0,11.7
P409921,Baby Buttercup Blow-Dryer,Drybar,Hair,Tools,139.0,3.6133,12181,225.0,62.55
P395399,Sparkling Soda Shine Mist,Drybar,Hair,Hair Styling & Treatments,29.0,3.8231,12013,130.0,13.05
P448866,Jump Start Quick Dry Blowout Serum,Drybar,Hair,Hair Styling & Treatments,29.0,3.5545,11870,110.0,13.05
P422603,The Wrap Party Styling Wand,Drybar,Hair,Tools,169.0,4.1933,11748,119.0,76.05
P417004,The Bouncer Diffuser,Drybar,Hair,Tools,34.0,3.9474,11507,38.0,15.3
P440278,Mini Prep Rally Prime & Prep Detangler,Drybar,Hair,Hair Styling & Treatments,14.0,3.8333,10976,60.0,6.3
P448441,The Baby Brush Crush Mini Heated Straightening Brush,Drybar,Hair,Tools,59.0,3.5568,10367,88.0,26.55
P414092,Lil’ Lemon Drop Daily Detangler,Drybar,Hair,Tools,12.0,4.2706,9343,85.0,5.4
P399336,Blonde Ale Brightening Conditioner,Drybar,Hair,Shampoo & Conditioner,29.0,3.4609,8775,128.0,13.05
P378165,"The 3-Day Bender 1"" Barrel Digital Curling Iron",Drybar,Hair,Tools,149.0,3.8378,8623,259.0,67.05
P378170,Money Maker Flexible Hold Hairspray,Drybar,Hair,Hair Styling & Treatments,27.0,3.9782,8552,229.0,12.15
P426202,Mini Triple Sec 3-in-1,Drybar,Mini Size,Hair,14.0,3.7386,8321,88.0,6.3
P378167,Half Pint Small Round Brush,Drybar,Hair,Tools,36.0,3.8529,7811,68.0,16.2
P395398,Double Pint Large Round Ceramic Brush,Drybar,Hair,Tools,42.0,3.6383,7666,47.0,18.9
P454055,Liquid Glass Smoothing Conditioner,Drybar,Hair,Shampoo & Conditioner,29.0,4.3564,7663,101.0,13.05
P479951,Liquid Glass Moisture-Rich Miracle Smoothing Sealant,Drybar,Hair,Hair Styling & Treatments,34.0,4.675,7294,40.0,15.3
P454054,Liquid Glass Smoothing Shampoo,Drybar,Hair,Shampoo & Conditioner,29.0,3.8557,6869,97.0,13.05
P429007,Southern Belle Volume-Boosting Root Lifter,Drybar,Hair,Hair Styling & Treatments,29.0,3.4144,6734,111.0,13.05
P428060,Mini Detox Dry Shampoo,Drybar,Mini Size,Hair,14.0,3.5769,6534,26.0,6.3
P480442,Reserve 3-in-1 Interchangeable Blow-Dryer,Drybar,Hair,Tools,349.0,4.2877,6434,73.0,157.05
P422244,On The Rocks Lightweight Conditioner,Drybar,Hair,Shampoo & Conditioner,26.0,4.1607,5789,56.0,11.7
P441828,Flat Mate Boar Bristle Brush,Drybar,Hair,Tools,85.0,3.75,5551,60.0,38.25
P454752,The Lemon Bar Paddle Brush,Drybar,Hair,Tools,32.0,3.5926,5424,27.0,14.4
P384469,Detox Dry Shampoo For Brunettes,Drybar,Hair,Hair Styling & Treatments,26.0,2.3178,5255,579.0,11.7
P467114,Mini Hot Toddy Heat Protectant Mist,Drybar,Hair,Mini Size,14.0,3.375,5133,8.0,6.3
P443757,Detox Clear Invisible Dry Shampoo,Drybar,Hair,Hair Styling & Treatments,26.0,3.0787,5112,89.0,11.7
P501727,The Half Shot Small Round Blow Dryer Brush,Drybar,Hair,Tools,155.0,4.8421,4752,38.0,69.75
P440678,On the Rocks Charcoal Scalp Scrub,Drybar,Hair,Hair Styling & Treatments,32.0,3.5088,4272,57.0,14.4
P457238,Blonde Ale Color-Enhancing Brightening Hair Mask,Drybar,Hair,Hair Styling & Treatments,35.0,4.08,3991,25.0,15.75
P501734,The Straight Shot Blow Drying Flat Iron,Drybar,Hair,Tools,179.0,4.2,3924,60.0,80.55
P501758,Agua Fresca Leave-In Conditioning Milk,Drybar,Hair,Hair Styling & Treatments,28.0,4.6471,3337,34.0,12.6
P475092,Drybar Reserve Vibrating Flat Iron,Drybar,Hair,Tools,190.0,4.5965,2296,57.0,85.5
P449576,The Tress Press Straightening Iron 1.25 Inch,Drybar,Hair,Tools,169.0,2.7857,2258,14.0,76.05
P461443,Seashore Spritzer Wave Spray,Drybar,Hair,Hair Styling & Treatments,27.0,3.5,2017,8.0,12.15
P476852,Gin Twist Leave-In Conditioning Styler,Drybar,Hair,Hair Styling & Treatments,28.0,5.0,1967,5.0,12.6
P475093,Cure Liqueur Restorative Pre-Shampoo Treatment Oil,Drybar,Hair,Hair Styling & Treatments,35.0,4.6286,1818,35.0,15.75
P475094,Cure Liqueur Strengthening Shampoo,Drybar,Hair,Shampoo & Conditioner,32.0,4.6905,1765,42.0,14.4
P469466,Reserve Blow-Dryer,Drybar,Hair,Tools,285.0,4.6939,1666,49.0,128.25
P472465,One-Two Punch Water-Activated 2-in-1 Hair Wash,Drybar,Hair,Shampoo & Conditioner,23.0,3.6667,1473,6.0,10.35
P475095,Cure Liqueur Strengthening Conditioner,Drybar,Hair,Shampoo & Conditioner,32.0,4.8,1463,35.0,14.4
P501799,Agua Fresca Hydrating Shampoo,Drybar,Hair,Shampoo & Conditioner,29.0,4.6667,1337,33.0,13.05
P501786,Agua Fresca Hydrating Conditioner,Drybar,Hair,Shampoo & Conditioner,29.0,4.6857,1103,35.0,13.05
P469838,Full Keg Boar Bristle Brush,Drybar,Hair,Tools,85.0,3.0,1081,3.0,38.25
P476853,Gin Twist Edge Control Gelée,Drybar,Hair,Hair Styling & Treatments,26.0,3.125,753,16.0,11.7
P504589,Crown Tonic Pre-Shampoo Scalp Balancing Cleanser,Drybar,Hair,Shampoo & Conditioner,36.0,4.7843,726,51.0,16.2
P476850,Gin Twist Curl-Quenching Shampoo,Drybar,Hair,Shampoo & Conditioner,26.0,4.087,621,23.0,11.7
P476851,Gin Twist Curl-Quenching Conditioner,Drybar,Hair,Shampoo & Conditioner,26.0,4.25,592,4.0,11.7
P504608,Detox Gentle Dry Shampoo Sensitive Scalp,Drybar,Hair,Hair Styling & Treatments,28.0,4.5217,419,46.0,12.6
P505044,The Half Shot Small Round Blow Dryer Brush Value Set,Drybar,Hair,Value & Gift Sets,155.0,5.0,17,2.0,69.75
P465753,Detox Dry Shampoo,Drybar,Hair,Hair Styling & Treatments,39.0,,0,,17.55
P387891,Brush On Adhesive,DUO,Makeup,Eye,9.0,4.0884,40015,554.0,3.78
P475932,Milk Marvel Dark Spot Serum with Niacinamide and Vitamin C,EADEM,Skincare,Treatments,68.0,4.4791,15740,215.0,25.84
P481701,Cloud Cushion Plush Moisturizer with Ceramides + Peptides,EADEM,Skincare,Moisturizers,58.0,4.7467,11518,150.0,22.04
P501421,Dew Dream- Hydrating Makeup Removing Cleansing Balm with Tiger Grass,EADEM,Skincare,Cleansers,30.0,4.6881,4482,109.0,11.4
P416049,Cap D’Antibes,Eight & Bob,Fragrance,Women,175.0,3.5,394,2.0,52.5
P412047,MYTH Eau de Parfum,Ellis Brooklyn,Fragrance,Women,108.0,4.3235,18032,340.0,32.4
P482527,Scent DIARY Fragrance Discovery Set,Ellis Brooklyn,Fragrance,Value & Gift Sets,32.0,4.3385,14373,65.0,9.6
P457892,SALT Eau de Parfum,Ellis Brooklyn,Fragrance,Women,108.0,3.9722,13395,180.0,32.4
P482673,SUN FRUIT Eau de Parfum Travel Spray,Ellis Brooklyn,Fragrance,Women,32.0,4.1799,11707,189.0,9.6
P471021,BEE Eau de Parfum Travel Spray,Ellis Brooklyn,Fragrance,Women,32.0,4.1199,11477,367.0,9.6
P457894,SALT Eau de Parfum Travel Spray,Ellis Brooklyn,Mini Size,Fragrance,32.0,4.0989,10894,91.0,14.4
P482672,SUN FRUIT Eau de Parfum,Ellis Brooklyn,Fragrance,Women,108.0,4.1799,9863,189.0,32.4
P471020,BEE Eau de Parfum,Ellis Brooklyn,Fragrance,Women,108.0,4.1199,9782,367.0,32.4
P457891,SWEET Eau de Parfum,Ellis Brooklyn,Fragrance,Women,108.0,3.9808,9336,104.0,32.4
P502030,VANILLA MILK Eau de Parfum Travel Spray,Ellis Brooklyn,Fragrance,Women,32.0,3.3934,7959,244.0,9.6
P501984,VANILLA MILK Eau de Parfum,Ellis Brooklyn,Fragrance,Women,108.0,3.3934,7606,244.0,32.4
P412046,RROSE Eau de Parfum,Ellis Brooklyn,Fragrance,Women,108.0,4.3818,7032,55.0,32.4
P457893,SWEET Eau de Parfum Travel Spray,Ellis Brooklyn,Mini Size,Fragrance,32.0,3.8529,6813,34.0,14.4
P475934,SUPER AMBER Eau de Parfum Travel Spray,Ellis Brooklyn,Fragrance,Women,32.0,4.0155,6747,194.0,9.6
P470525,SALT or SWEET Perfume Gift Set,Ellis Brooklyn,Fragrance,Women,40.0,4.4634,6448,41.0,12.0
P431155,MYTH Eau de Parfum Travel Spray,Ellis Brooklyn,Fragrance,Women,32.0,4.2647,6302,34.0,9.6
P479315,APRÈS Eau de Parfum Travel Spray,Ellis Brooklyn,Fragrance,Women,32.0,4.0704,5474,142.0,9.6
P421215,SCI FI Eau de Parfum,Ellis Brooklyn,Fragrance,Women,108.0,4.1831,5451,71.0,32.4
P475933,SUPER AMBER Eau de Parfum,Ellis Brooklyn,Fragrance,Women,108.0,4.0155,5354,194.0,32.4
P444199,WEST Eau de Parfum,Ellis Brooklyn,Fragrance,Women,108.0,4.0704,4456,71.0,32.4
P441730,SCI FI Eau de Parfum Travel Spray,Ellis Brooklyn,Fragrance,Women,32.0,3.4444,4199,18.0,9.6
P479314,APRÈS Eau de Parfum,Ellis Brooklyn,Fragrance,Women,108.0,4.0704,4067,142.0,32.4
P473306,MYTH Spectacular Scented Body Oil,Ellis Brooklyn,Bath & Body,Body Moisturizers,65.0,4.7333,3931,45.0,26.0
P444417,Marvelous CBD Massage and Body Oil,Ellis Brooklyn,Bath & Body,Body Moisturizers,65.0,4.6585,3579,41.0,26.0
P476672,Fully Booked Rollerball Perfume Gift set,Ellis Brooklyn,Fragrance,Value & Gift Sets,48.0,4.4783,3548,23.0,14.4
P449551,WEST Eau de Parfum Travel Spray,Ellis Brooklyn,Fragrance,Women,32.0,3.3,3353,30.0,9.6
P501769,Ellis Brooklyn BOOKLET Perfume Discovery Set,Ellis Brooklyn,Fragrance,Value & Gift Sets,21.0,4.1667,3242,6.0,6.3
P500158,SALT Soothing Scented Body Oil,Ellis Brooklyn,Bath & Body,Body Moisturizers,70.0,4.3,3013,30.0,28.0
P454971,Marvelous CBD Massage & Body Oil Rollerball,Ellis Brooklyn,Bath & Body,Body Moisturizers,30.0,4.3333,2680,12.0,12.0
P501447,APRÈS Essentials Gift Set,Ellis Brooklyn,Fragrance,Value & Gift Sets,105.0,3.2,2328,5.0,31.5
P501348,MYTH Maker Gift Set,Ellis Brooklyn,Fragrance,Value & Gift Sets,105.0,5.0,2305,4.0,31.5
P418546,RIVES Eau de Parfum,Ellis Brooklyn,Fragrance,Women,105.0,4.2,2128,25.0,31.5
P463287,ISO GAMMA SUPER Eau de Parfum Travel Spray,Ellis Brooklyn,Fragrance,Women,32.0,3.25,1568,12.0,9.6
P453911,ISO GAMMA SUPER Eau de Parfum,Ellis Brooklyn,Fragrance,Women,100.0,3.5556,1440,45.0,30.0
P461158,Marvelous CBD Extra Rich Body Lotion Cream,Ellis Brooklyn,Bath & Body,Body Moisturizers,125.0,4.36,1217,25.0,50.0
P505218,FLORIST Eau de Parfum,Ellis Brooklyn,Fragrance,Women,108.0,4.7091,317,55.0,32.4
P505235,FLORIST Eau de Parfum Travel Spray,Ellis Brooklyn,Fragrance,Women,32.0,,266,,9.6
P431156,RROSE Eau de Parfum Travel Spray,Ellis Brooklyn,Fragrance,Women,32.0,5.0,0,3.0,9.6
P478260,Break from the Burnout Skin Wellness Set,Erno Laszlo,Skincare,Value & Gift Sets,75.0,5.0,673,1.0,28.5
P478270,Big Break Soap Set,Erno Laszlo,Skincare,Value & Gift Sets,50.0,5.0,655,1.0,19.0
P478269,Rising Star Sleep Travel Set,Erno Laszlo,Skincare,Value & Gift Sets,75.0,,1169,,28.5
P378284,Double Wear Stay-in-Place Foundation,Estée Lauder,Makeup,Face,48.0,4.3756,639063,7035.0,20.16
P479839,Revitalizing Supreme+ Youth Power Creme Moisturizer,Estée Lauder,Skincare,Moisturizers,98.0,4.3202,4961,2783.0,37.24
P481084,Mini Revitalizing Supreme+ Youth Power Creme Moisturizer,Estée Lauder,Skincare,Moisturizers,64.0,4.3202,1449,2783.0,24.32
P461159,Estee Lauder Advanced Night Repair Synchronized Multi-Recovery Complex Serum,Estée Lauder,Skincare,Treatments,115.0,4.0456,58873,2410.0,43.7
P461160,Mini Advanced Night Repair Synchronized Multi-Recovery Complex,Estée Lauder,Skincare,Mini Size,19.0,4.0456,23348,2410.0,7.22
P461933,Advanced Night Repair Synchronized Multi-Recovery Complex Duo,Estée Lauder,Skincare,Treatments,195.0,4.0456,11269,2410.0,74.1
P500701,Advanced Night Repair Eye Gel-Cream,Estée Lauder,Skincare,Eye Care,72.0,4.3493,10521,1795.0,27.36
P473820,Advanced Night Repair Eye Concentrate Matrix Synchronized Multi-Recovery Complex,Estée Lauder,Skincare,Treatments,82.0,4.3111,5480,1096.0,31.16
P454063,Futurist Hydra Rescue Moisturizing Foundation SPF 45,Estée Lauder,Makeup,Face,50.0,4.096,45302,552.0,21.0
P379951,Double Wear Stay-In-Place Flawless Wear Concealer,Estée Lauder,Makeup,Face,32.0,4.2345,42722,371.0,13.44
P501176,Soft Clean Infusion Hydrating Treatment Lotion,Estée Lauder,Skincare,Moisturizers,42.0,3.8333,920,456.0,15.96
P475536,Double Wear Sheer Long-Wear Makeup SPF 19,Estée Lauder,Makeup,Face,48.0,4.2294,22422,449.0,20.16
P441306,Double Wear Stay-in-Place Matte Refillable Powder Foundation,Estée Lauder,Makeup,Face,48.0,4.2464,22038,69.0,20.16
P427045,Double Wear Foundation Pump,Estée Lauder,Makeup,Face,12.0,3.3731,19556,134.0,5.04
P380000,"DayWear Advanced Multi-Protection Anti-Oxidant Moisturizer, Normal/Combination",Estée Lauder,Skincare,Moisturizers,36.0,4.3154,6300,298.0,13.68
P384114,Double Wear Zero-Smudge Lengthening Mascara,Estée Lauder,Makeup,Eye,30.0,4.3049,14746,246.0,12.6
P482529,Micro Essence Treatment Lotion with Bio-Ferment,Estée Lauder,Skincare,Moisturizers,130.0,4.0556,1834,216.0,49.4
P422280,The Mattifier Shine Control Perfecting Primer + Finisher,Estée Lauder,Makeup,Face,40.0,4.0213,9329,47.0,16.8
P379945,Sumptuous Extreme Lash Multiplying Volume Mascara,Estée Lauder,Makeup,Eye,30.0,4.2789,8747,190.0,12.6
P380027,Perfectly Clean Multi-Action Foam Cleanser/Purifying Mask,Estée Lauder,Skincare,Cleansers,30.0,4.4397,8588,116.0,11.4
P379995,Perfectionist CP+R Wrinkle Lifting/Firming Serum,Estée Lauder,Skincare,Treatments,120.0,4.2234,14820,94.0,45.6
P460732,Futurist Aqua Brilliance Watery Glow Primer,Estée Lauder,Makeup,Face,44.0,4.2569,7061,218.0,18.48
P406529,Advanced Night Micro Cleansing Balm,Estée Lauder,Skincare,Cleansers,48.0,4.6393,5931,61.0,18.24
P422648,DayWear Matte Oil-Control Anti-Oxidant Moisturizer Gel Creme,Estée Lauder,Skincare,Moisturizers,59.0,4.4808,8588,52.0,22.42
P399934,NightWear Plus Anti-Oxidant Night Detox Moisturizer Creme,Estée Lauder,Skincare,Moisturizers,63.0,4.2391,7948,46.0,23.94
P392892,Nutritious Super-Pomegranate Radiant Energy Moisturizer Creme,Estée Lauder,Skincare,Moisturizers,70.0,3.878,6546,41.0,26.6
P446908,Advanced Night Repair Treatment Intense Reset Concentrate,Estée Lauder,Skincare,Treatments,92.0,4.4595,11042,37.0,34.96
P380030,Perfectly Clean Multi-Action Toning Lotion/Refiner,Estée Lauder,Skincare,Cleansers,30.0,4.2143,5546,28.0,11.4
P422649,Resilience Multi-Effect Night Tri-Peptide Face and Neck Moisturizer Creme,Estée Lauder,Skincare,Moisturizers,110.0,4.1852,4621,27.0,41.8
P408273,Advanced Night Micro Cleansing Foam,Estée Lauder,Skincare,Cleansers,33.0,3.9231,2742,26.0,12.54
P405032,Micro Essence Infusion Mask,Estée Lauder,Skincare,Masks,75.0,4.25,6293,24.0,28.5
P454939,Perfectionist Pro Rapid Brightening Serum with Ferment² + Vitamin C,Estée Lauder,Skincare,Treatments,86.0,4.1304,6458,23.0,32.68
P380001,"DayWear Advanced Multi-Protection Anti-Oxidant Creme, Dry",Estée Lauder,Skincare,Moisturizers,59.0,4.2174,2348,23.0,22.42
P392891,Nutritious Super-Pomegranate Radiant Energy Night Moisturizer Creme/Mask,Estée Lauder,Skincare,Masks,74.0,4.6,7994,20.0,28.12
P379947,Gentle Eye Makeup Remover,Estée Lauder,Makeup,Accessories,24.0,3.7241,2723,58.0,10.08
P417359,Advanced Night Repair Concentrated Eye Treatment Mask,Estée Lauder,Skincare,Eye Care,42.0,4.2143,13898,14.0,15.96
P427513,Perfectionist Pro Rapid Firm + Lift Treatment,Estée Lauder,Skincare,Treatments,86.0,4.0,4615,13.0,32.68
P482263,Double Wear Stay-in-Place Matte Powder Foundation Refill,Estée Lauder,Makeup,Face,36.0,5.0,2241,5.0,15.12
P446102,"Mini DayWear Advanced Multi-Protection Anti-Oxidant Creme, Normal/Combination",Estée Lauder,Skincare,Mini Size,36.0,4.4545,2904,11.0,13.68
P427640,DayWear Eye Cooling Anti-Oxidant Moisture GelCreme,Estée Lauder,Skincare,Eye Care,46.0,4.2727,2157,11.0,17.48
P481081,Revitalizing Supreme+ Night Intensive Restorative Crème,Estée Lauder,Skincare,Moisturizers,102.0,3.75,1255,4.0,38.76
P481082,Revitalizing Supreme+ Youth Power Eye Balm,Estée Lauder,Skincare,Eye Care,76.0,3.5,1136,4.0,28.88
P501153,Major Eye Impact Repair + Brighten Skincare Set,Estée Lauder,Skincare,Value & Gift Sets,72.0,4.0,1854,1.0,27.36
P481397,Revitalizing Supreme+ Bright Soft Creme Moisturizer,Estée Lauder,Skincare,Moisturizers,98.0,5.0,1140,1.0,37.24
P505174,Soft Clean Moisture Rich Foaming Cleanser,Estée Lauder,Skincare,Cleansers,26.0,5.0,435,1.0,9.88
P504017,Nighttime Necessities Repair + Lift + Hydrate,Estée Lauder,Skincare,Value & Gift Sets,115.0,,3091,,43.7
P418861,The Mattifier Shine Control Perfecting Primer + Finisher,Estée Lauder,Makeup,Face,40.0,5.0,113,1.0,16.8
P230538,Brumisateur Natural Mineral Water Facial Spray Travel Duo,Evian,Skincare,Moisturizers,17.0,4.5632,27905,1550.0,6.46
P2043,Brumisateur Natural Mineral Water Facial Spray,Evian,Skincare,Moisturizers,14.0,4.3932,31434,384.0,5.32
P2046,Brumisateur Natural Mineral Water Facial Spray Travel Trio,Evian,Skincare,Moisturizers,23.5,4.6813,10378,91.0,8.93
P456953,HoliRoots Pre-wash Hair Treatment Oil,Fable & Mane,Hair,Hair Styling & Treatments,36.0,4.3621,109770,1472.0,16.2
P474945,Mini HoliRoots Pre-wash Hair Treatment Oil,Fable & Mane,Mini Size,Hair,16.0,4.3621,28612,1472.0,7.2
P456950,HoliRoots Repairing Hair Mask,Fable & Mane,Hair,Hair Styling & Treatments,34.0,4.3683,25669,429.0,15.3
P475935,SahaScalp Amla Soothing Serum,Fable & Mane,Hair,Hair Styling & Treatments,36.0,4.1099,22892,355.0,16.2
P456952,HoliRoots Hydrating Shampoo,Fable & Mane,Hair,Shampoo & Conditioner,30.0,3.9875,17638,480.0,13.5
P477816,SahaScalp Wild Ginger Purifying Scrub,Fable & Mane,Hair,Shampoo & Conditioner,34.0,4.5387,14360,323.0,15.3
P456951,HoliRoots Hydrating Conditioner,Fable & Mane,Hair,Shampoo & Conditioner,30.0,4.1825,13828,378.0,13.5
P504117,MahaMane Smooth & Shine Hair Oil,Fable & Mane,Hair,Hair Styling & Treatments,38.0,4.3984,13621,251.0,17.1
P484042,HoliRoots Hibiscus Hydrating Hair Oil Mist,Fable & Mane,Hair,Hair Styling & Treatments,29.0,3.6714,12968,70.0,13.05
P480443,HoliRoots Good Karma Hair Set,Fable & Mane,Hair,Value & Gift Sets,36.0,4.24,9458,50.0,16.2
P476673,Scalp Massager Comb,Fable & Mane,Tools & Brushes,Hair Tools,15.0,5.0,7154,19.0,7.5
P501424,SahaScalp Hydrating Cooling Scalp Mud Mask,Fable & Mane,Hair,Hair Styling & Treatments,34.0,4.402,4232,204.0,15.3
P504601,SahaScalp Scalp Reset Kit,Fable & Mane,Hair,Value & Gift Sets,32.0,,1148,,14.4
P476683,Full Face Sculpt Kit - 14-Day Challenge,FaceGym,Skincare,High Tech Tools,75.0,4.4733,5438,131.0,28.5
P482675,Active Blast Concentrated Collagen Daily Treatment,FaceGym,Skincare,Treatments,65.0,4.6832,1695,101.0,24.7
P476679,Multi-Sculpt High-Performance Gua Sha,FaceGym,Skincare,High Tech Tools,65.0,4.8795,5082,83.0,24.7
P481086,Liftwear Brightening Vitamin C Gel-Cream,FaceGym,Skincare,Moisturizers,60.0,4.6753,936,77.0,22.8
P476678,Face Coach Lifting Squalane Face Oil,FaceGym,Skincare,Moisturizers,70.0,4.6053,2438,76.0,26.6
P476674,Electro-Lite Enzyme Brightening Gel Cleanser,FaceGym,Skincare,Cleansers,38.0,4.7887,2393,71.0,14.44
P476675,Hydro-Bound Hyaluronic Acid + Niacinamide Serum,FaceGym,Skincare,Treatments,68.0,4.6377,2833,69.0,25.84
P500705,Skin Changer Succinic Acid Essence-Toner,FaceGym,Skincare,Cleansers,48.0,4.7681,2193,69.0,18.24
P501017,Brightening Active Roller with Vitamin C,FaceGym,Skincare,High Tech Tools,70.0,4.7612,961,67.0,26.6
P476676,Youth Reformer Firming Vitamin C Oil Serum,FaceGym,Skincare,Treatments,110.0,4.9623,3104,53.0,41.8
P476680,Face Ball Tension Release Tool,FaceGym,Skincare,High Tech Tools,35.0,4.5208,2856,48.0,13.3
P501004,Youthful Active Roller with Niacinamide,FaceGym,Skincare,High Tech Tools,70.0,4.6316,1119,38.0,26.6
P480300,Faceshot Electric Microneedling Device + Vitamin Ampoules,FaceGym,Skincare,Value & Gift Sets,275.0,4.5405,5049,37.0,104.5
P476681,Hyaluronic Acid Roller Dissolving Microneedling Tool,FaceGym,Skincare,High Tech Tools,95.0,4.6757,4697,37.0,36.1
P501024,Hydrating Active Roller with Hyaluronic Acid,FaceGym,Skincare,High Tech Tools,70.0,4.3,407,30.0,26.6
P476677,Supreme Restructure Collagen-Boosting Cermide Cream,FaceGym,Skincare,Moisturizers,120.0,4.44,1609,25.0,45.6
P481085,Faceshot Vitamin Ampoules Refill,FaceGym,Skincare,Treatments,90.0,,1068,,34.2
P505171,Acne Light Shot,FaceGym,Skincare,Treatments,90.0,,627,,34.2
P505172,Acne Light Shot Strips,FaceGym,Skincare,Treatments,17.0,,7,,6.46
P417238,Green Clean Makeup Removing Cleansing Balm,Farmacy,Skincare,Cleansers,36.0,4.4958,403801,6158.0,13.68
P450271,Green Clean Makeup Meltaway Cleansing Balm Limited Edition Jumbo,Farmacy,Skincare,Cleansers,60.0,4.4958,0,6158.0,22.8
P434548,Honeymoon Glow AHA Resurfacing Night Serum,Farmacy,Skincare,Moisturizers,60.0,4.3154,177152,1931.0,22.8
P458209,Daily Greens Oil-Free Gel Moisturizer with Moringa and Papaya,Farmacy,Skincare,Moisturizers,42.0,4.0612,72156,1356.0,15.96
P463036,Honey Halo Ultra-Hydrating Ceramide Moisturizer,Farmacy,Skincare,Moisturizers,48.0,4.4484,131912,1327.0,18.24
P471025,FILLING GOOD hyaluronic acid plumping serum,Farmacy,Skincare,Treatments,48.0,4.3191,32224,912.0,18.24
P479318,10% Niacinamide Night Mask,Farmacy,Skincare,Masks,44.0,4.6759,56372,901.0,16.72
P431187,Clean Bee Ultra Gentle Facial Cleanser,Farmacy,Skincare,Cleansers,28.0,4.0341,52562,881.0,10.64
P428416,Honey Butter Beeswax Lip Balm,Farmacy,Skincare,Lip Balms & Treatments,12.0,4.2551,55236,839.0,4.56
P482676,10% Waterless Vitamin C Serum,Farmacy,Skincare,Treatments,50.0,4.4315,27859,825.0,19.0
P459141,Deep Sweep 2% BHA Pore Cleaning Toner with Moringa + Papaya,Farmacy,Skincare,Cleansers,32.0,4.4835,93009,819.0,12.16
P480301,Mini Deep Sweep 2% BHA Pore Cleaning Toner with Moringa + Papaya,Farmacy,Skincare,Cleansers,16.0,4.4835,17610,819.0,6.08
P433616,Mini Green Clean Makeup Meltaway Cleansing Balm,Farmacy,Mini Size,Skincare,24.0,4.4958,39775,6158.0,10.8
P477157,Clearly Clean Makeup Removing Cleansing Balm,Farmacy,Skincare,Cleansers,36.0,4.6494,22126,619.0,13.68
P503879,Wake Up Honey Eye Cream with Brightening Vitamin C,Farmacy,Skincare,Eye Care,45.0,4.7118,28506,569.0,17.1
P414293,Honey Savior All-in-One Skin Repair Salve,Farmacy,Skincare,Moisturizers,34.0,4.4348,34646,529.0,12.92
P466661,Whipped Greens Oil-Free Foaming Cleanser with Moringa and Papaya,Farmacy,Skincare,Cleansers,28.0,4.5747,40927,482.0,10.64
P500288,1% Vitamin A Retinol Serum,Farmacy,Skincare,Treatments,60.0,4.766,24674,453.0,22.8
P473307,Honeymoon Glow Body 12% AHA/BHA Bump-Smoothing Night Serum,Farmacy,Bath & Body,Body Moisturizers,40.0,3.8049,23610,82.0,16.0
P444226,Honey Grail Ultra-Hydrating Face Oil,Farmacy,Skincare,Moisturizers,48.0,4.2355,47186,310.0,18.24
P449188,Green Defense Daily Mineral Sunscreen SPF 30,Farmacy,Skincare,Sunscreen,36.0,3.9767,31465,300.0,13.68
P450942,Honey Body Butter Ultra-Hydrating Body Cream,Farmacy,Bath & Body,Body Moisturizers,35.0,4.12,10054,50.0,14.0
P480302,Mini Clearly Clean Makeup Removing Cleansing Balm,Farmacy,Mini Size,Skincare,24.0,4.6494,8502,619.0,10.8
P475540,Honey Halo Moisturizer Jumbo,Farmacy,Skincare,Moisturizers,74.0,4.7273,28597,99.0,28.12
P480165,Healthy Skin Starter Kit,Farmacy,Skincare,Value & Gift Sets,42.0,4.7653,20010,98.0,15.96
P504022,Mini 10% Niacinamide Night Mask,Farmacy,Mini Size,Skincare,26.0,4.6759,7178,901.0,11.7
P480444,Honey Potion Plus Ceramide Hydration Mask,Farmacy,Skincare,Masks,60.0,4.0,32523,70.0,22.8
P504003,Mini Whipped Greens Oil-Free Foaming Cleanser with Moringa and Papaya,Farmacy,Mini Size,Skincare,12.0,4.5747,4116,482.0,5.4
P503997,"Cleanse + Treat Duo Nighttime Routine for Clean, Smooth Skin",Farmacy,Skincare,Value & Gift Sets,46.0,4.7778,4870,9.0,17.48
P504614,Brighten Up 3% TXA Dark Spot Toner with Azelaic Acid,Farmacy,Skincare,Cleansers,34.0,,432,,12.92
P476493,Iconic Lipstick,Fashion Fair,Makeup,Lip,28.0,4.6557,12955,61.0,11.76
P476444,Crème to Powder Skin Foundation,Fashion Fair,Makeup,Face,39.0,4.5185,6744,54.0,16.38
P476556,SkinFlex Stick Foundation,Fashion Fair,Makeup,Face,39.0,4.5714,5569,35.0,16.38
P476550,Set It Loose Setting Powder,Fashion Fair,Makeup,Face,35.0,4.0556,4290,18.0,14.7
P476494,Iconic Pressed Setting Powder,Fashion Fair,Makeup,Face,35.0,4.4667,3683,15.0,14.7
P503002,Lush Blush Duo,Fashion Fair,Makeup,Cheek,39.0,4.65,2683,40.0,16.38
P476456,Fabulous Face Priming Serum,Fashion Fair,Makeup,Face,39.0,4.6875,2477,16.0,16.38
P502223,Lip Teasers Lip Gloss,Fashion Fair,Makeup,Lip,27.0,4.6,871,15.0,11.34
P503003,Luxe Highlighter Duo,Fashion Fair,Makeup,Face,39.0,4.8049,664,41.0,16.38
P67988453,Gloss Bomb Universal Lip Luminizer,Fenty Beauty by Rihanna,Makeup,Lip,21.0,4.6357,968317,12136.0,8.82
P87985432,Pro Filt’r Soft Matte Longwear Liquid Foundation,Fenty Beauty by Rihanna,Makeup,Face,40.0,4.0356,856497,16935.0,16.8
P39787544,Stunna Lip Paint Longwear Fluid Lip Color,Fenty Beauty by Rihanna,Makeup,Lip,28.0,4.2346,486935,5227.0,11.76
P18975403,Match Stix Matte Contour Skinstick,Fenty Beauty by Rihanna,Makeup,Face,32.0,4.2944,480967,1583.0,13.44
P64879845,Killawatt Freestyle Highlighter,Fenty Beauty by Rihanna,Makeup,Face,40.0,4.624,472069,3652.0,16.8
P470025,Eaze Drop Blurring Skin Tint,Fenty Beauty by Rihanna,Makeup,Face,35.0,3.951,306238,1652.0,14.7
P85225585,Diamond Bomb All-Over Diamond Veil,Fenty Beauty by Rihanna,Makeup,Face,42.0,4.454,276524,1577.0,17.64
P19700127,Cheeks Out Freestyle Cream Blush,Fenty Beauty by Rihanna,Makeup,Cheek,24.0,4.2724,264233,1270.0,10.08
P88779809,Pro Filt’r Instant Retouch Longwear Liquid Concealer,Fenty Beauty by Rihanna,Makeup,Face,30.0,3.8332,259486,2032.0,12.6
P73124556,Match Stix Shimmer Skinstick,Fenty Beauty by Rihanna,Makeup,Face,32.0,4.3673,253173,1285.0,13.44
P473708,Gloss Bomb Heat Universal Lip Luminizer + Plumper,Fenty Beauty by Rihanna,Makeup,Lip,26.0,4.2672,243370,842.0,10.92
P55978864,Sun Stalk'r Instant Warmth Bronzer,Fenty Beauty by Rihanna,Makeup,Cheek,35.0,4.532,231534,1062.0,14.7
P465757,Gloss Bomb Cream Color Drip Lip Cream,Fenty Beauty by Rihanna,Makeup,Lip,22.0,4.5807,194099,1059.0,9.24
P45433019,Snap Shadows Mix & Match Eyeshadow Palette,Fenty Beauty by Rihanna,Makeup,Eye,30.0,3.7345,190602,354.0,12.6
P88779810,Pro Filt'r Instant Retouch Setting Powder,Fenty Beauty by Rihanna,Makeup,Face,36.0,4.1925,181454,1875.0,15.12
P448702,Pro Filt'r Hydrating Longwear Foundation,Fenty Beauty by Rihanna,Makeup,Face,36.0,3.5143,172476,2273.0,15.12
P39784685,Invisimatte Instant Setting + Blotting Powder,Fenty Beauty by Rihanna,Makeup,Face,36.0,4.6245,170056,253.0,15.12
P04546871,Body Lava Body Luminizer,Fenty Beauty by Rihanna,Bath & Body,Body Moisturizers,59.0,3.8327,161689,819.0,23.6
P04897543,Pro Filt'r Instant Retouch Primer,Fenty Beauty by Rihanna,Makeup,Face,36.0,4.1127,159395,2050.0,15.12
P67339785,Slip Shine Sheer Shiny Lipstick,Fenty Beauty by Rihanna,Makeup,Lip,26.0,4.21,155048,562.0,10.92
P31870457,Cheeks Out Freestyle Cream Bronzer,Fenty Beauty by Rihanna,Makeup,Cheek,35.0,4.3273,131518,608.0,14.7
P443790,Mini Pro Filt’r Instant Retouch Setting Powder,Fenty Beauty by Rihanna,Makeup,Mini Size,22.0,4.375,118111,32.0,9.24
P472161,Bright Fix Eye Brightener Concealer,Fenty Beauty by Rihanna,Makeup,Eye,28.0,3.878,116830,410.0,11.76
P444149,Pro Kiss'r Luscious Lip Balm,Fenty Beauty by Rihanna,Makeup,Lip,20.0,4.2103,112726,794.0,8.4
P466829,Pro Filt’r Soft Matte Longwear Powder Foundation,Fenty Beauty by Rihanna,Makeup,Face,40.0,4.4068,112316,1062.0,16.8
P500061,Poutsicle Hydrating Lip Stain,Fenty Beauty by Rihanna,Makeup,Lip,27.0,4.3919,111949,472.0,11.34
P34908923,Killawatt Foil Freestyle Highlighter,Fenty Beauty by Rihanna,Makeup,Face,40.0,4.705,104926,600.0,16.8
P442531,Lil' Bronze Duo,Fenty Beauty by Rihanna,Makeup,Cheek,24.0,4.2293,101523,157.0,10.08
P455193,Flypencil Longwear Pencil Eyeliner,Fenty Beauty by Rihanna,Makeup,Eye,23.0,3.366,93762,530.0,9.66
P17876556,Flyliner Longwear Liquid Eyeliner,Fenty Beauty by Rihanna,Makeup,Eye,24.0,3.5828,91896,2915.0,10.08
P58789756,Full-Bodied Foundation Brush 110,Fenty Beauty by Rihanna,Makeup,Brushes & Applicators,34.0,4.2303,77333,595.0,14.28
P85798546,Cheek-Hugging Highlight Brush 120,Fenty Beauty by Rihanna,Makeup,Brushes & Applicators,32.0,4.6472,73941,394.0,13.44
P54487984,Precision Makeup Sponge 100,Fenty Beauty by Rihanna,Makeup,Brushes & Applicators,16.0,4.1922,72075,541.0,6.72
P448703,Pro Filt'r Hydrating Primer,Fenty Beauty by Rihanna,Makeup,Face,36.0,4.4586,71902,266.0,15.12
P448878,Brow MVP Ultra Fine Brow Pencil & Styler,Fenty Beauty by Rihanna,Makeup,Eye,25.0,3.5842,63748,1039.0,10.5
P502222,Gloss Bomb Ice,Fenty Beauty by Rihanna,Makeup,Lip,26.0,4.7975,63404,321.0,10.92
P97417774,Face & Body Kabuki Brush 160,Fenty Beauty by Rihanna,Makeup,Brushes & Applicators,34.0,4.4203,61327,138.0,14.28
P501462,Glossy Posse Volume 5.0 Lip Gloss Bomb Trio,Fenty Beauty by Rihanna,Makeup,Lip,38.0,4.7143,60752,35.0,15.96
P45432919,"Full Frontal Volume, Lift & Curl Mascara",Fenty Beauty by Rihanna,Makeup,Eye,24.0,3.9101,56027,3438.0,10.08
P66879899,Mini Pro Filt’r Instant Retouch Primer,Fenty Beauty by Rihanna,Mini Size,Makeup,20.0,3.8604,55821,265.0,9.0
P480303,Fenty Icon The Fill Semi-Matte Refillable Lipstick,Fenty Beauty by Rihanna,Makeup,Lip,20.0,4.3253,55002,372.0,8.4
P97832786,Pro Filt'r Amplifying Eye Primer,Fenty Beauty by Rihanna,Makeup,Eye,22.0,4.1025,53612,439.0,9.24
P37544587,Fairy Bomb Shimmer Powder,Fenty Beauty by Rihanna,Makeup,Face,28.0,4.602,46856,98.0,11.76
P58978876,Invisimatte Blotting Paper,Fenty Beauty by Rihanna,Makeup,Accessories,16.0,3.7157,46350,197.0,6.72
P447718,Fly Baby Mini Eye Primer and Liner Set,Fenty Beauty by Rihanna,Makeup,Eye,24.0,3.398,44962,98.0,10.08
P447551,Pro Filt'r Mattifying Primer,Fenty Beauty by Rihanna,Makeup,Face,36.0,3.7479,43489,242.0,15.12
P71078978,Cheek Hugging Bronzer Brush 190,Fenty Beauty by Rihanna,Makeup,Brushes & Applicators,36.0,4.5566,42844,106.0,15.12
P504872,Fenty Icon Velvet Liquid Lipstick,Fenty Beauty by Rihanna,Makeup,Lip,29.0,3.6311,41953,103.0,12.18
P44332878,Powder Puff Setting Brush 170,Fenty Beauty by Rihanna,Makeup,Brushes & Applicators,34.0,4.6081,39822,74.0,14.28
P503757,Fenty Eau de Parfum,Fenty Beauty by Rihanna,Fragrance,Women,140.0,3.4339,37623,242.0,42.0
P15798548,Portable Touchup Brush 130,Fenty Beauty by Rihanna,Makeup,Brushes & Applicators,24.0,3.0828,36468,169.0,10.08
P444926,Pro Kiss’r Lip-Loving Scrubstick,Fenty Beauty by Rihanna,Makeup,Lip,16.0,3.9164,34457,275.0,6.72
P476525,Mini Pro Filt'r Soft Matte Foundation,Fenty Beauty by Rihanna,Mini Size,Makeup,15.0,3.2,33418,10.0,6.75
P461934,Brow MVP Sculpting Wax Pencil & Styler,Fenty Beauty by Rihanna,Makeup,Eye,20.0,3.1572,33216,159.0,8.4
P7845152640,Baby ’Buki Brush 165,Fenty Beauty by Rihanna,Makeup,Brushes & Applicators,20.0,3.0,33004,72.0,8.4
P74557577,Tapered Blending Brush 210,Fenty Beauty by Rihanna,Makeup,Brushes & Applicators,24.0,4.7931,31192,58.0,10.08
P463037,Mini Pro Filt'r Hydrating Primer,Fenty Beauty by Rihanna,Mini Size,Makeup,20.0,4.1176,30619,68.0,9.0
P471236,Gloss Bomb Dip Clip-On Luminizer,Fenty Beauty by Rihanna,Makeup,Lip,19.0,3.6944,30546,72.0,7.98
P458193,"Mini Full Frontal Volume, Lift & Curl Mascara",Fenty Beauty by Rihanna,Makeup,Eye,13.0,2.9749,30412,199.0,5.46
P457811,Face Shaping Brush 125,Fenty Beauty by Rihanna,Makeup,Brushes & Applicators,34.0,4.7091,27666,55.0,14.28
P455188,What it Dew Makeup Refreshing Spray,Fenty Beauty by Rihanna,Makeup,Face,30.0,3.5698,26013,86.0,12.6
P469816,Body Sauce Body Luminizing Tint,Fenty Beauty by Rihanna,Bath & Body,Body Moisturizers,52.0,3.907,25088,86.0,20.8
P479634,Liquid Killawatt Fluid Freestyle Highlighter,Fenty Beauty by Rihanna,Makeup,Face,32.0,3.3455,23484,55.0,13.44
P31285448,Precision Concealer Brush 180,Fenty Beauty by Rihanna,Makeup,Brushes & Applicators,26.0,4.1429,23405,35.0,10.92
P501312,Eaze Drop'lit All-Over Glow Enhancer,Fenty Beauty by Rihanna,Makeup,Face,34.0,4.1565,23357,230.0,14.28
P31145789,Sculpting Bronzer Brush 195,Fenty Beauty by Rihanna,Makeup,Brushes & Applicators,34.0,4.4545,22612,22.0,14.28
P456148,Match Stix Glow Skinstick,Fenty Beauty by Rihanna,Makeup,Face,32.0,3.0345,22099,87.0,13.44
P40999785,Lil Precision Makeup Sponge Duo 105,Fenty Beauty by Rihanna,Makeup,Brushes & Applicators,18.0,3.7917,21727,48.0,7.56
P448704,Kabuki-Buff Foundation Brush 115,Fenty Beauty by Rihanna,Makeup,Brushes & Applicators,36.0,3.9533,21536,107.0,15.12
P481357,Fenty Icon The Case Semi-Matte Refillable Lipstick,Fenty Beauty by Rihanna,Makeup,Lip,12.0,3.338,20152,71.0,5.04
P503178,Mini Baby Watts Fluid Freestyle Highlighter Duo,Fenty Beauty by Rihanna,Mini Size,Makeup,22.0,3.75,17369,4.0,9.9
P463038,Mini Pro Filt'r Mattifying Primer,Fenty Beauty by Rihanna,Mini Size,Makeup,20.0,3.3673,17147,49.0,9.0
P503158,Double Cheek'd Up: Freestyle Cream Blush Duo,Fenty Beauty by Rihanna,Makeup,Cheek,34.0,4.1111,17083,9.0,14.28
P48653278,Invisimatte Blotting Paper Refill,Fenty Beauty by Rihanna,Makeup,Accessories,10.0,4.3182,16100,22.0,4.2
P454334,Precise Definition Eyeshadow Brush 220,Fenty Beauty by Rihanna,Makeup,Brushes & Applicators,24.0,4.4444,14912,9.0,10.08
P501436,Match Stix Corrector Skinstick,Fenty Beauty by Rihanna,Makeup,Face,32.0,3.36,11902,25.0,13.44
P454333,Plush Eyeshadow Brush 240,Fenty Beauty by Rihanna,Makeup,Brushes & Applicators,24.0,4.75,11515,4.0,10.08
P454335,Precision Blending Eyeshadow Brush 230,Fenty Beauty by Rihanna,Makeup,Brushes & Applicators,24.0,4.3333,11342,6.0,10.08
P504069,"The Navy Collection: 5-Piece Lip, Eye + Accessories Set",Fenty Beauty by Rihanna,Makeup,Value & Gift Sets,58.0,4.0,4651,1.0,24.36
P504632,Football Sponge,Fenty Beauty by Rihanna,Makeup,Brushes & Applicators,16.0,3.2857,4206,7.0,6.72
P501262,Invisimatte Refill Instant Setting + Blotting Powder,Fenty Beauty by Rihanna,Makeup,Face,26.0,3.5,4183,4.0,10.92
P428901,Custom Match Stix Trio,Fenty Beauty by Rihanna,Makeup,Face,32.0,,0,,13.44
P472162,Butta Drop Whipped Oil Body Cream with Tropical Oils + Butters,Fenty Skin,Bath & Body,Body Moisturizers,23.0,4.5174,74432,460.0,9.2
P467249,Hydra Vizor Invisible Moisturizer Broad Spectrum SPF 30 Sunscreen with Niacinamide + Kalahari Melon,Fenty Skin,Skincare,Moisturizers,39.0,4.0128,64620,781.0,14.82
P500307,Cherry Treat Conditioning + Strengthening Lip Oil,Fenty Skin,Skincare,Lip Balms & Treatments,24.0,4.4484,119797,533.0,9.12
P467248,Fat Water Niacinamide Pore-Refining Toner Serum with Barbados Cherry,Fenty Skin,Skincare,Cleansers,34.0,4.1052,77300,485.0,12.92
P467247,Total Cleans'r Makeup-Removing Cleanser with Barbados Cherry,Fenty Skin,Skincare,Cleansers,28.0,4.103,42777,427.0,10.64
P482264,Cookies N Clean Whipped Clay Pore Detox Face Mask with Salicylic Acid + Charcoal,Fenty Skin,Skincare,Masks,35.0,4.6897,73465,390.0,13.3
P503692,Plush Puddin’ Intensive Recovery Lip Mask With Pomegranate Sterols + Vitamin E,Fenty Skin,Skincare,Lip Balms & Treatments,22.0,4.1144,76840,376.0,8.36
P477763,Hydra'Reset Intensive Recovery Glycerin Hand Mask,Fenty Skin,Bath & Body,Body Moisturizers,25.0,4.2345,19761,145.0,10.0
P476516,Butta Drop Whipped Oil Hydrating Body Cream Mini,Fenty Skin,Bath & Body,Body Moisturizers,23.0,4.1552,19707,58.0,9.2
P474038,Buff Ryder Exfoliating Body Scrub With Superfine Sand + Fruit Enzymes,Fenty Skin,Bath & Body,Bath & Shower,34.0,3.625,17631,72.0,13.6
P501581,Cocoa Cleans'r Soothing All-Over Cleansing Bar,Fenty Skin,Skincare,Cleansers,14.0,4.1739,12779,299.0,5.32
P500894,Fat Water Hydrating Milky Toner Essence with Hyaluronic Acid + Tamarind,Fenty Skin,Skincare,Moisturizers,34.0,4.6554,24560,296.0,12.92
P467251,Fenty Skin Travel Size Start'r Set,Fenty Skin,Skincare,Value & Gift Sets,45.0,4.0647,38902,278.0,17.1
P503250,Watch Ya Tone 5% Niacinamide Dark Spot Serum with Vitamin C,Fenty Skin,Skincare,Treatments,42.0,4.5829,25289,199.0,15.96
P479319,Pre-Show Glow Instant Retexturizing 10% AHA Treatment + Reusable Applicator,Fenty Skin,Skincare,Treatments,42.0,4.4348,17786,184.0,15.96
P467250,Instant Reset Brightening Overnight Recovery Gel-Cream With Niacinamide + Kalahari Melon Oil,Fenty Skin,Skincare,Moisturizers,45.0,4.1988,35804,166.0,17.1
P484044,The Body Duo Mini Body Scrub + Moisturizer Essentials,Fenty Skin,Bath & Body,Value & Gift Sets,32.0,4.2,10700,5.0,12.8
P504240,Mini Instant Reset Brightening Overnight Recovery Gel-Cream With Niacinamide + Kalahari Melon Oil,Fenty Skin,Skincare,Moisturizers,26.0,4.1988,4881,166.0,9.88
P469087,Flash Nap Instant Revival Priming Eye Gel-Cream With Green Tea + Persian Silk Tree,Fenty Skin,Skincare,Eye Care,36.0,3.5143,26880,70.0,13.68
P476485,Hydra Vizor Invisible Moisturizer Broad Spectrum SPF 30 Sunscreen with Niacinamide Refill,Fenty Skin,Skincare,Moisturizers,35.0,4.4865,14985,37.0,13.3
P501575,The Fenty Skin Soap Dish,Fenty Skin,Tools & Brushes,Beauty Accessories,10.0,3.0,4682,6.0,5.0
P504237,Mini Hydra'Reset Intensive Recovery Glycerin Hand Mask,Fenty Skin,Bath & Body,Body Moisturizers,14.0,4.2345,4344,145.0,5.6
P472311,Mini Total Cleans'r Makeup Removing Cleanser,Fenty Skin,Skincare,Mini Size,15.0,3.7727,9677,22.0,5.7
P476430,Butta Drop Whipped Oil Hydrating Body Cream,Fenty Skin,Bath & Body,Body Moisturizers,39.0,4.6522,2583,23.0,15.6
P480166,Mini Hydra Vizor Invisible Moisturizer Broad Spectrum SPF 30 Sunscreen with Niacinamide,Fenty Skin,Skincare,Moisturizers,25.0,3.7857,11380,14.0,9.5
P504880,Melt Awf Jelly Oil Makeup-Melting Cleanser,Fenty Skin,Skincare,Cleansers,34.0,4.0909,8214,11.0,12.92
P476496,Instant Reset Brightening Overnight Recovery Gel-Cream with Niacinamide Refill,Fenty Skin,Skincare,Moisturizers,40.0,5.0,8257,8.0,15.2
P501886,The Glow Around 4-Piece Travel Skincare Essentials Set,Fenty Skin,Skincare,Value & Gift Sets,59.0,5.0,7523,1.0,22.42
P503110,Mini Cleansing Bar Duo + Case,Fenty Skin,Skincare,Value & Gift Sets,19.0,,6562,,7.22
P501574,Renew + Recover Face + Eye Hydration Essentials,Fenty Skin,Skincare,Value & Gift Sets,45.0,,5017,,17.1
P248407,Ultra Repair Cream Intense Hydration,First Aid Beauty,Skincare,Moisturizers,38.0,4.52,300432,7539.0,14.44
P248404,Pure Skin Face Cleanser,First Aid Beauty,Skincare,Cleansers,24.0,4.3738,146805,4727.0,9.12
P444989,KP Bump Eraser Body Scrub with 10% AHA,First Aid Beauty,Bath & Body,Bath & Shower,30.0,4.4216,201467,1466.0,12.0
P278317,Facial Radiance Pads,First Aid Beauty,Skincare,Treatments,36.0,4.2781,127405,2571.0,13.68
P415237,Hello FAB Coconut Skin Smoothie Priming Moisturizer,First Aid Beauty,Skincare,Moisturizers,32.0,4.1988,77772,1826.0,12.16
P425872,Mini Ultra Repair Cream Intense Hydration,First Aid Beauty,Mini Size,Skincare,18.0,4.4573,77633,750.0,8.1
P456995,Mini KP Bump Eraser Body Scrub with 10% AHA,First Aid Beauty,Bath & Body,Mini Size,12.0,3.9462,64826,316.0,4.8
P479320,Ingrown Hair Pads with BHA & AHA,First Aid Beauty,Bath & Body,Bath & Shower,20.0,4.5565,61100,239.0,8.0
P426707,Hello FAB Coconut Water Cream,First Aid Beauty,Skincare,Moisturizers,36.0,4.0009,64785,1072.0,13.68
P384539,Deep Cleanser with Red Clay,First Aid Beauty,Skincare,Cleansers,24.0,4.2608,37998,1062.0,9.12
P375534,Ultra Repair Face Moisturizer,First Aid Beauty,Skincare,Moisturizers,28.0,4.1964,59220,988.0,10.64
P293008,Ultra Repair Lip Therapy,First Aid Beauty,Makeup,Lip,12.0,3.978,48043,1046.0,5.04
P425873,Mini Pure Skin Face Cleanser,First Aid Beauty,Mini Size,Skincare,12.0,4.3046,32991,417.0,5.4
P393076,Ultra Repair Hydra-Firm Night Cream,First Aid Beauty,Skincare,Moisturizers,44.0,4.3114,54167,562.0,16.72
P468821,Ultra Repair Firming Collagen Cream with Peptides and Niacinamide,First Aid Beauty,Skincare,Moisturizers,44.0,4.5356,60505,534.0,16.72
P447603,Ultra Repair Wild Oat Hydrating Toner,First Aid Beauty,Skincare,Cleansers,24.0,4.4746,54752,531.0,9.12
P434551,Hello FAB Bendy Avocado Concealer,First Aid Beauty,Makeup,Face,22.0,4.2075,27682,453.0,9.24
P441220,Ultra Repair Oat & Hemp Seed Dry Oil,First Aid Beauty,Skincare,Moisturizers,36.0,4.3545,28615,440.0,13.68
P456994,Eye Duty Niacinamide Brightening Eye Cream,First Aid Beauty,Skincare,Eye Care,36.0,3.6735,49318,392.0,13.68
P500756,10% Vitamin C Brightening Serum,First Aid Beauty,Skincare,Treatments,50.0,4.6781,16175,351.0,19.0
P455894,Ultra Repair Oil-Control Moisturizer,First Aid Beauty,Skincare,Moisturizers,36.0,4.2388,24055,289.0,13.68
P472811,KP Smoothing Body Lotion with 10% AHA,First Aid Beauty,Bath & Body,Body Moisturizers,28.0,3.5682,15552,44.0,11.2
P483658,Mineral Sunscreen Zinc Oxide Broad Spectrum SPF 30,First Aid Beauty,Skincare,Sunscreen,28.0,4.4878,9664,246.0,10.64
P467115,Facial Radiance Niacinamide Dark Spot Serum,First Aid Beauty,Skincare,Treatments,42.0,3.6559,27888,186.0,15.96
P442713,FAB Skin Lab Retinol Eye Cream with Triple Hyaluronic Acid,First Aid Beauty,Skincare,Eye Care,44.0,3.7222,37716,162.0,16.72
P416825,FAB Skin Lab Retinol Serum 0.25% Pure Concentrate,First Aid Beauty,Skincare,Treatments,58.0,3.9811,24816,159.0,22.04
P474040,Anti-Dandruff Scalp Serum with 2% Salicylic Acid,First Aid Beauty,Hair,Hair Styling & Treatments,32.0,3.9655,9539,29.0,14.4
P500746,Hydrating Serum with Hyaluronic Acid,First Aid Beauty,Skincare,Treatments,40.0,4.5727,8865,110.0,15.2
P474829,Sculpting Body Lotion,First Aid Beauty,Bath & Body,Body Moisturizers,34.0,3.9697,7881,33.0,13.6
P503809,Bounce-Boosting Serum with Collagen + Peptides,First Aid Beauty,Skincare,Treatments,44.0,4.7273,7214,88.0,16.72
P399656,Fab Faves To Go Kit,First Aid Beauty,Skincare,Value & Gift Sets,30.0,4.5854,10231,82.0,11.4
P474039,Anti-Dandruff Shampoo with 1% Pyrithione Zinc (ZPT),First Aid Beauty,Hair,Shampoo & Conditioner,30.0,3.9206,6907,63.0,13.5
P461161,FAB Pharma BHA Acne Spot Treatment Gel 2% Salicylic Acid,First Aid Beauty,Skincare,Treatments,26.0,4.2857,13002,77.0,9.88
P480603,2-in-1 Cleansing Oil + Makeup Remover,First Aid Beauty,Skincare,Cleansers,26.0,3.6081,9294,74.0,9.88
P479840,Hydrating Eye Cream with Hyaluronic Acid,First Aid Beauty,Skincare,Eye Care,30.0,3.8429,17841,70.0,11.4
P461162,FAB Pharma White Clay Acne Treatment Pads 2% Salicylic Acid,First Aid Beauty,Skincare,Treatments,30.0,4.5692,13624,65.0,11.4
P472031,FAB Pharma Calamine Pore Purging Mask,First Aid Beauty,Skincare,Masks,30.0,4.5366,14414,41.0,11.4
P504890,Anti-Chafe Stick with Shea Butter + Colloidal Oatmeal,First Aid Beauty,Bath & Body,Body Moisturizers,20.0,4.5614,4306,114.0,8.0
P468354,Hydrating Ultra Repair Cream Duo,First Aid Beauty,Skincare,Value & Gift Sets,46.0,4.6154,5918,13.0,17.48
P480604,FAB Faves Trio,First Aid Beauty,Skincare,Value & Gift Sets,30.0,4.0,3738,4.0,11.4
P480445,Smooth + FAB Travel Size Duo,First Aid Beauty,Skincare,Value & Gift Sets,20.0,5.0,6327,1.0,7.6
P504882,Bye Bye Bumps - Best of Body Kit,First Aid Beauty,Skincare,Value & Gift Sets,30.0,5.0,921,1.0,11.4
P440981,Age Adapting CBD Serum,Flora + Bast,Skincare,Treatments,77.0,4.6158,13007,177.0,29.26
P476860,APHRODISIA Intimate Arousal Cannabis Oil,Flora + Bast,Skincare,Wellness,77.0,4.4737,4350,19.0,29.26
P500998,Soothe + Hydrate Barrier Building Hydrosol Mist,Flora + Bast,Skincare,Moisturizers,44.0,5.0,986,3.0,16.72
P477160,Mini Age Adapting CBD Serum,Flora + Bast,Skincare,Mini Size,38.5,,0,,14.63
P448120,Wonderland Peony Eau De Parfum,Floral Street,Fragrance,Women,34.0,4.3732,10415,544.0,10.2
P473709,Perfume Discovery Set,Floral Street,Fragrance,Value & Gift Sets,24.0,3.5405,10201,37.0,7.2
P448122,Wonderland Peony Eau De Parfum Travel Spray,Floral Street,Fragrance,Women,34.0,4.3732,10155,544.0,10.2
P448129,Wild Vanilla Orchid Eau De Parfum,Floral Street,Fragrance,Women,89.0,4.2066,8673,542.0,26.7
P474946,Sunflower Pop Eau De Parfum,Floral Street,Fragrance,Women,89.0,4.5802,8095,262.0,26.7
P448131,Wild Vanilla Orchid Eau De Parfum  Travel Spray,Floral Street,Fragrance,Women,34.0,4.2066,7837,542.0,10.2
P474947,Sunflower Pop Eau De Parfum Travel Spray,Floral Street,Fragrance,Women,34.0,4.5802,7381,262.0,10.2
P462688,Arizona Bloom Eau de Parfum Travel Spray,Floral Street,Fragrance,Women,34.0,4.175,3480,120.0,10.2
P448117,Neon Rose Eau De Parfum,Floral Street,Fragrance,Women,89.0,4.1628,3225,43.0,26.7
P462687,Arizona Bloom Eau de Parfum,Floral Street,Fragrance,Women,34.0,4.175,2937,120.0,10.2
P448138,Black Lotus Eau De Parfum,Floral Street,Fragrance,Women,34.0,3.3,1672,20.0,10.2
P448140,Black Lotus Eau De Parfum Travel Spray,Floral Street,Fragrance,Women,34.0,3.3,1651,20.0,10.2
P448141,Ylang Ylang Espresso Eau De Parfum,Floral Street,Fragrance,Women,89.0,3.0414,1629,411.0,26.7
P500985,Mini Candle Set,Floral Street,Fragrance,Candles & Home Scents,24.0,2.0,1045,1.0,7.2
P483152,Wonderland Bloom Candle,Floral Street,Fragrance,Candles & Home Scents,52.0,4.9167,668,24.0,15.6
P448459,Fireplace Candle,Floral Street,Fragrance,Candles & Home Scents,52.0,3.0,484,2.0,15.6
P483153,Wonderland Bloom Scent Diffuser,Floral Street,Fragrance,Candles & Home Scents,56.0,3.0,402,1.0,16.8
P448456,Lipstick Candle,Floral Street,Fragrance,Candles & Home Scents,52.0,2.3333,381,3.0,15.6
P448458,Santal Mysore Candle,Floral Street,Fragrance,Candles & Home Scents,52.0,3.0,343,2.0,15.6
P448457,Spring Bouquet Candle,Floral Street,Fragrance,Candles & Home Scents,52.0,,300,,15.6
P433453,LUNA fofo,FOREO,Skincare,High Tech Tools,89.0,2.888,9822,241.0,33.82
P461935,BEAR Facial Toning Device,FOREO,Skincare,High Tech Tools,329.0,4.4236,11753,229.0,125.02
P419633,ESPADA Blue Light Acne Treatment,FOREO,Skincare,Treatments,159.0,3.8873,17954,142.0,60.42
P461936,BEAR mini Facial Toning Device,FOREO,Skincare,High Tech Tools,219.0,4.1228,7401,114.0,83.22
P454821,LUNA Mini 3,FOREO,Skincare,High Tech Tools,179.0,3.8785,16929,107.0,68.02
P405827,IRIS Illuminating Eye Massager,FOREO,Skincare,Eye Care,149.0,3.5,10363,60.0,56.62
P502848,LUNA 4 go Facial Cleansing & Massaging Device,FOREO,Skincare,High Tech Tools,129.0,4.8113,2761,53.0,49.02
P468652,UFO 2,FOREO,Skincare,High Tech Tools,299.0,4.3947,12668,38.0,113.62
P433466,Call It A Night Activated Mask,FOREO,Skincare,Masks,10.99,4.5909,13055,22.0,4.18
P474830,LUNA play plus 2,FOREO,Skincare,High Tech Tools,69.0,3.55,4264,20.0,26.22
P436346,Youth Junkie Activated Mask,FOREO,Skincare,Masks,21.99,4.6316,9611,19.0,8.36
P433465,Make My Day Activated Mask,FOREO,Skincare,Masks,10.99,4.1667,9889,18.0,4.18
P502818,LUNA 4 Facial Cleansing & Firming Massage for Balanced Skin,FOREO,Skincare,High Tech Tools,279.0,5.0,918,16.0,106.02
P502827,LUNA 4 Facial Cleansing & Firming Massage for Sensitive Skin,FOREO,Skincare,High Tech Tools,279.0,4.8,1769,15.0,106.02
P428940,ISSA 2,FOREO,Tools & Brushes,Beauty Tools,169.0,2.3,2375,20.0,84.5
P461937,Serum Serum Serum,FOREO,Skincare,Treatments,59.0,1.8462,1850,13.0,22.42
P502831,LUNA 4 Facial Cleansing & Firming Massage for Combination Skin,FOREO,Skincare,High Tech Tools,279.0,4.9231,1536,13.0,106.02
P436343,H2Overdose Activated Mask,FOREO,Skincare,Masks,20.0,3.8182,4878,11.0,7.6
P436347,Glow Addict Activated Mask,FOREO,Skincare,Masks,21.99,4.5,8426,10.0,8.36
P474322,Mini Candle Gift Set- Time to Get Lit,FORVR Mood,Fragrance,Candles & Home Scents,50.0,3.0857,10136,35.0,15.0
P473142,Left On Read Candle,FORVR Mood,Fragrance,Candles & Home Scents,38.0,3.86,5627,50.0,11.4
P473127,Cuffing Season Candle,FORVR Mood,Fragrance,Candles & Home Scents,38.0,3.463,5592,54.0,11.4
P501324,Holiday Candle Advent Calendar,FORVR Mood,Fragrance,Candles & Home Scents,75.0,1.7727,5095,22.0,22.5
P475542,Candle Duo Set,FORVR Mood,Fragrance,Candles & Home Scents,72.0,4.0,4342,22.0,21.6
P481377,Mini Candle Gift Set- Your Sign To Shine,FORVR Mood,Fragrance,Candles & Home Scents,50.0,3.15,4154,20.0,15.0
P474321,Grown Folks Business Candle,FORVR Mood,Fragrance,Candles & Home Scents,38.0,3.84,3337,25.0,11.4
P501448,Apres Ski Holiday Mini Candle Gift Set,FORVR Mood,Fragrance,Value & Gift Sets,50.0,4.0,2826,3.0,15.0
P483442,Mini Candle Gift Set- Tropic Like It’s Hot,FORVR Mood,Fragrance,Value & Gift Sets,50.0,3.0,2478,6.0,15.0
P481985,Chasing Waterfalls Candle,FORVR Mood,Fragrance,Candles & Home Scents,38.0,3.5556,2164,9.0,11.4
P483441,Thirst Trapping Candle,FORVR Mood,Fragrance,Candles & Home Scents,38.0,4.375,1901,8.0,11.4
P503946,Mallow Dramatic Candle,FORVR Mood,Fragrance,Candles & Home Scents,38.0,3.5,1591,8.0,11.4
P481987,Burning Bridges Candle,FORVR Mood,Fragrance,Candles & Home Scents,38.0,4.5,1580,6.0,11.4
P483440,Sun Kiss & Tell Candle,FORVR Mood,Fragrance,Candles & Home Scents,38.0,3.6667,1502,6.0,11.4
P481984,NOT Down To Earth Candle,FORVR Mood,Fragrance,Candles & Home Scents,38.0,3.8,1493,5.0,11.4
P481986,Musta Been The Wind Candle,FORVR Mood,Fragrance,Candles & Home Scents,38.0,4.3333,1445,3.0,11.4
P500865,Spice of Life Candle,FORVR Mood,Fragrance,Candles & Home Scents,38.0,3.7143,1007,7.0,11.4
P501507,Holly Berry Candle,FORVR Mood,Fragrance,Candles & Home Scents,38.0,5.0,1006,2.0,11.4
P501502,Burr Candle,FORVR Mood,Fragrance,Candles & Home Scents,38.0,3.3,912,10.0,11.4
P501432,State of Pine Candle,FORVR Mood,Fragrance,Candles & Home Scents,38.0,5.0,799,1.0,11.4
P483438,Leaf Me Be Candle,FORVR Mood,Fragrance,Candles & Home Scents,38.0,4.3333,736,3.0,11.4
P483439,Sweet Wave Candle,FORVR Mood,Fragrance,Candles & Home Scents,38.0,2.1667,691,6.0,11.4
P501446,No Wahala Candle,FORVR Mood,Fragrance,Candles & Home Scents,38.0,1.3333,590,3.0,11.4
P468653,Freck The Original Freckle,Freck Beauty,Makeup,Face,28.0,3.9218,71324,371.0,11.76
P469819,Cheekslime Blush + Lip Tint with Plant Collagen,Freck Beauty,Makeup,Cheek,26.0,4.318,32441,283.0,10.92
P502850,MAKEOUT CLUB Soft Blur Lipstick,Freck Beauty,Makeup,Lip,24.0,4.69,19000,229.0,10.08
P469862,Rich Bitch Cactus + Vitamin C Moisturizer,Freck Beauty,Skincare,Moisturizers,34.0,4.3784,17528,222.0,12.92
P469818,Cactus Water Cleansing Lactic Acid Toner,Freck Beauty,Skincare,Cleansers,32.0,4.5311,10510,209.0,12.16
P504127,Rich Bitch Nourishing Plant and Peptide Lip Balm,Freck Beauty,Makeup,Lip,20.0,4.127,11249,189.0,8.4
P474831,SLIMELIGHT Highlighter,Freck Beauty,Makeup,Face,28.0,4.7219,10153,151.0,11.76
P481819,LASHROCKET MASCARA with Lash Enhancing Peptides,Freck Beauty,Makeup,Eye,26.0,4.2732,7466,355.0,10.92
P502970,Best of Freck Holiday Set,Freck Beauty,Makeup,Value & Gift Sets,25.0,3.5,6931,8.0,10.5
P481088,Lashrocket Liquid Liner with Lash Enhancing Peptides,Freck Beauty,Makeup,Eye,24.0,4.4556,6374,518.0,10.08
P504894,RICH BITCH Hydrating Face Primer Serum,Freck Beauty,Makeup,Face,38.0,4.7634,5508,262.0,15.96
P7880,Soy Hydrating Gentle Face Cleanser,fresh,Skincare,Cleansers,39.0,4.3628,282865,8733.0,14.82
P302103,Sugar Advanced Lip Balm Intense Hydration Treatment,fresh,Skincare,Lip Balms & Treatments,28.0,4.2837,125611,2957.0,10.64
P12336,Rose Face Mask,fresh,Skincare,Masks,64.0,4.1887,125801,2411.0,24.32
P421243,Sugar Hydrating Lip Balm,fresh,Skincare,Lip Balms & Treatments,19.0,4.1991,132861,2200.0,7.22
P500633,Tea Elixir Niacinamide & Hyaluronic Acid Anti-Aging Serum,fresh,Skincare,Treatments,80.0,4.7724,21533,1872.0,30.4
P471237,Rose & Hyaluronic Acid Deep Hydration Moisturizer,fresh,Skincare,Moisturizers,46.0,4.5877,52868,1807.0,17.48
P274001,Sugar Lip Polish Exfoliator,fresh,Makeup,Lip,19.0,4.2199,98027,1833.0,7.98
P440312,Lotus Anti-Aging Night Moisturizer,fresh,Skincare,Moisturizers,56.0,4.4843,103629,1687.0,21.28
P503936,Black Tea Anti-Aging Moisturizer with Retinol-Alternative BT Matrix,fresh,Skincare,Moisturizers,95.0,4.8434,6292,1386.0,36.1
P417936,Rose & Hyaluronic Acid Deep Hydration Toner,fresh,Skincare,Cleansers,46.0,4.1636,159149,1351.0,17.48
P445827,Sugar Strawberry Exfoliating Face Wash,fresh,Skincare,Cleansers,33.0,4.1597,61862,1259.0,12.54
P442858,Rose Deep Hydration Sleeping Mask,fresh,Skincare,Masks,29.0,4.4586,44288,1232.0,11.02
P425894,Mini Soy pH-Balanced Hydrating Face Wash,fresh,Mini Size,Skincare,15.0,4.3628,64174,8720.0,6.75
P500777,Sugar Lip Balm Hydrating Treatment,fresh,Skincare,Lip Balms & Treatments,25.0,4.5244,41928,1148.0,9.5
P479841,Floral Recovery Overnight Mask with Squalane,fresh,Skincare,Masks,69.0,4.797,30022,1128.0,26.22
P12295,Sugar Face Polish Exfoliator,fresh,Skincare,Cleansers,64.0,4.5196,78005,1070.0,24.32
P454378,Lotus Anti- Aging Daily Moisturizer,fresh,Skincare,Moisturizers,54.0,4.3963,52999,1070.0,20.52
P457005,Rose & Squalane Deep Hydration Oil-Infused Serum,fresh,Skincare,Treatments,60.0,4.5838,55320,978.0,22.8
P39970,Rose Floral Toner,fresh,Skincare,Cleansers,15.0,4.1067,80841,937.0,5.7
P217513,Black Tea Instant Perfecting Mask,fresh,Skincare,Masks,96.0,4.2919,65834,908.0,36.48
P7844,Brown Sugar Body Polish Exfoliator,fresh,Bath & Body,Bath & Shower,67.0,4.3914,42921,856.0,26.8
P454396,Lotus Youth Preserve Eye Cream,fresh,Skincare,Eye Care,45.0,4.4037,21612,763.0,17.1
P466122,Kombucha 2-in-1 No-Rinse Cleanser & Prebiotic Treatment,fresh,Skincare,Cleansers,44.0,4.426,8957,716.0,16.72
P457517,Rose Petal-Soft Deep Hydration Lip Balm,fresh,Skincare,Lip Balms & Treatments,25.0,4.3891,28208,699.0,9.5
P384778,Black Tea Firming and De-Puffing Eye Cream,fresh,Skincare,Eye Care,68.0,3.8768,58657,609.0,25.84
P474832,Sugar Recovery Lip Mask Advanced Therapy,fresh,Skincare,Lip Balms & Treatments,28.0,4.6973,21441,598.0,10.64
P442003,Sugar Mint Rush Freshening Lip Treatment,fresh,Skincare,Lip Balms & Treatments,25.0,4.0833,26121,528.0,9.5
P426080,Lotus Youth Preserve Rescue Mask,fresh,Skincare,Masks,69.0,4.351,33687,490.0,26.22
P391799,Black Tea Firming Overnight Mask,fresh,Skincare,Masks,96.0,4.1369,73168,482.0,36.48
P420158,Vitamin C Glow Moisturizer,fresh,Skincare,Moisturizers,48.0,4.2411,36763,419.0,18.24
P436353,Mini Rose & Hyaluronic Acid Deep Hydration Toner,fresh,Skincare,Mini Size,26.0,4.125,65185,336.0,9.88
P12857,Rice Sake Bath,fresh,Bath & Body,Bath & Shower,82.0,4.3054,16918,167.0,32.8
P213013,Sugar Lemon Body Lotion,fresh,Bath & Body,Body Moisturizers,28.0,4.2964,16389,280.0,11.2
P7827,Sugar Lychee Body Lotion,fresh,Bath & Body,Body Moisturizers,28.0,4.0903,12555,144.0,11.2
P448192,Mini Sugar Strawberry Exfoliating Face Wash,fresh,Skincare,Mini Size,15.0,3.8956,25388,182.0,5.7
P500400,Milk Body Cleanser,fresh,Bath & Body,Bath & Shower,32.0,4.7306,11394,720.0,12.8
P500398,Milk Body Lotion,fresh,Bath & Body,Body Moisturizers,42.0,4.7869,10399,704.0,16.8
P449158,Mini Lotus Anti-Aging Night Moisturizer,fresh,Skincare,Mini Size,22.0,3.9935,34666,154.0,8.36
P481703,Black Tea Corset Cream Firming Moisturizer,fresh,Skincare,Moisturizers,95.0,4.0065,3371,153.0,36.1
P259801,Citron de Vigne Body Lotion,fresh,Bath & Body,Body Moisturizers,28.0,4.3333,9747,81.0,11.2
P450211,Mini Vitamin Nectar Glow Juice Antioxidant Face Serum,fresh,Skincare,Mini Size,28.0,3.9926,38157,136.0,10.64
P403748,Black Tea Corset Firming Serum,fresh,Skincare,Treatments,75.0,3.901,15355,101.0,28.5
P500406,Milk Hydrating Hand Cream,fresh,Bath & Body,Body Moisturizers,20.0,4.7846,7597,492.0,8.0
P426821,Mini Rose Face Mask,fresh,Mini Size,Skincare,26.0,4.1698,7199,53.0,11.7
P426824,Mini Sugar Face Polish Exfoliato,fresh,Mini Size,Skincare,26.0,3.6071,7095,28.0,11.7
P454395,Mini Lotus Youth Preserve Moisturizer,fresh,Skincare,Mini Size,21.0,3.7733,16661,75.0,7.98
P450210,Vitamin Nectar Glow Juice Antioxidant Face Serum,fresh,Skincare,Treatments,28.0,3.9714,3789,70.0,10.64
P454817,Hesperides Grapefruit Body Lotion,fresh,Bath & Body,Body Moisturizers,28.0,4.1667,6259,24.0,11.2
P439626,Black Tea Firming Eye Serum,fresh,Skincare,Eye Care,72.0,3.7619,14953,63.0,27.36
P472466,Mini Rose & Hyaluronic Acid Deep Hydration Moisturizer,fresh,Skincare,Moisturizers,18.0,3.9808,22152,52.0,6.84
P388687,Fresh Life Body Lotion,fresh,Bath & Body,Body Moisturizers,28.0,3.76,5015,25.0,11.2
P193706,Freesia Oval Soap,fresh,Bath & Body,Bath & Shower,15.0,4.5135,4724,37.0,6.0
P432256,Mini Black Tea Instant Perfecting Mask,fresh,Skincare,Mini Size,40.0,4.3571,9725,28.0,15.2
P500012,Rose Hydration Pore-Minimizing Mist,fresh,Skincare,Moisturizers,24.0,4.4706,14153,17.0,9.12
P193705,Verbena Oval Soap,fresh,Bath & Body,Bath & Shower,15.0,4.2,2789,20.0,6.0
P429538,Lotus Youth Preseve Rescue Mask Mini,fresh,Skincare,Shop by Concern,28.0,4.2667,0,15.0,10.64
P435387,Mini Rose Floral Toner,fresh,Skincare,Mini Size,15.0,3.7,0,10.0,5.7
P504272,Hydrating Skincare Gift Set,fresh,Skincare,Value & Gift Sets,59.0,3.2857,6842,7.0,22.42
P503226,Sugar Triple-Action Lip Serum Advanced Therapy,fresh,Skincare,Lip Balms & Treatments,36.0,3.8571,3996,7.0,13.68
P504273,Treat & Tint Mini Lip Care Gift Set,fresh,Skincare,Value & Gift Sets,35.0,4.0,8577,5.0,13.3
P481704,Umbrian Clay Pore Purifying Face Mask,fresh,Skincare,Masks,58.0,4.5,6419,4.0,22.04
P432255,Mini Black Tea Firming Overnight Mask,fresh,Skincare,Mini Size,40.0,4.0,0,3.0,15.2
P504289,Prep & Treat Lip Care Gift Set,fresh,Skincare,Value & Gift Sets,28.0,3.5,4428,2.0,10.64
P503915,Mini Floral Recovery Overnight Mask with Squalane,fresh,Skincare,Masks,28.0,5.0,3539,1.0,10.64
P481705,Mini Umbrian Clay Pore Purifying Face Mask,fresh,Mini Size,Skincare,25.0,,0,,11.25
P505493,Mini Kombucha Antioxidant Facial Treatment Essence,fresh,Skincare,Moisturizers,39.0,,26,,14.82
P505509,Kombucha Antioxidant Facial Treatment Essence,fresh,Skincare,Moisturizers,82.0,,22,,31.16
P435401,"Platinum+ Styler - 1"" Flat Iron",ghd,Hair,Tools,279.0,3.9463,27236,428.0,125.55
P474043,Unplugged Styler - Cordless Flat Iron,ghd,Hair,Tools,299.0,4.3214,11852,196.0,134.55
P389524,"Soft Curl - 1.25"" Curling Iron",ghd,Hair,Tools,205.0,3.4923,11818,65.0,92.25
P389522,Creative Curl - Tapered Curling Wand,ghd,Hair,Tools,205.0,4.4583,11061,72.0,92.25
P385017,Bodyguard - Heat Protect Spray,ghd,Hair,Hair Styling & Treatments,28.0,3.8675,10936,83.0,12.6
P444071,Glide Smoothing Hot Brush,ghd,Hair,Tools,169.0,4.3981,9977,103.0,76.05
P462351,Rise Volumizing Hot Brush,ghd,Hair,Tools,189.0,3.6129,9868,31.0,85.05
P454987,Helios 1875W Advanced Professional Hair Dryer,ghd,Hair,Tools,279.0,4.7268,8972,377.0,125.55
P469468,"Max Styler - 2"" Wide Plate Flat Iron",ghd,Tools & Brushes,Hair Tools,249.0,4.6497,8420,197.0,124.5
P389525,"Classic Curl - 1"" Curling Iron",ghd,Hair,Tools,205.0,4.2444,7893,45.0,92.25
P481392,"Original Styler - 1"" Flat Iron",ghd,Hair,Tools,179.0,4.6817,7843,289.0,80.55
P378713,Air 1600W Professional Hair Dryer,ghd,Hair,Tools,199.0,4.2102,6487,176.0,89.55
P389523,Classic Wave - Oval Curling Wand,ghd,Hair,Tools,205.0,3.7895,6442,19.0,92.25
P385020,Paddle Brush,ghd,Hair,Tools,35.0,3.7442,4944,43.0,15.75
P504606,Duet Style 2-in-1 Hot Air Styler,ghd,Hair,Tools,399.0,4.4923,4671,323.0,179.55
P480605,Curl Thin Wand,ghd,Hair,Tools,205.0,4.9583,4142,24.0,92.25
P433648,"Gold Styler - 1"" Flat Iron",ghd,Hair,Tools,239.0,4.0,4072,40.0,107.55
P474042,Professional Hair Dryer Diffuser,ghd,Hair,Tools,30.0,2.6667,1004,3.0,13.5
P504613,Sleek Talker Wet to Sleek Styling Oil,ghd,Hair,Hair Styling & Treatments,45.0,,775,,20.25
P462353,Mini Honey Infused Hair Oil,Gisou,Hair,Hair Styling & Treatments,25.0,4.2976,104154,1912.0,11.25
P462352,Honey Infused Hair Oil,Gisou,Hair,Hair Styling & Treatments,46.0,4.2976,79881,1912.0,20.7
P462356,Mini Honey Infused Hair Perfume,Gisou,Hair,Hair Styling & Treatments,44.0,4.0824,70086,425.0,19.8
P473838,Honey Infused Leave-In Conditioner,Gisou,Hair,Hair Styling & Treatments,34.0,4.5232,43559,625.0,15.3
P462354,Honey Infused Hair Mask,Gisou,Hair,Hair Styling & Treatments,25.0,4.6058,35765,685.0,11.25
P481821,Honey Infused Scalp Treatment Serum,Gisou,Hair,Hair Styling & Treatments,48.0,4.7291,25064,203.0,21.6
P474833,Mini Honey Infused Hair Mask,Gisou,Hair,Hair Styling & Treatments,25.0,4.6058,24376,685.0,11.25
P462357,Honey Infused Hair Wash Shampoo,Gisou,Hair,Shampoo & Conditioner,37.0,3.8939,23491,66.0,16.65
P462361,Propolis Infused Heat Protecting Spray,Gisou,Hair,Hair Styling & Treatments,41.0,4.5678,22933,273.0,18.45
P501808,Honey Infused Hair Perfume Floral Edition,Gisou,Hair,Hair Styling & Treatments,44.0,4.5802,20809,81.0,19.8
P462355,Honey Infused Hair Perfume,Gisou,Hair,Hair Styling & Treatments,83.0,4.0824,14614,425.0,37.35
P462359,Honey Infused Conditioner,Gisou,Hair,Shampoo & Conditioner,34.0,4.1107,13487,253.0,15.3
P462362,Propolis Infused Polishing Primer,Gisou,Hair,Hair Styling & Treatments,34.0,4.6307,12609,241.0,15.3
P462363,Propolis Infused Texturizing Wave Spray,Gisou,Hair,Hair Styling & Treatments,39.0,4.498,11507,247.0,17.55
P462360,Mini Honey Infused Conditioner,Gisou,Hair,Shampoo & Conditioner,13.0,4.1107,9518,253.0,5.85
P468823,Curling Tool,Gisou,Hair,Tools,129.0,4.0476,5242,21.0,58.05
P504813,Honey Infused Cleanse & Care Routine Hair Set,Gisou,Hair,Value & Gift Sets,51.0,4.7391,3989,23.0,22.95
P505233,Honey Infused Lip Oil,Gisou,Skincare,Lip Balms & Treatments,32.0,4.9474,547,19.0,12.16
P504793,Mini Honey Infused Hair Wash Shampoo,Gisou,Mini Size,Hair,13.0,,806,,5.85
P390722,Prisme Libre Loose Setting and Finishing Powder,Givenchy,Makeup,Face,59.0,4.502,204028,2229.0,24.78
P377755,Rouge Interdit Intense Silk Satin Matte Lipstick,Givenchy,Makeup,Lip,40.0,4.6199,132826,221.0,16.8
P457245,Rose Perfecto Tinted Liquid Balm,Givenchy,Makeup,Lip,38.0,4.3079,62416,367.0,15.96
P405231,Rouge Interdit Vinyl Color Enhancing Lipstick,Givenchy,Makeup,Lip,34.0,4.3695,61315,249.0,14.28
P474948,Le Rouge Sheer Velvet Matte Lipstick,Givenchy,Makeup,Lip,40.0,4.507,43958,215.0,16.8
P472700,Rose Perfecto Lip Balm 24H Hydration,Givenchy,Makeup,Lip,38.0,4.431,41868,935.0,15.96
P448881,Le Rouge Deep Velvet Matte Lipstick,Givenchy,Makeup,Lip,40.0,4.5346,32559,217.0,16.8
P469469,Prisme Libre Skin-Caring Glow Foundation,Givenchy,Makeup,Face,52.0,4.4733,32008,1312.0,21.84
P459156,Irresistible Eau de Parfum,Givenchy,Fragrance,Women,110.0,4.513,23531,616.0,33.0
P457669,L'Interdit Eau de Parfum,Givenchy,Fragrance,Women,110.0,4.3345,19418,586.0,33.0
P475946,L’Interdit Rouge Eau De Parfum,Givenchy,Fragrance,Women,113.0,4.1554,18988,296.0,33.9
P416205,Mini Prisme Libre Loose Powder,Givenchy,Makeup,Face,40.0,4.125,16329,40.0,16.8
P201400,Hot Couture Eau de Toilette,Givenchy,Fragrance,Women,120.0,4.7067,15805,416.0,36.0
P481706,Prisme Libre Skin-Caring Matte Foundation,Givenchy,Makeup,Face,52.0,4.4644,15431,900.0,21.84
P183916,Lip Liner,Givenchy,Makeup,Lip,30.0,4.4754,15108,122.0,12.6
P258016,Ange ou Demon Le Secret Eau de Parfum,Givenchy,Fragrance,Women,108.0,4.5028,14628,354.0,32.4
P45600,Very Irrésistible Eau de Toilette,Givenchy,Fragrance,Women,110.0,4.473,14589,389.0,33.0
P459171,L'Interdit Eau de Parfum Rollerball,Givenchy,Fragrance,Women,40.0,4.3345,11037,586.0,12.0
P473308,Irresistible Eau de Parfum Rollerball,Givenchy,Fragrance,Women,40.0,4.513,10343,616.0,12.0
P471764,Le Rouge Universal 24H Hydration Lip Balm,Givenchy,Makeup,Lip,39.0,4.2474,6666,291.0,16.38
P505129,Prisme Libre Skin-Caring 24H Hydrating + Radiant + Correcting Creamy Concealer,Givenchy,Makeup,Face,37.0,4.6288,6616,722.0,15.54
P0956,Pi Eau de Toilette,Givenchy,Fragrance,Men,108.0,4.6642,6248,137.0,32.4
P410767,Mister Brow Groom Universal Brow Setter,Givenchy,Makeup,Eye,31.0,4.4634,5782,82.0,13.02
P481707,Gentleman Eau de Parfum Réserve Privée,Givenchy,Fragrance,Men,124.0,4.6023,5194,259.0,37.2
P446334,Volume Disturbia Mascara,Givenchy,Makeup,Eye,28.0,4.1452,4384,778.0,11.76
P463625,Rouge Interdit Intense Silk Satin Matte Lipstick Refills,Givenchy,Makeup,Lip,31.0,4.6,3602,20.0,13.02
P423431,Gentleman Eau de Toilette,Givenchy,Fragrance,Men,108.0,4.5652,3170,23.0,32.4
P501179,Pink Collection Le Rouge Sheer Velvet Matte Lipstick,Givenchy,Makeup,Lip,43.0,4.5132,3076,189.0,18.06
P458220,Gentleman Boisee Eau de Parfum,Givenchy,Fragrance,Men,124.0,4.6369,3065,504.0,37.2
P430174,Gentleman Eau de Parfum,Givenchy,Fragrance,Men,124.0,4.7407,3041,27.0,37.2
P504276,Irresistible Eau de Parfum Rose Velvet,Givenchy,Fragrance,Women,135.0,4.6783,2714,230.0,40.5
P474949,Le Rouge Sheer Velvet Matte Lipstick Customized Refills,Givenchy,Makeup,Lip,31.0,2.5,2394,2.0,13.02
P481090,Irresistible Eau de Toilette Fraiche,Givenchy,Fragrance,Women,111.0,4.4136,2287,191.0,33.3
P446827,Liner Disturbia Felt Tip Eyeliner,Givenchy,Makeup,Eye,28.0,3.8065,1999,31.0,11.76
P501783,L'Interdit Eau de Toilette,Givenchy,Fragrance,Women,111.0,4.2216,1767,185.0,33.3
P504939,Prisme Libre Skin-Caring Corrector,Givenchy,Makeup,Face,37.0,4.5,1206,6.0,15.54
P419605,Rouge Interdit Vinyl Color Enhancing Lipstick - 16 Noir Revelateur,Givenchy,Makeup,Lip,34.0,4.2557,0,176.0,14.28
P500496,Irresistible Eau De Toilette Fraiche,Givenchy,Fragrance,Women,111.0,,0,,33.3
P500858,Press-On Nail Kit,Glamnetic,Makeup,Nail,15.0,3.8686,27461,137.0,6.3
P476508,Magnetic False Lashes,Glamnetic,Makeup,Eye,30.0,3.9167,16387,72.0,12.6
P476560,Soo Future! Magnetic Eyeliner Pen,Glamnetic,Makeup,Eye,43.0,2.8036,6551,56.0,18.06
P500416,Magnetic Half Lashes,Glamnetic,Makeup,Eye,25.0,2.75,2763,4.0,10.5
P503068,Brush On Nail Glue,Glamnetic,Makeup,Nail,7.0,5.0,2513,5.0,2.94
P500394,Magnetic False Lashes - Brown,Glamnetic,Makeup,Eye,30.0,,2204,,12.6
P505234,Lash Extension Kit,Glamnetic,Makeup,Eye,45.0,3.9412,1043,17.0,18.9
P281835,GLO Brilliant White Smile - At Home Teeth Whitening Device,GLO Science,Skincare,Value & Gift Sets,159.0,3.9987,95949,779.0,60.42
P404465,GLO Lit Teeth Whitening Vials 3 Pack,GLO Science,Skincare,High Tech Tools,24.0,4.1409,35507,149.0,9.12
P395389,GLO Brilliant Teeth Whitening GLO Vials 10 Pack plus Lip Care,GLO Science,Skincare,High Tech Tools,65.0,4.4211,16148,133.0,24.7
P399755,GLO Lit Teeth Whitening Vials 7 Pack + Lip Care,GLO Science,Skincare,High Tech Tools,49.0,4.3917,17417,120.0,18.62
P472467,GLO to Go Teeth Whitening Pen,GLO Science,Skincare,High Tech Tools,25.0,4.4889,8059,90.0,9.5
P500156,Teeth Whitening GLO Vials,GLO Science,Tools & Brushes,Beauty Tools,35.0,4.8676,1894,68.0,17.5
P504525,Balm Dotcom Lip Balm and Skin Salve,Glossier,Makeup,Lip,14.0,2.9385,131430,683.0,5.88
P504521,Cloud Paint Gel Cream Blush,Glossier,Makeup,Cheek,20.0,4.2067,85415,179.0,8.4
P504823,Ultralip High Shine Lipstick with Hyaluronic Acid,Glossier,Makeup,Lip,18.0,4.3548,67332,93.0,7.56
P504364,Glossier You Eau de Parfum,Glossier,Fragrance,Women,64.0,3.7574,55874,235.0,19.2
P504526,Boy Brow Volumizing Eyebrow Gel-Pomade,Glossier,Makeup,Eye,17.0,4.3133,33695,83.0,7.14
P504782,Perfecting Skin Tint for Dewy Sheer Coverage,Glossier,Makeup,Face,26.0,4.0541,30021,74.0,10.92
P504829,Glassy High-Shine Lip Gloss,Glossier,Makeup,Lip,15.0,3.4521,29690,73.0,6.3
P504802,Generation G Sheer Matte Lipstick,Glossier,Makeup,Lip,18.0,4.2958,25358,71.0,7.56
P504831,Stretch Concealer for Dewy Buildable Coverage,Glossier,Makeup,Face,20.0,4.28,23153,75.0,8.4
P504834,Lash Slick Lift and Lengthening Mascara,Glossier,Makeup,Eye,18.0,3.8932,22066,103.0,7.56
P504522,Glossier You Solid Perfume,Glossier,Fragrance,Women,30.0,3.6984,20736,63.0,9.0
P504775,Monochromes Essential Eyeshadow Trio Palette,Glossier,Makeup,Eye,22.0,3.7,17687,20.0,9.24
P504814,Haloscope Balm Dewy Highlighter Stick,Glossier,Makeup,Face,22.0,3.2222,14510,36.0,9.24
P504803,Lidstar Long-Wearing Shimmer Cream Eyeshadow,Glossier,Makeup,Eye,18.0,3.9189,13717,37.0,7.56
P504527,No 1. Pencil Creamy Long-Wearing Eyeliner,Glossier,Makeup,Eye,16.0,3.2353,9939,17.0,6.72
P504807,Solar Paint Luminious Gel-Cream Bronzer,Glossier,Makeup,Cheek,20.0,2.9608,9787,51.0,8.4
P504789,Brow Flick Microfine Detailing Eyebrow Pen,Glossier,Makeup,Eye,18.0,3.5294,9513,34.0,7.56
P504800,Skywash Liquid-to-Powder Sheer Matte Eyeshadow Tint,Glossier,Makeup,Eye,18.0,2.9143,9207,35.0,7.56
P504523,Futuredew Facial Oil-Serum Hybrid,Glossier,Skincare,Moisturizers,26.0,3.9651,17832,86.0,9.88
P504524,Milky Jelly Gentle Gel Face Cleanser,Glossier,Skincare,Cleansers,19.0,4.0877,10558,57.0,7.22
P504788,Pro Tip Long-Wearing Liquid Eyeliner Pen,Glossier,Makeup,Eye,18.0,4.7188,5547,32.0,7.56
P504794,After Baume Moisture Barrier Recovery Cream,Glossier,Skincare,Moisturizers,28.0,4.1429,9402,42.0,10.64
P504786,Solution Skin-Perfecting Daily Chemical Exfoliator,Glossier,Skincare,Cleansers,26.0,3.7143,3786,21.0,9.88
P504773,Priming Moisturizer Rich Face Cream with Ceramides,Glossier,Skincare,Moisturizers,35.0,4.05,5907,20.0,13.3
P504774,Super Pure Clarifying Face Serum with Niacinamide + Zinc,Glossier,Skincare,Treatments,29.0,4.5882,10568,17.0,11.02
P504795,Super Bounce Hyaluronic Acid + Vitamin B5 Hydrating Face Serum,Glossier,Skincare,Treatments,29.0,4.7333,13371,15.0,11.02
P504919,Milky Oil Dual-Phase Waterproof Makeup Remover,Glossier,Skincare,Cleansers,14.0,4.2667,8821,15.0,5.32
P504784,Priming Moisturizer Lightweight Buildable Face Cream,Glossier,Skincare,Moisturizers,24.0,4.2143,7249,14.0,9.12
P504778,Invisible Shield Water-Gel Transparent Sunscreen SPF 35,Glossier,Skincare,Sunscreen,25.0,4.1818,7420,11.0,9.5
P504780,Super Glow Vitamin C Brightening Face Serum,Glossier,Skincare,Treatments,29.0,2.7778,8275,9.0,11.02
P504810,Priming Moisturizer Balance Oil-Control Gel-Cream,Glossier,Skincare,Moisturizers,25.0,4.6667,5826,9.0,9.5
P504815,Universal Pro-Retinol Overnight Renewing Treatment,Glossier,Skincare,Treatments,35.0,3.7778,3669,9.0,13.3
P504790,Cleanser Concentrate AHA Clarifying and Exfoliating Face Wash,Glossier,Skincare,Cleansers,21.0,3.625,5305,8.0,7.98
P458219,Watermelon Glow PHA + BHA Pore-Tight Toner,Glow Recipe,Skincare,Cleansers,34.0,4.3728,252846,3305.0,12.92
P467762,Mini Watermelon Glow PHA + BHA Pore-Tight Toner,Glow Recipe,Skincare,Mini Size,15.0,4.3728,111141,3305.0,5.7
P466123,Watermelon Glow Niacinamide Dew Drops,Glow Recipe,Skincare,Treatments,35.0,4.3975,389213,2136.0,13.3
P428819,Watermelon Pink Juice Oil-Free Moisturizer,Glow Recipe,Skincare,Moisturizers,39.0,3.9995,162336,1927.0,14.82
P462699,Plum Plump Hyaluronic Acid Serum,Glow Recipe,Skincare,Treatments,45.0,4.4249,159339,1918.0,17.1
P447791,Avocado Fine Line Eye Cream with Retinol,Glow Recipe,Skincare,Eye Care,42.0,4.1087,176653,1886.0,15.96
P469211,Watermelon Glow AHA Pink Dream Body Cream,Glow Recipe,Bath & Body,Body Moisturizers,29.0,4.4323,78244,1698.0,11.6
P479327,Plum Plump Hyaluronic Acid Moisturizer,Glow Recipe,Skincare,Moisturizers,39.0,4.4624,146036,1449.0,14.82
P500472,Mini Plum Plump Hyaluronic Acid Moisturizer,Glow Recipe,Skincare,Mini Size,21.0,4.4624,26404,1449.0,7.98
P460516,Papaya Sorbet Smoothing Enzyme Cleansing Balm & Makeup Remover,Glow Recipe,Skincare,Cleansers,32.0,4.1989,87376,1428.0,12.16
P470529,Avocado Soothing Skin Barrier Serum with Ceramides,Glow Recipe,Skincare,Treatments,45.0,4.471,112842,1412.0,17.1
P481989,Watermelon Glow Niacinamide Sunscreen SPF 50,Glow Recipe,Skincare,Sunscreen,35.0,3.761,64453,1293.0,13.3
P436359,Blueberry Bounce Gentle Cleanser,Glow Recipe,Skincare,Cleansers,34.0,3.8103,72289,1065.0,12.92
P455236,Glow Lip Pop Lip Balm,Glow Recipe,Skincare,Lip Balms & Treatments,22.0,4.5778,73756,1047.0,8.36
P482535,Strawberry Smooth BHA + AHA Salicylic Acid Serum,Glow Recipe,Skincare,Treatments,42.0,4.5439,118258,1024.0,15.96
P442744,Watermelon Glow Ultra-Fine Mist,Glow Recipe,Skincare,Moisturizers,29.0,4.1552,120381,992.0,11.02
P472468,Watermelon Glow Hyaluronic Clay Pore-Tight Facial Mask,Glow Recipe,Skincare,Masks,40.0,4.5912,76226,981.0,15.2
P501760,Guava Vitamin C Bright-Eye Gel Cream,Glow Recipe,Skincare,Eye Care,38.0,4.5109,72173,914.0,14.44
P475543,Guava Vitamin C Dark Spot Treatment Serum,Glow Recipe,Skincare,Treatments,45.0,4.2613,106447,750.0,17.1
P501254,Watermelon Glow AHA Night Treatment,Glow Recipe,Skincare,Treatments,40.0,4.6795,46292,730.0,15.2
P503634,Avocado Ceramide Moisture Barrier Cleanser,Glow Recipe,Skincare,Cleansers,28.0,4.4387,30873,620.0,10.64
P504125,Strawberry BHA Pore-Smooth Blur Drops,Glow Recipe,Skincare,Treatments,32.0,4.686,31946,535.0,12.16
P501570,Mini Watermelon Glow AHA Night Treatment,Glow Recipe,Mini Size,Skincare,21.0,4.6795,24615,730.0,9.45
P435386,Mini Watermelon Pink Juice Oil-Free Moisturizer,Glow Recipe,Skincare,Mini Size,21.0,3.7555,69635,409.0,7.98
P441323,Mini Blueberry Bounce Gentle Cleanser,Glow Recipe,Skincare,Mini Size,10.0,3.7057,47027,316.0,3.8
P504171,Fruit Babies Bestsellers Kit,Glow Recipe,Skincare,Value & Gift Sets,34.0,4.6339,57316,183.0,12.92
P504325,Glowy Skin Prep Besties Set,Glow Recipe,Skincare,Value & Gift Sets,52.0,4.875,26624,112.0,19.76
P504849,Plumping Power Duo,Glow Recipe,Skincare,Value & Gift Sets,54.0,4.8454,12092,97.0,20.52
P504636,Mini Watermelon Glow Niacinamide Dew Drops,Glow Recipe,Skincare,Treatments,20.0,4.0,18565,13.0,7.6
P437299,Semi-Permanent Hair Color,Good Dye Young,Hair,Shop by Concern,18.0,3.3188,14360,276.0,8.1
P437302,Poser Paste Temporary Hair Makeup,Good Dye Young,Hair,Hair Styling & Treatments,18.0,2.8053,9998,113.0,8.1
P67784432,Google Nest Hub,Google,Tools & Brushes,Beauty Tools,129.0,4.6087,3409,23.0,64.5
P456213,GOOPGLOW Microderm Instant Glow Exfoliator,goop,Skincare,Cleansers,125.0,4.4821,17838,2128.0,47.5
P459299,Mini GOOPGLOW Microderm Instant Glow Exfoliator,goop,Skincare,Mini Size,42.0,4.4821,14292,2128.0,15.96
P456208,GOOPGLOW 15% Glycolic Acid Overnight Glow Peel,goop,Skincare,Treatments,125.0,4.255,4597,1196.0,47.5
P459301,Mini GOOPGLOW 15% Glycolic Acid Overnight Glow Peel,goop,Skincare,Mini Size,45.0,4.255,3228,1196.0,17.1
P456211,GOOPGLOW Morning Skin Superpowder,goop,Skincare,Wellness,60.0,3.991,3866,1110.0,22.8
P459300,Mini GOOPGLOW Morning Skin Superpowder,goop,Skincare,Mini Size,12.0,3.991,2276,1110.0,4.56
P471029,GOOPGLOW Glow Lotion,goop,Skincare,Moisturizers,58.0,4.0638,4306,815.0,22.04
P460578,GOOPGENES All-In-One Nourishing Face Cream,goop,Skincare,Moisturizers,98.0,4.2846,2987,738.0,37.24
P461165,GOOPGENES All-In-One Nourishing Eye Cream,goop,Skincare,Eye Care,55.0,4.2026,2741,627.0,20.9
P480606,goopglow Cloudberry Exfoliating Jelly Cleanser,goop,Skincare,Cleansers,35.0,4.0194,2403,413.0,13.3
P501243,GOOPGLOW Exfoliating Dark Spot Sleep Serum,goop,Skincare,Treatments,98.0,4.0598,2143,251.0,37.24
P458965,G.Tox Himalayan Salt Scalp Scrub Shampoo,goop,Hair,Shampoo & Conditioner,55.0,4.2212,11210,904.0,24.75
P458964,G.Tox Ultimate Dry Brush,goop,Skincare,High Tech Tools,25.0,3.9815,16978,54.0,9.5
P458966,"""The Martini"" Emotional Detox Bath Soak",goop,Bath & Body,Bath & Shower,40.0,3.12,5187,25.0,16.0
P468143,GOOPGENES All-In-One Super Nutrient Face Oil,goop,Skincare,Moisturizers,98.0,3.5676,3159,37.0,37.24
P469851,Mini G.Tox Himalayan Salt Scalp Scrub Shampoo,goop,Hair,Mini Size,15.0,4.2212,4558,904.0,6.75
P456210,GOOPGLOW 20% Vitamin C and Hyaluronic Glow Serum,goop,Skincare,Treatments,125.0,3.5357,2613,28.0,47.5
P478274,GOOPGENES Clean Nourishing Lip Balm Trio,goop,Skincare,Value & Gift Sets,48.0,3.5556,3354,27.0,18.24
P505408,GOOPGLOW Vita-C Brightening Eye Cream,goop,Skincare,Eye Care,58.0,4.2308,10,26.0,22.04
P464250,GOOPGENES Nourishing Repair Body Butter,goop,Skincare,Moisturizers,65.0,3.8261,1403,23.0,24.7
P455010,Knock Me Out Sleep Chews,goop,Skincare,Wellness,30.0,3.2381,2036,21.0,11.4
P458961,G.Tox Malachite and Fruit Acid Pore Purifying Cleanser,goop,Skincare,Cleansers,48.0,4.3889,2395,18.0,18.24
P458962,G.Tox Malachite and AHA Pore Refining Tonic,goop,Skincare,Cleansers,75.0,3.9333,2373,15.0,28.5
P477166,GOOPGLOW Restore + Shine Hair Treatment,goop,Hair,Hair Styling & Treatments,55.0,4.1136,1925,766.0,24.75
P500879,Double-Sided Wand Vibrator,goop,Bath & Body,Body Care,98.0,4.069,1426,29.0,39.2
P483058,GOOPGLOW Flower Acids Resurfacing Toner,goop,Skincare,Cleansers,45.0,4.6667,1797,6.0,17.1
P458963,G.Tox Detoxifying Superpowder,goop,Skincare,Wellness,12.0,1.8,894,5.0,4.56
P502295,GOOPGLOW Microderm Instant Glow Body Polish,goop,Bath & Body,Bath & Shower,48.0,4.0,1197,1.0,19.2
P500308,Viva la Vulva Vibrator,goop,Bath & Body,Body Care,98.0,3.2143,1143,28.0,39.2
P502388,GOOPGLOW Afterglow Body Oil,goop,Bath & Body,Body Moisturizers,48.0,3.0,1038,3.0,19.2
P474323,GOOPGENES All-in-One Nourishing Skincare Kit,goop,Skincare,Value & Gift Sets,85.0,4.5,1575,2.0,32.3
P474978,Mini GOOPGLOW Glow Lotion,goop,Mini Size,Skincare,25.0,,0,,11.25
P473311,Adjustable Slap Satin-Lined Cap,Grace Eleyae,Hair,Tools,20.0,4.7672,7250,116.0,9.0
P474044,The Original Slap | Satin Lined Cap,Grace Eleyae,Hair,Tools,13.0,4.4483,7197,87.0,5.85
P474045,Satin-Lined Knot Turban,Grace Eleyae,Hair,Tools,30.0,4.8025,5647,81.0,13.5
P500888,The Original Slap | Satin Lined Cap - 2 pack,Grace Eleyae,Hair,Tools,22.0,4.6667,4798,57.0,9.9
P474046,All Silk Turban,Grace Eleyae,Hair,Tools,77.0,4.5333,3383,90.0,34.65
P474047,Detangling Brush,Grace Eleyae,Hair,Tools,15.0,4.6129,2652,31.0,6.75
P474048,Edge Brush Tamer,Grace Eleyae,Hair,Tools,9.0,5.0,2643,13.0,4.05
P474049,All Purpose Curved Comb,Grace Eleyae,Hair,Tools,9.0,5.0,2317,19.0,4.05
P500867,Adjustable Slap Satin-Lined Cap 2 Pack,Grace Eleyae,Hair,Tools,35.0,4.0,973,2.0,15.75
P500853,Nala Print Turban,Grace Eleyae,Hair,Tools,39.99,,383,,18.0
P407471,GrandeLIPS Hydrating Lip Plumper Gloss,Grande Cosmetics,Makeup,Lip,27.0,3.7782,64769,1443.0,11.34
P460017,GrandeLASH-LIFT Heated Lash Curler,Grande Cosmetics,Makeup,Accessories,39.0,3.3798,26887,258.0,16.38
P455557,GrandeREPAIR Leave-in Lash Conditioner,Grande Cosmetics,Makeup,Eye,25.0,4.14,13874,150.0,10.5
P420491,GrandeMASCARA Conditioning Peptide Mascara,Grande Cosmetics,Makeup,Eye,25.0,4.1182,12049,550.0,10.5
P471548,GrandePOUT Plumping Lip Mask,Grande Cosmetics,Makeup,Lip,24.0,3.9367,11765,158.0,10.08
P420492,GrandePRIMER Pre-Mascara Lengthener & Thickener,Grande Cosmetics,Makeup,Eye,25.0,4.3645,11650,502.0,10.5
P441882,GrandeDRAMA Intense Thickening Mascara,Grande Cosmetics,Makeup,Eye,25.0,3.6458,6286,192.0,10.5
P453273,Velvet Matte Lipstick,Gucci,Makeup,Lip,45.0,4.231,92741,277.0,18.9
P452737,Rouge à Lèvres Voile Sheer Lipstick,Gucci,Makeup,Lip,45.0,4.4332,82203,247.0,18.9
P474051,Flora Gorgeous Gardenia Eau de Parfum,Gucci,Fragrance,Women,155.0,4.1944,74950,854.0,46.5
P459503,Éclat Soleil Luminous Bronzer,Gucci,Makeup,Cheek,64.0,4.5969,70617,320.0,26.88
P422093,Bloom Eau de Parfum For Her,Gucci,Fragrance,Women,123.0,4.1913,69220,1317.0,36.9
P452736,Long Lasting Satin Lipstick,Gucci,Makeup,Lip,45.0,4.4218,65163,358.0,18.9
P471239,Glow & Care Shine Lipstick,Gucci,Makeup,Lip,45.0,4.2302,58394,430.0,18.9
P502188,Luminous Matte Beauty Blush,Gucci,Makeup,Cheek,49.0,4.681,52186,232.0,20.58
P273900,Guilty Pour Femme Eau de Toilette,Gucci,Fragrance,Women,101.0,4.2503,50693,1794.0,30.3
P474053,Glossy Nail Polish,Gucci,Makeup,Nail,33.0,3.5806,36591,62.0,13.86
P474952,Flora Gorgeous Gardenia Eau de Parfum Rollerball,Gucci,Fragrance,Women,38.0,4.1944,36297,854.0,11.4
P422094,Bloom Eau de Parfum For Her Rollerball,Gucci,Fragrance,Women,38.0,4.1913,32304,1317.0,11.4
P469858,Matte Beauty Powder,Gucci,Makeup,Face,64.0,3.9779,32197,136.0,26.88
P456588,L'Obscur Lengthening Mascara,Gucci,Makeup,Eye,36.0,4.1509,31257,868.0,15.12
P452738,Hydrating Lip Balm,Gucci,Makeup,Lip,45.0,4.1447,28871,159.0,18.9
P501360,Mini Coffret Set,Gucci,Fragrance,Value & Gift Sets,65.0,4.4,26321,5.0,19.5
P467622,Éternité De Beauté 24 Hour Full Coverage Luminous Matte Finish Foundation,Gucci,Makeup,Face,69.0,4.5096,25359,363.0,28.98
P398432,Bamboo Eau de Parfum,Gucci,Fragrance,Women,87.0,4.4101,25277,217.0,26.1
P500471,Brume de Beauté Beauty Mist,Gucci,Skincare,Moisturizers,78.0,4.6652,6498,451.0,29.64
P457649,Luminous Face & Lip Gloss,Gucci,Makeup,Lip,34.0,3.8529,23036,68.0,14.28
P503858,Flora Gorgeous Gardenia Eau de Parfum Mini Perfume Set,Gucci,Fragrance,Value & Gift Sets,36.0,4.1176,19595,17.0,10.8
P483448,Transfer-proof Matte Liquid lipstick,Gucci,Makeup,Lip,45.0,4.2819,19581,149.0,18.9
P501141,Flora Gorgeous Jasmine Eau de Parfum,Gucci,Fragrance,Women,155.0,3.8995,19248,408.0,46.5
P475109,Flora Gorgeous Gardenia Eau de Parfum Rollerball & Mascara Set,Gucci,Fragrance,Value & Gift Sets,50.0,4.6364,16570,11.0,15.0
P501988,Mini Flora Gorgeous Jasmine Perfume Set,Gucci,Fragrance,Value & Gift Sets,39.0,4.1429,16215,7.0,11.7
P285804,Guilty Pour Homme,Gucci,Fragrance,Men,154.0,4.4893,15960,748.0,46.2
P477749,Flora Gorgeous Gardenia Eau de Parfum Gift Set,Gucci,Fragrance,Value & Gift Sets,92.0,2.75,13342,16.0,27.6
P441304,Guilty Pour Femme Eau de Parfum,Gucci,Fragrance,Women,123.0,3.9018,13097,285.0,36.9
P469821,Long Lasting Bold Lip Liner,Gucci,Makeup,Lip,34.0,4.1961,10888,51.0,14.28
P501161,Flora Gorgeous Jasmine Eau de Parfum Pen Spray,Gucci,Fragrance,Women,38.0,4.0667,10884,15.0,11.4
P500476,Multipurpose Hydrating and Nourishing Balm,Gucci,Makeup,Lip,50.0,3.888,9689,125.0,21.0
P377473,Guilty Pour Femme Eau de Toilette Rollerball,Gucci,Fragrance,Women,38.0,4.2503,9495,1794.0,11.4
P441329,Guilty Pour Femme Eau de Parfum Rollerball,Gucci,Fragrance,Women,38.0,3.9018,9333,285.0,11.4
P467623,Hydrating Silk Priming Serum,Gucci,Makeup,Face,58.0,4.2423,9286,293.0,24.36
P457650,Long Wearing Eyebrow Pencil,Gucci,Makeup,Eye,33.0,4.625,9075,64.0,13.86
P460874,Bloom Profumo di Fiori Eau de Parfum,Gucci,Fragrance,Women,123.0,4.0507,8774,671.0,36.9
P481991,Bloom Eau De Toilette,Gucci,Fragrance,Women,101.0,3.8849,8458,391.0,30.3
P453664,Gucci Bloom Ambrosia di Fiori Eau de Parfum Intense For Her,Gucci,Fragrance,Women,131.0,3.9475,7600,343.0,39.3
P469876,Stylo Contour Des Yeux Khol Eyeliner,Gucci,Makeup,Eye,37.0,4.1746,7185,63.0,15.54
P460875,Bloom Profumo di Fiori Eau de Parfum Rollerball,Gucci,Fragrance,Women,38.0,4.0507,6858,671.0,11.4
P501313,Gorgeous Flora Eyeshadow Palette,Gucci,Makeup,Eye,152.0,4.2308,6700,13.0,63.84
P378659,Guilty Black Pour Homme,Gucci,Fragrance,Men,119.0,4.3404,6430,235.0,35.7
P457489,Guilty Eau de Parfum Pour Homme,Gucci,Fragrance,Men,143.0,4.4601,6065,426.0,42.9
P481990,Bloom Eau De Toilette Travel Spray,Gucci,Fragrance,Women,38.0,3.8849,5937,391.0,11.4
P453665,Gucci Bloom Ambrosia di Fiori Eau de Parfum Intense For Her Rollerball,Gucci,Fragrance,Women,38.0,3.9475,5798,343.0,11.4
P480170,Guilty Pour Femme Eau de Parfum Intense,Gucci,Fragrance,Women,165.0,3.9467,5170,169.0,49.5
P480306,Gucci Matte Primer,Gucci,Makeup,Face,60.0,4.4026,4834,77.0,25.2
P504036,Mini Flora Gorgeous Gardenia Eau de Parfum Perfume Set,Gucci,Fragrance,Value & Gift Sets,96.0,,4634,,28.8
P410305,Bamboo Eau de Toilette,Gucci,Fragrance,Women,91.0,3.8667,4565,30.0,27.3
P478711,Nail Art Stickers,Gucci,Makeup,Nail,20.0,1.9355,4551,31.0,8.4
P224900,Gucci By Gucci Pour Homme,Gucci,Fragrance,Men,74.0,4.7192,3956,146.0,22.2
P501329,Flora Gorgeous Jasmine Perfume Gift Set,Gucci,Fragrance,Value & Gift Sets,96.0,5.0,3440,2.0,28.8
P483447,L'Obscur Long Wearing Eyeliner Pen,Gucci,Makeup,Eye,39.0,4.4,3275,125.0,16.38
P503319,Bloom Perfume Gift Set,Gucci,Fragrance,Value & Gift Sets,96.0,,2982,,28.8
P480171,Guilty Pour Homme Parfum,Gucci,Fragrance,Men,175.0,4.4,2282,255.0,52.5
P505161,Bloom Eau de Parfum Intense,Gucci,Fragrance,Women,165.0,4.2628,1576,156.0,49.5
P417169,Guilty Absolute Pour Homme,Gucci,Fragrance,Men,87.0,3.6552,1521,29.0,26.1
P501242,Gorgeous Flora Glow & Care Shine Lipstick,Gucci,Makeup,Lip,45.0,4.6667,0,6.0,18.9
P429915,Rouge G Refillable Lipstick,GUERLAIN,Makeup,Lip,36.0,4.5,74691,224.0,15.12
P474953,Abeille Royale Advanced Youth Watery Oil,GUERLAIN,Skincare,Moisturizers,145.0,4.3465,13825,1215.0,55.1
P476513,Mini Abeille Royale Advanced Youth Watery Oil,GUERLAIN,Skincare,Mini Size,55.0,4.3465,6222,1215.0,20.9
P266308,Météorites Illuminating Powder Pearls,GUERLAIN,Makeup,Face,68.0,4.1803,63434,721.0,28.56
P197413,Parure Gold 24K Radiance Primer,GUERLAIN,Makeup,Face,85.0,4.1494,54333,462.0,35.7
P416938,Mon Guerlain Eau de Parfum,GUERLAIN,Fragrance,Women,155.0,4.3918,46347,439.0,46.5
P429916,Rouge G Refillable Lipstick Case,GUERLAIN,Makeup,Lip,38.0,4.6783,44088,115.0,15.96
P461451,Abeille Royale Anti-Aging Fortifying Lotion Toner,GUERLAIN,Skincare,Cleansers,85.0,4.2566,6480,834.0,32.3
P284710,Terracotta Sunkissed Natural Bronzer,GUERLAIN,Makeup,Cheek,59.0,4.5287,41755,348.0,24.78
P501236,Abeille Royale Anti-Aging Double R Advanced Serum,GUERLAIN,Skincare,Treatments,240.0,4.6196,3942,418.0,91.2
P405071,Météorites Primer Perfecting Pearls,GUERLAIN,Makeup,Face,80.0,4.1864,20783,118.0,33.6
P430124,Terracotta Light Healthy Glow Bronzer,GUERLAIN,Makeup,Cheek,59.0,4.2647,19012,34.0,24.78
P483450,KissKiss Bee Glow Lipstick Balm,GUERLAIN,Makeup,Lip,40.0,4.1429,11411,28.0,16.8
P471240,KissKiss Shine Bloom Lipstick Balm,GUERLAIN,Makeup,Lip,42.0,4.3125,10991,16.0,17.64
P190247,KissKiss Liplift Lipstick Primer,GUERLAIN,Makeup,Lip,40.0,3.9039,10320,333.0,16.8
P272652,Shalimar Eau de Parfum,GUERLAIN,Fragrance,Women,125.0,4.3939,9710,66.0,37.5
P450557,Mon Guerlain Eau de Parfum Intense,GUERLAIN,Fragrance,Women,165.0,4.4783,7838,23.0,49.5
P456356,Terracotta Matte Bronzer,GUERLAIN,Makeup,Face,59.0,3.9333,5792,15.0,24.78
P408678,Midnight Secret Late Night Recovery Treatment Anti-Fatigue Serum,GUERLAIN,Skincare,Treatments,32.0,4.102,26130,49.0,12.16
P500415,Aqua Allegoria Pera Granita Eau de Toilette,GUERLAIN,Fragrance,Women,110.0,4.4667,5066,75.0,33.0
P500404,Aqua Allegoria Mandarine Basilic Eau de Toilette,GUERLAIN,Fragrance,Women,110.0,4.4904,4939,104.0,33.0
P501172,Ombres G Quad Eyeshadow Palette,GUERLAIN,Makeup,Eye,85.0,4.75,4043,4.0,35.7
P500410,Aqua Allegoria Flora Salvaggia Eau de Toilette,GUERLAIN,Fragrance,Women,110.0,4.7273,3829,22.0,33.0
P416204,Météorites Powder Brush,GUERLAIN,Makeup,Brushes & Applicators,45.0,3.4286,3792,21.0,18.9
P500397,Aqua Allegoria Flora Cherrysia Eau de Toilette,GUERLAIN,Fragrance,Women,110.0,4.5926,2712,27.0,33.0
P469806,Abeille Royale Anti-Aging Eye Lifting Serum,GUERLAIN,Skincare,Eye Care,130.0,3.7333,4148,15.0,49.4
P457272,Abeille Royale Anti-Aging Eye Cream,GUERLAIN,Skincare,Eye Care,110.0,3.7857,3420,14.0,41.8
P450934,Abeille Royale Day Cream,GUERLAIN,Skincare,Moisturizers,170.0,4.2857,2188,14.0,64.6
P459464,Mad Eyes Mascara Long-Wearing & Volumizing,GUERLAIN,Makeup,Eye,36.0,2.8667,2157,15.0,15.12
P500405,Aqua Allegoria Bergamote Calabria Eau de Toilette,GUERLAIN,Fragrance,Women,110.0,4.7188,2010,32.0,33.0
P500419,Aqua Allegoria Rosa Rossa Eau de Toilette,GUERLAIN,Fragrance,Women,110.0,4.5532,1903,94.0,33.0
P459466,Mad Eyes Felt Matte Waterproof Eyeliner Pen,GUERLAIN,Makeup,Eye,36.0,4.25,1892,12.0,15.12
P500411,Aqua Allegoria Nerolia Vetiver Eau de Toilette,GUERLAIN,Fragrance,Women,110.0,4.0976,1796,123.0,33.0
P500432,Aqua Allegoria Orange Soleia Eau de Toilette,GUERLAIN,Fragrance,Women,110.0,4.3571,1772,28.0,33.0
P481822,Abeille Royale Scalp & Hair Youth Oil in Serum,GUERLAIN,Hair,Hair Styling & Treatments,140.0,3.5,1356,4.0,63.0
P501230,Noir G Volumizing & Curling Mascara,GUERLAIN,Makeup,Eye,40.0,4.1667,1316,6.0,16.8
P450935,Abeille Royale Night Cream,GUERLAIN,Skincare,Moisturizers,200.0,3.6667,2226,3.0,76.0
P500433,Aqua Allegoria Pamplelune Eau de Toilette,GUERLAIN,Fragrance,Women,110.0,3.4615,959,26.0,33.0
P504985,Abeille Royale Bestsellers Travel Set,GUERLAIN,Skincare,Value & Gift Sets,195.0,2.0,214,2.0,74.1
P481993,Abeille Royale Intense Repair Youth Oil in Balm,GUERLAIN,Skincare,Masks,235.0,3.0,655,1.0,89.3
P505377,Terracotta Le Teint Healthy Glow Foundation,GUERLAIN,Makeup,Face,62.0,3.8,67,5.0,26.04
P481997,Eye See in Color Clean Multidimensional Eyeshadow Palette,GXVE BY GWEN STEFANI,Makeup,Eye,28.0,3.6818,30160,154.0,11.76
P481999,I’m Still Here Longwear Clean Matte Liquid Lipstick,GXVE BY GWEN STEFANI,Makeup,Lip,24.0,4.3096,20551,323.0,10.08
P502289,Bubble Pop Electric High-Performance Clean Lip Gloss,GXVE BY GWEN STEFANI,Makeup,Lip,20.0,4.3043,20145,161.0,8.4
P482002,Original Me Clean High-Performance Matte Lipstick,GXVE BY GWEN STEFANI,Makeup,Lip,26.0,4.6713,18789,289.0,10.92
P504152,Can't Stop Staring Clean Lengthening & Lifting Mascara,GXVE BY GWEN STEFANI,Makeup,Eye,20.0,4.3333,14157,306.0,8.4
P482000,Line It Up Clean 24-Hr Gel Pencil Waterproof Eyeliner,GXVE BY GWEN STEFANI,Makeup,Eye,20.0,4.2624,12258,221.0,8.4
P503357,Eye See In Sparkle Clean Multi-Dimensional Glitter Eyeshadow,GXVE BY GWEN STEFANI,Makeup,Eye,24.0,4.551,12184,49.0,10.08
P481996,Anaheim Shine Clean High-Performance Satin Lipstick,GXVE BY GWEN STEFANI,Makeup,Lip,26.0,4.6667,11410,240.0,10.92
P481998,Hella On Point Clean Ultra-Fine Brow Pencil,GXVE BY GWEN STEFANI,Makeup,Eye,24.0,4.57,8870,200.0,10.08
P482001,Most Def Clean Instant Definition Sculpting Eyebrow Pencil,GXVE BY GWEN STEFANI,Makeup,Eye,24.0,4.6073,7650,191.0,10.08
P502461,Pout to Get Real Clean Overlining Lip Liner,GXVE BY GWEN STEFANI,Makeup,Lip,22.0,4.1646,6164,79.0,9.24
P481995,All Time Prime Clean Hydrating Prep & Smooth Face Oil,GXVE BY GWEN STEFANI,Makeup,Face,48.0,4.6,5628,130.0,20.16
P500491,Xtra Sauce Longwear Vinyl Liquid Lipstick,GXVE BY GWEN STEFANI,Makeup,Lip,24.0,4.1811,4788,127.0,10.08
P502436,Anaheim Line Clean Waterproof Lip Liner,GXVE BY GWEN STEFANI,Makeup,Lip,20.0,4.7222,4180,36.0,8.4
P503639,Double Dippin' 2-in-1 Lip Color Remover & Hydrating Lip Mask,GXVE BY GWEN STEFANI,Makeup,Lip,24.0,4.5769,2611,26.0,10.08
P505462,Paint It Up Clean 24-Hr Cream Eyeshadow,GXVE BY GWEN STEFANI,Makeup,Eye,20.0,4.7027,96,37.0,8.4
P500112,N°41 Facial Sunscreen Mist with SPF 41,HABIT,Skincare,Sunscreen,30.0,4.4904,9474,208.0,11.4
P500778,N°39 Facial Sunscreen Mist with SPF 39,HABIT,Skincare,Sunscreen,30.0,4.708,5554,137.0,11.4
P500117,N°38 Facial Sunscreen Mist with SPF 38,HABIT,Skincare,Sunscreen,30.0,4.3578,8924,109.0,11.4
P483453,Shave Starter Set,Hanni,Skincare,Value & Gift Sets,68.0,4.55,4292,180.0,25.84
P483455,The Weighted Razor Kit,Hanni,Skincare,High Tech Tools,42.0,4.6452,5333,155.0,15.96
P483457,Shave Pillow Moisturizing Body Gel,Hanni,Skincare,Moisturizers,24.0,4.6954,3023,151.0,9.12
P503899,Water Balm Custom Hydration Body Moisturizer Mist,Hanni,Bath & Body,Body Moisturizers,34.0,4.7976,3076,168.0,13.6
P504902,Splash Salve In-Shower Body Moisture Treatment,Hanni,Bath & Body,Body Moisturizers,34.0,4.9623,2855,53.0,13.6
P483458,Blades,Hanni,Skincare,High Tech Tools,6.0,3.6667,1586,3.0,2.28
P483460,Shower Holder,Hanni,Skincare,High Tech Tools,12.0,5.0,1932,2.0,4.56
P483459,Blade Bin,Hanni,Men,Shaving,10.0,5.0,587,1.0,4.2
P502185,Triclone Skin Tech Medium Coverage Foundation with Fermented Arnica,HAUS LABS BY LADY GAGA,Makeup,Face,45.0,4.2841,176443,1137.0,18.9
P500283,PhD Hybrid Lip Oil,HAUS LABS BY LADY GAGA,Makeup,Lip,24.0,4.3613,107918,620.0,10.08
P500314,Bio-Radiant Gel-Powder Highlighter with Fermented Arnica,HAUS LABS BY LADY GAGA,Makeup,Face,40.0,4.6878,67936,394.0,16.8
P500284,Le Monster Lip Crayon Lipstick,HAUS LABS BY LADY GAGA,Makeup,Lip,22.0,4.4658,60836,380.0,9.24
P500336,Optic Intensity Eco Gel Eyeliner Pencil,HAUS LABS BY LADY GAGA,Makeup,Eye,22.0,3.75,56480,88.0,9.24
P500298,"Hy-Power Eye, Cheek & Lip Pigment Paint",HAUS LABS BY LADY GAGA,Makeup,Eye,24.0,4.3771,38273,350.0,10.08
P501271,Atomic Shake Long Lasting Liquid Lipstick,HAUS LABS BY LADY GAGA,Makeup,Lip,26.0,3.0187,37352,267.0,10.92
P500301,Power Sculpt Velvet Bronzer with Fermented Arnica,HAUS LABS BY LADY GAGA,Makeup,Cheek,38.0,4.6685,36145,362.0,15.96
P504025,Color Fuse Talc-Free Powder Blush with Fermented Arnica,HAUS LABS BY LADY GAGA,Makeup,Cheek,38.0,4.8667,35662,285.0,15.96
P502321,Bio-Blurring Talc-Free Loose Setting Powder,HAUS LABS BY LADY GAGA,Makeup,Face,38.0,4.4892,32207,507.0,15.96
P500295,The Edge Precision Eyebrow Pencil,HAUS LABS BY LADY GAGA,Makeup,Eye,22.0,4.04,8636,25.0,9.24
P502426,Cruelty-Free Foundation Brush,HAUS LABS BY LADY GAGA,Makeup,Brushes & Applicators,39.0,4.1538,5169,13.0,16.38
P400207,Blue Tansy BHA and Enzyme Pore Refining Mask,Herbivore,Skincare,Masks,50.0,4.2448,126177,1928.0,19.0
P400211,Coco Rose Exfoliating Body Scrub,Herbivore,Bath & Body,Bath & Shower,40.0,4.2218,70641,487.0,16.0
P400203,Lapis Blue Tansy Face Oil - For Oily & Acne-Prone Skin,Herbivore,Skincare,Moisturizers,74.0,4.2461,68960,959.0,28.12
P479904,Mini Lapis Blue Tansy Face Oil - For Oily & Acne-Prone Skin,Herbivore,Skincare,Moisturizers,15.0,4.2461,4593,959.0,5.7
P460747,Pink Cloud Rosewater + Squalane Makeup Removing Face Wash,Herbivore,Skincare,Cleansers,26.0,4.3577,41051,629.0,9.88
P442564,Emerald CBD + Adaptogens Deep Moisture Glow Oil,Herbivore,Skincare,Moisturizers,60.0,4.3645,41254,557.0,22.8
P437981,Emerald Hemp Seed Deep Moisture Glow Oil,Herbivore,Skincare,Moisturizers,50.0,4.3291,42381,477.0,19.0
P400202,Jasmine Glowing Hydration Body Oil,Herbivore,Bath & Body,Body Moisturizers,44.0,4.4218,24867,147.0,17.6
P400204,Phoenix Rosehip Anti-Aging Face Oil - For Dry Skin,Herbivore,Skincare,Moisturizers,88.0,4.4169,43956,343.0,33.44
P479903,Mini Phoenix Rosehip Anti-Aging Face Oil - For Dry Skin,Herbivore,Skincare,Moisturizers,60.0,4.4169,3119,343.0,22.8
P407444,Bamboo Charcoal Detoxifying Soap Bar,Herbivore,Skincare,Cleansers,14.0,4.3012,28997,342.0,5.32
P442002,Amethyst Body Scrub with Epsom Salt,Herbivore,Bath & Body,Bath & Shower,46.0,4.0274,17686,73.0,18.4
P421600,Jasmine Green Tea Oil Control Toner,Herbivore,Skincare,Cleansers,39.0,4.0833,39251,312.0,14.82
P454100,Prism AHA + BHA Exfoliating Glow Facial,Herbivore,Skincare,Treatments,58.0,4.2616,45368,302.0,22.04
P436891,Jade De-Puffing Face Roller,Herbivore,Skincare,Wellness,32.0,3.5479,33236,292.0,12.16
P481096,Nova 15% Vitamin C + Turmeric Brightening Serum,Herbivore,Skincare,Treatments,65.0,4.504,24635,252.0,24.7
P400205,Orchid Antioxidant Beauty Face Oil - For Combination Skin,Herbivore,Skincare,Moisturizers,74.0,4.3527,26322,241.0,28.12
P474326,Pink Cloud Soft Moisture Cream,Herbivore,Skincare,Moisturizers,46.0,3.786,10870,229.0,17.48
P474325,Aquarius Pore Purifying BHA Cream,Herbivore,Skincare,Moisturizers,46.0,4.287,16279,216.0,17.48
P471033,CLOUD JELLY Plumping Hydration Serum,Herbivore,Skincare,Treatments,50.0,4.3876,19480,209.0,19.0
P503923,Super Nova 5% THD Vitamin C + Caffeine Brightening Eye Cream,Herbivore,Skincare,Eye Care,48.0,4.6207,14229,174.0,18.24
P450583,Prism AHA + BHA Exfoliating Glow Serum,Herbivore,Skincare,Treatments,54.0,3.9532,31466,171.0,20.52
P431840,Coconut Milk Bath Soak,Herbivore,Skincare,Wellness,22.0,3.5497,31953,151.0,8.36
P500988,Moon Dew 1% Bakuchiol + Peptides Retinol Alternative Eye Cream,Herbivore,Skincare,Eye Care,48.0,4.2297,22997,148.0,18.24
P483661,Moon Fruit 1% Bakuchiol + Peptides Retinol Alternative Serum,Herbivore,Skincare,Treatments,62.0,4.5135,15482,111.0,23.56
P473313,Coco Rose Soft Glow Body Oil,Herbivore,Bath & Body,Body Moisturizers,38.0,4.25,6964,12.0,15.2
P441045,Rose Quartz Gua Sha,Herbivore,Skincare,Wellness,25.0,3.8971,30982,68.0,9.5
P452004,Rose Hibiscus Hydrating Mist,Herbivore,Skincare,Moisturizers,36.0,4.0588,13225,68.0,13.68
P432662,Rose Quartz Facial Roller,Herbivore,Skincare,Wellness,40.0,3.0952,14116,63.0,15.2
P505316,Aquarius BHA + Blue Tansy Clarity Cleanser,Herbivore,Skincare,Cleansers,26.0,5.0,518,15.0,9.88
P480607,Skin in the Clouds Set,Herbivore,Skincare,Value & Gift Sets,32.0,4.1429,10728,14.0,12.16
P481334,Moon Fruit Retinol Alternative Sleep Mask,Herbivore,Skincare,Masks,54.0,3.4167,5029,12.0,20.52
P480174,Waves of Clarity Skincare Set,Herbivore,Skincare,Value & Gift Sets,32.0,4.5,5295,6.0,12.16
P463049,Dirty Vanilla Eau de Parfum Travel Spray,HERETIC,Fragrance,Women,65.0,3.1,6848,30.0,19.5
P473131,Dirty Coconut Eau de Parfum Travel Spray,HERETIC,Fragrance,Women,65.0,3.3438,5365,32.0,19.5
P463048,Dirty Vanilla Eau de Parfum,HERETIC,Fragrance,Women,165.0,3.1364,5132,22.0,49.5
P473130,Dirty Coconut Eau de Parfum,HERETIC,Fragrance,Women,165.0,3.3438,3614,32.0,49.5
P481708,Bergamusk Eau de Parfum Travel Spray,HERETIC,Fragrance,Women,65.0,3.8,1662,5.0,19.5
P502377,Dirty Hinoki Eau de Parfum Travel Spray,HERETIC,Fragrance,Women,65.0,3.75,1422,4.0,19.5
P502427,Dirty Hinoki Eau de Parfum,HERETIC,Fragrance,Women,165.0,5.0,1024,2.0,49.5
P481709,Bergamusk Eau de Parfum,HERETIC,Fragrance,Women,165.0,4.6667,806,3.0,49.5
P469475,Mini Fragrance Discovery Set,HERMÈS,Fragrance,Value & Gift Sets,60.0,4.4063,47941,32.0,18.0
P450560,Mini Jardin Fragrance Discovery Set,HERMÈS,Fragrance,Value & Gift Sets,60.0,4.125,39395,48.0,18.0
P422442,Twilly d'Hermès Eau de Parfum,HERMÈS,Fragrance,Women,147.0,4.1213,21510,272.0,44.1
P375126,Un Jardin sur le Nil Eau de Toilette,HERMÈS,Fragrance,Women,149.0,4.5333,18194,165.0,44.7
P375127,Un Jardin sur le Toit Eau de Toilette,HERMÈS,Fragrance,Women,149.0,4.6075,13344,107.0,44.7
P375113,Eau des Merveilles,HERMÈS,Fragrance,Women,166.0,4.4412,11687,102.0,49.8
P375120,Terre d’Hermès Eau de Toilette,HERMÈS,Fragrance,Men,132.0,4.3507,10527,288.0,39.6
P396476,Le Jardin de Monsieur Li Eau de Toilette,HERMÈS,Fragrance,Women,149.0,4.4468,8037,94.0,44.7
P449366,Hermès Twilly d'Hermès Eau Poivrée,HERMÈS,Fragrance,Women,92.0,4.1667,7277,36.0,27.6
P420118,Eau des Merveilles Bleue Eau de Toilette,HERMÈS,Fragrance,Women,122.0,4.5111,6937,45.0,36.6
P474054,Twilly Eau Ginger Eau de Parfum,HERMÈS,Fragrance,Women,120.0,4.6577,6158,222.0,36.0
P443789,Un Jardin sur la Lagune Eau de Toilette,HERMÈS,Fragrance,Women,112.0,4.2683,4763,41.0,33.6
P416349,Terre d’Hermès Pure Perfume,HERMÈS,Fragrance,Men,156.0,4.0893,4749,112.0,46.8
P474327,Twilly Eau Ginger Eau de Parfum Travel Size,HERMÈS,Fragrance,Women,40.0,3.3125,4419,16.0,12.0
P407507,Eau de Rhubarbe Écarlate Eau de Cologne,HERMÈS,Fragrance,Women,141.0,4.5135,4245,37.0,42.3
P474835,Twilly d'Hermès Eau de Parfum Travel Spray,HERMÈS,Fragrance,Women,40.0,4.1667,4194,6.0,12.0
P375123,Voyage d’Hermès Eau de Toilette,HERMÈS,Fragrance,Women,114.0,4.8378,4152,37.0,34.2
P375130,Eau d’orange verte,HERMÈS,Fragrance,Women,152.0,4.3684,3967,19.0,45.6
P471034,H24 Eau de Toilette,HERMÈS,Fragrance,Men,116.0,4.6512,3904,215.0,34.8
P375131,Eau de pamplemousse rose,HERMÈS,Fragrance,Women,141.0,4.2,3177,15.0,42.3
P446445,Elixir des Merveilles Eau de Parfum Spray,HERMÈS,Fragrance,Women,181.0,4.4167,3134,12.0,54.3
P380627,Terre d’Hermès Deodorant Stick,HERMÈS,Bath & Body,Body Care,47.0,4.1111,2300,9.0,18.8
P435313,Terre d'Hermes Eau Intense Vétiver Eau de Parfum,HERMÈS,Fragrance,Men,108.0,4.0625,2294,16.0,32.4
P429076,Eau de citron noir Eau de Cologne,HERMÈS,Fragrance,Women,104.0,4.5556,2177,9.0,31.2
P379451,Eau de mandarine ambrée Eau de Cologne,HERMÈS,Fragrance,Women,141.0,4.1667,1951,6.0,42.3
P446911,Voyage d'Hermès Pure Perfume,HERMÈS,Fragrance,Women,123.0,4.4286,1359,7.0,36.9
P500469,Terre d'Hermès Eau Givrée Eau de Parfum,HERMÈS,Fragrance,Men,108.0,4.2955,1162,44.0,32.4
P407506,Eau de néroli doré Eau de Cologne,HERMÈS,Fragrance,Women,141.0,4.3,1002,10.0,42.3
P502346,H24 Eau de Parfum,HERMÈS,Fragrance,Women,148.0,4.2752,994,149.0,44.4
P428686,Twilly d’Hermès Body Shower Cream,HERMÈS,Bath & Body,Bath & Shower,62.0,3.0,762,1.0,24.8
P503245,H24 Eau de Toilette Set,HERMÈS,Fragrance,Value & Gift Sets,107.0,5.0,735,1.0,32.1
P410532,Vanish Seamless Finish Foundation Stick,Hourglass,Makeup,Face,49.0,4.0118,292871,6534.0,20.58
P377723,Ambient Lighting Powder,Hourglass,Makeup,Face,54.0,4.3081,271628,3161.0,22.68
P384963,Ambient Lighting Blush Collection,Hourglass,Makeup,Cheek,45.0,4.519,267732,2127.0,18.9
P210575,Veil Mineral Primer,Hourglass,Makeup,Face,58.0,4.2905,217213,6444.0,24.36
P454042,Vanish Airbrush Concealer,Hourglass,Makeup,Face,36.0,4.2742,173729,1426.0,15.12
P382309,Ambient Lighting Palette,Hourglass,Makeup,Face,69.0,4.3443,170014,1853.0,28.98
P395697,Ambient Lighting Bronzer,Hourglass,Makeup,Cheek,58.0,4.5295,145082,897.0,24.36
P483662,Phantom Volumizing Glossy Balm,Hourglass,Makeup,Lip,36.0,4.4236,140495,229.0,15.12
P433811,Scattered Light Glitter Eye Shadow,Hourglass,Makeup,Eye,30.0,4.5427,123508,422.0,12.6
P430240,Veil Translucent Setting Powder - Talc Free,Hourglass,Makeup,Face,49.0,4.5108,122040,1901.0,20.58
P420411,Confession Ultra Slim High Intensity Refillable Lipstick,Hourglass,Makeup,Lip,39.0,4.4524,95364,798.0,16.38
P467953,Mini Vanish Airbrush Concealer,Hourglass,Makeup,Mini Size,18.0,3.6066,87884,122.0,7.56
P424900,Mini Ambient Lighting Blush,Hourglass,Mini Size,Makeup,28.0,4.4565,86254,276.0,12.6
P301802,Immaculate Liquid Powder Foundation Mattifying Oil Free,Hourglass,Makeup,Face,60.0,3.9696,72952,3591.0,25.2
P433813,Mini Veil Translucent Setting Powder - Talc Free,Hourglass,Mini Size,Makeup,24.0,4.1199,70852,267.0,10.8
P501154,Ambient Soft Glow Foundation,Hourglass,Makeup,Face,58.0,4.3736,68087,439.0,24.36
P433809,Caution Extreme Lash Mascara,Hourglass,Makeup,Eye,32.0,4.0747,66180,2703.0,13.44
P425840,Mini Ambient Lighting Powder,Hourglass,Mini Size,Makeup,28.0,4.086,65833,314.0,12.6
P444425,Unreal High Shine Volumizing Lip Gloss,Hourglass,Makeup,Lip,32.0,4.3037,64883,214.0,13.44
P410535,Vanish Foundation Brush,Hourglass,Makeup,Brushes & Applicators,47.0,4.6673,59496,1623.0,19.74
P404706,Ambient Strobe Lighting Powder,Hourglass,Makeup,Face,45.0,4.0659,58982,364.0,18.9
P376457,Arch Brow Sculpting Pencil,Hourglass,Makeup,Eye,37.0,4.4352,56988,988.0,15.54
P430239,Veil Powder Brush,Hourglass,Makeup,Brushes & Applicators,65.0,4.8267,56445,404.0,27.3
P427527,Vanish Flash Highlighting Stick,Hourglass,Makeup,Face,46.0,4.5407,55328,627.0,19.32
P425600,Mini Veil Mineral Primer,Hourglass,Mini Size,Makeup,24.0,4.2905,53533,6444.0,10.8
P388108,Illusion Hyaluronic Skin Tint,Hourglass,Makeup,Face,56.0,4.1788,48271,1941.0,23.52
P460829,Unlocked Instant Extensions Lengthening Mascara,Hourglass,Makeup,Eye,32.0,4.2225,47486,1375.0,13.44
P424901,Mini Ambient Lighting Bronzer,Hourglass,Mini Size,Makeup,30.0,4.1159,43558,233.0,13.5
P309504,N° 28 Primer Serum,Hourglass,Makeup,Face,65.0,4.3622,43009,704.0,27.3
P480609,Vanish Airbrush Primer,Hourglass,Makeup,Face,58.0,4.6392,40639,291.0,24.36
P379096,N° 28 Lip Treatment Oil,Hourglass,Makeup,Lip,54.0,3.8546,38471,399.0,22.68
P388106,1.5MM Mechanical Gel Eye Liner,Hourglass,Makeup,Eye,21.0,3.5435,37922,955.0,8.82
P427516,Arch Brow Volumizing Fiber Gel,Hourglass,Makeup,Eye,29.0,4.5323,35876,883.0,12.18
P454744,Vanish Seamless Finish Concealer Brush,Hourglass,Makeup,Brushes & Applicators,39.0,4.6957,35039,493.0,16.38
P504297,Unlocked Satin Crème Lipstick,Hourglass,Makeup,Lip,38.0,4.5732,33427,164.0,15.96
P457643,Veil Setting Spray,Hourglass,Makeup,Face,49.0,4.3232,32207,628.0,20.58
P420410,Confession Ultra Slim High Intensity Lipstick Refill,Hourglass,Makeup,Lip,24.0,4.3774,30994,53.0,10.08
P473833,Curator Eyeshadow Singles,Hourglass,Makeup,Eye,29.0,3.4301,28982,93.0,12.18
P471550,Vanish Blush Stick,Hourglass,Makeup,Cheek,46.0,3.6279,26712,43.0,19.32
P483663,Voyeur Waterproof Gel Eyeliner,Hourglass,Makeup,Eye,28.0,4.5069,24324,144.0,11.76
P413341,Ambient Lighting Edit Brush,Hourglass,Makeup,Brushes & Applicators,49.0,4.1795,20346,39.0,20.58
P424902,Mini Ambient Strobe Lighting Powder,Hourglass,Mini Size,Makeup,28.0,4.2661,19992,2503.0,12.6
P450905,Confession Refillable Lipstick Duo - Ghost,Hourglass,Makeup,Lip,36.0,3.9,19396,30.0,15.12
P430238,Veil Retouching Fluid,Hourglass,Makeup,Face,36.0,3.9386,18479,114.0,15.12
P471767,Velvet Story Lip Cream,Hourglass,Makeup,Lip,36.0,4.0313,18097,64.0,15.12
P193244,Foundation/Blush Brush No. 2,Hourglass,Makeup,Brushes & Applicators,62.0,4.3942,18037,137.0,26.04
P447359,Arch Brow Micro Sculpting Pencil,Hourglass,Makeup,Eye,29.0,4.238,17714,584.0,12.18
P377724,Ambient Powder Brush,Hourglass,Makeup,Brushes & Applicators,40.0,4.3825,16894,183.0,16.8
P501180,Ambient Soft Glow Foundation Brush,Hourglass,Makeup,Brushes & Applicators,47.0,4.7419,16279,31.0,19.74
P193245,All-Over Shadow Brush,Hourglass,Makeup,Brushes & Applicators,39.0,4.7031,15336,64.0,16.38
P193246,Crease Brush,Hourglass,Makeup,Brushes & Applicators,39.0,4.5417,11729,48.0,16.38
P457644,Veil Eye Primer,Hourglass,Makeup,Face,30.0,4.0455,10273,66.0,12.6
P297710,Powder Brush No. 1,Hourglass,Makeup,Brushes & Applicators,69.0,4.5897,10044,39.0,28.98
P375376,Domed Shadow Brush,Hourglass,Makeup,Brushes & Applicators,39.0,4.9,9776,40.0,16.38
P504637,Equilibrium Resurfacing Retinoid Treatment,Hourglass,Skincare,Treatments,110.0,4.8898,278,118.0,41.8
P502339,Phantom Glossy Lip Balm Duo,Hourglass,Makeup,Lip,50.0,4.6,8094,5.0,21.0
P193247,Concealer Brush,Hourglass,Makeup,Brushes & Applicators,39.0,4.5,7823,18.0,16.38
P376092,Double-Ended Complexion Brush,Hourglass,Makeup,Brushes & Applicators,72.0,3.4634,7591,41.0,30.24
P375374,Smudge Brush,Hourglass,Makeup,Brushes & Applicators,39.0,4.4615,7521,13.0,16.38
P375375,Angled Liner Brush,Hourglass,Makeup,Brushes & Applicators,34.0,4.5333,7505,15.0,14.28
P480608,Equilibrium Instant Plumping Eye Mask,Hourglass,Skincare,Eye Care,68.0,4.4719,3935,89.0,25.84
P483150,Vegan Face & Eye Travel Brush Set,Hourglass,Makeup,Brushes & Applicators,320.0,3.3333,7443,3.0,134.4
P461167,Ambient Lighting Infinity Powder,Hourglass,Makeup,Face,56.0,3.6875,7024,32.0,23.52
P376090,Large Concealer Brush #8,Hourglass,Makeup,Brushes & Applicators,40.0,4.4545,6907,11.0,16.8
P193248,Finishing Brush No. 7,Hourglass,Makeup,Brushes & Applicators,69.0,4.7381,6415,84.0,28.98
P376091,Retractable Kabuki Brush,Hourglass,Makeup,Brushes & Applicators,60.0,3.9706,6336,34.0,25.2
P469831,Equilibrium Intensive Hydrating Eye Balm,Hourglass,Skincare,Eye Care,82.0,4.5303,4836,66.0,31.16
P231040,Retractable Foundation Brush,Hourglass,Makeup,Brushes & Applicators,49.0,4.2564,5808,78.0,20.58
P469832,Equilibrium Rebalancing Cream Cleanser,Hourglass,Skincare,Cleansers,52.0,4.4,1812,55.0,19.76
P469833,Equilibrium Restoring Essence,Hourglass,Skincare,Moisturizers,65.0,4.7692,3526,52.0,24.7
P454758,N° 28 Lip Treatment Oil – At Night – Lunar New Year Limited Edition,Hourglass,Makeup,Lip,49.0,2.3125,5401,16.0,20.58
P425941,Mini N° 28 Primer Serum,Hourglass,Mini Size,Makeup,24.0,4.4359,5208,39.0,10.8
P415643,Voyeur Waterproof Liquid Liner,Hourglass,Makeup,Eye,36.0,3.4302,5013,86.0,15.12
P427605,Arch Brow Shaping Gel,Hourglass,Makeup,Eye,29.0,4.3797,4963,316.0,12.18
P433812,Mini Caution Extreme Lash Mascara,Hourglass,Mini Size,Makeup,15.0,3.435,4493,177.0,6.75
P473858,Curator Eyeshadow Palettes,Hourglass,Makeup,Eye,14.0,1.6667,4342,9.0,5.88
P469476,Confession Ultra Slim High Intensity Refillable Lipstick - Red 0,Hourglass,Makeup,Lip,39.0,4.6667,3746,21.0,16.38
P454745,Mini Arch Brow Micro Sculpting Pencil,Hourglass,Makeup,Eye,17.0,2.4,3511,15.0,7.14
P469830,Equilibrium Day Fluid Sunscreen Broad Spectrum SPF 30,Hourglass,Skincare,Sunscreen,86.0,4.0625,799,16.0,32.68
P504339,Unlocked Satin Creme Lipstick- Red 0,Hourglass,Makeup,Lip,38.0,5.0,2652,15.0,15.96
P476685,Equilibrium Intensive Hydrating Set,Hourglass,Mini Size,Skincare,85.0,5.0,1863,2.0,38.25
P476686,Equilibrium Restorative Hydrating Cream,Hourglass,Skincare,Moisturizers,94.0,5.0,876,3.0,35.72
P476687,Equilibrium The Essentials Set,Hourglass,Mini Size,Skincare,165.0,,749,,74.25
P504871,Mini Unlocked Instant Extensions Mascara,Hourglass,Makeup,Eye,15.0,2.0,681,1.0,6.3
P469801,Mini Equilibrium Rebalancing Cream Cleanser,Hourglass,Skincare,Cleansers,25.0,5.0,1149,1.0,9.5
P469829,Equilibrium Biomimetic Skin Active Serum,Hourglass,Skincare,Treatments,198.0,5.0,482,1.0,75.24
P469850,Mini Equilibrium Biomimetic Skin Active Serum,Hourglass,Skincare,Treatments,124.0,,438,,47.12
P408663,House of Lashes Eyelash Adhesive,House of Lashes,Makeup,Eye,9.0,4.2859,85196,969.0,3.78
P483686,House of Lashes Iconic False Eyelashes,House of Lashes,Makeup,Eye,12.0,4.6457,14583,556.0,5.04
P502508,Iconic False Lashes and Adhesive Set,House of Lashes,Makeup,Eye,22.0,,7036,,9.24
P502324,Stuck on you Lash Adhesive Value Set,House of Lashes,Makeup,Eye,14.0,3.25,4045,4.0,5.88
P433402,Easy Bake Loose Baking & Setting Powder,HUDA BEAUTY,Makeup,Face,38.0,4.2632,326279,1493.0,15.96
P43818047,The New Nude Eyeshadow Palette,HUDA BEAUTY,Makeup,Eye,65.0,4.4682,252554,1980.0,27.3
P450887,Nude Obsessions Eyeshadow Palette,HUDA BEAUTY,Makeup,Eye,32.0,4.0894,236129,884.0,13.44
P441880,Power Bullet Matte Lipstick,HUDA BEAUTY,Makeup,Lip,27.0,4.1942,197231,1514.0,11.34
P402036,Classic False Lashes,HUDA BEAUTY,Makeup,Eye,18.0,3.8187,160110,899.0,7.56
P440102,Matte & Metal Melted Double Ended Liquid Eyeshadows,HUDA BEAUTY,Makeup,Eye,25.0,4.0065,139076,1223.0,10.5
P471242,Mini Easy Bake Loose Baking & Setting Powder,HUDA BEAUTY,Makeup,Mini Size,22.0,3.9007,112703,141.0,9.24
P450511,Power Bullet Matte Lipstick - Throwback Collection,HUDA BEAUTY,Makeup,Lip,27.0,4.0792,108696,265.0,11.34
P471243,Lip Contour 2.0 Automatic Matte Lip Pencil,HUDA BEAUTY,Makeup,Lip,21.0,4.417,98999,223.0,8.82
P500309,#FauxFilter Luminous Matte Buildable Coverage Crease Proof Concealer,HUDA BEAUTY,Makeup,Face,31.0,4.688,98661,3596.0,13.02
P432059,Rose Gold REMASTERED Eyeshadow Palette,HUDA BEAUTY,Makeup,Eye,65.0,3.8943,89849,577.0,27.3
P465324,#FauxFilter Skin Finish Buildable Coverage Foundation Stick,HUDA BEAUTY,Makeup,Face,39.0,4.4724,88630,1124.0,16.38
P479843,Liquid Matte Ultra-Comfort Transfer-proof Lipstick,HUDA BEAUTY,Makeup,Lip,23.0,4.1166,85763,343.0,9.66
P463061,Naughty Nude Eyeshadow Palette,HUDA BEAUTY,Makeup,Eye,69.0,4.5266,85434,357.0,28.98
P444605,Tantour Contour & Bronzer Cream,HUDA BEAUTY,Makeup,Face,30.0,4.2211,84069,484.0,12.6
P54654321,Demi Matte Cream Liquid Lipstick,HUDA BEAUTY,Makeup,Lip,20.0,4.0,83821,423.0,8.4
P489310288,Pastel Obsessions Eyeshadow Palette,HUDA BEAUTY,Makeup,Eye,32.0,3.4247,78520,259.0,13.44
P467625,#FauxFilter Luminous Matte Foundation,HUDA BEAUTY,Makeup,Face,42.0,3.6861,73808,959.0,17.64
P463062,Haze Obsessions Eyeshadow Palette,HUDA BEAUTY,Makeup,Eye,32.0,3.4451,71958,164.0,13.44
P471244,Power Bullet Cream Glow Hydrating Lipstick,HUDA BEAUTY,Makeup,Lip,27.0,4.0579,67687,242.0,11.34
P477474,Rose Quartz Eyeshadow Palette,HUDA BEAUTY,Makeup,Eye,69.0,4.3853,59595,218.0,28.98
P404829,Faux Mink Lash Collection,HUDA BEAUTY,Makeup,Eye,23.0,3.8786,57949,313.0,9.66
P501327,Empowered Eyeshadow Palette,HUDA BEAUTY,Makeup,Eye,69.0,4.7251,53653,171.0,28.98
P472816,GloWish Soft Radiance Vegan Bronzing Powder,HUDA BEAUTY,Makeup,Cheek,31.0,4.6631,51122,463.0,13.02
P98466189,LEGIT LASHES Double-Ended Volumizing and Lengthening Mascara,HUDA BEAUTY,Makeup,Eye,31.0,3.8657,50667,2078.0,13.02
P472815,GloWish Multidew Vegan Skin Tint Foundation,HUDA BEAUTY,Makeup,Face,37.0,4.2813,44713,768.0,15.54
P444608,Tantour Face Contouring Sculpt & Shade Brush,HUDA BEAUTY,Makeup,Brushes & Applicators,28.0,4.4605,41581,76.0,11.76
P482003,Cheeky Tint Cream Blush Stick,HUDA BEAUTY,Makeup,Cheek,25.0,4.5291,40008,189.0,10.5
P444142,N.Y.M.P.H. Not Your Mama’s Panty Hose All Over Body Highlighter,HUDA BEAUTY,Makeup,Face,49.0,2.8625,36052,429.0,20.58
P469477,#BombBrows Microshade Brow Pencil,HUDA BEAUTY,Makeup,Eye,17.0,3.8759,34639,814.0,7.14
P459256,Silk Balm Hydrating and Nourishing Lip Balm,HUDA BEAUTY,Makeup,Lip,21.0,4.1079,28771,315.0,8.82
P444607,Resting Boss Face Waterproof Setting Spray,HUDA BEAUTY,Makeup,Face,33.0,3.1331,24991,1322.0,13.86
P477988,GloWish Cheeky Vegan Soft Glow Powder Blush,HUDA BEAUTY,Makeup,Cheek,21.0,4.0533,24911,75.0,8.82
P475948,Wild Obsessions Eyeshadow Palette,HUDA BEAUTY,Mini Size,Makeup,32.0,4.3,22722,60.0,14.4
P477989,GloWish Lightweight Blurring Pressed Powder,HUDA BEAUTY,Makeup,Face,33.0,3.5852,22671,135.0,13.86
P502306,Glowish Blur Jam Silicone Free Smoothing Primer,HUDA BEAUTY,Makeup,Face,33.0,4.5054,21782,186.0,13.86
P420239,Easy Lash Collection,HUDA BEAUTY,Makeup,Eye,18.0,3.7339,18539,109.0,7.56
P465326,Water Jelly Hydrating Face Primer,HUDA BEAUTY,Makeup,Face,33.0,4.2716,16716,162.0,13.86
P504610,Bombshell Lip Trio Set,HUDA BEAUTY,Makeup,Lip,25.0,4.4211,14478,19.0,10.5
P465325,Build and Buff Double Ended Foundation Brush,HUDA BEAUTY,Makeup,Brushes & Applicators,33.0,3.6591,14078,44.0,13.86
P500144,Color Block Obsessions Eyeshadow Palette,HUDA BEAUTY,Mini Size,Makeup,32.0,4.6029,13004,136.0,14.4
P474836,Quick ’N Easy Precision Liquid Liner,HUDA BEAUTY,Makeup,Eye,21.0,3.6888,12516,376.0,8.82
P449341,Basic B Sponge,HUDA BEAUTY,Makeup,Brushes & Applicators,17.0,4.2034,12319,59.0,7.14
P502092,Lovefest Obsessions Eyeshadow Palette,HUDA BEAUTY,Makeup,Eye,32.0,4.2,11666,10.0,13.44
P474837,Mini LEGIT LASHES Double-Ended Volumizing and Lengthening Mascara,HUDA BEAUTY,Mini Size,Makeup,17.0,3.5405,11322,37.0,7.65
P504885,Matte Obsessions Eyeshadow Palette,HUDA BEAUTY,Makeup,Eye,32.0,4.8683,10516,205.0,13.44
P500730,Silk Balm Icy Cryo-Plumping Lip Balm,HUDA BEAUTY,Makeup,Lip,25.0,3.4545,8807,22.0,10.5
P9214873437,Glow Coco Hydrating Mist,HUDA BEAUTY,Makeup,Face,35.0,4.2143,8686,28.0,14.7
P477168,#BombBrows Full ’n Fluffy Volumizing Fiber Gel,HUDA BEAUTY,Makeup,Eye,19.0,3.8649,7705,37.0,7.98
P482004,Face & Cheek Blush Brush,HUDA BEAUTY,Makeup,Brushes & Applicators,27.0,3.3529,6884,17.0,11.34
P472813,GloWish All Over Bronze Brush,HUDA BEAUTY,Makeup,Brushes & Applicators,27.0,4.5152,6536,33.0,11.34
P501457,Face/Conceal & Blend Complexion Brush,HUDA BEAUTY,Makeup,Brushes & Applicators,25.0,4.4444,5565,9.0,10.5
P472814,GloWish Airbrush Finish Skin Tint Brush,HUDA BEAUTY,Makeup,Brushes & Applicators,31.0,4.2778,5283,36.0,13.02
P476690,Silk Balm Honey Kiss Lip Balm,HUDA BEAUTY,Makeup,Lip,21.0,3.7143,4814,21.0,8.82
P500854,Waterproof Lash Glue,HUDA BEAUTY,Makeup,Eye,15.0,3.5385,3897,13.0,6.3
P500769,Silk Balm Spicy Thermo-Plumping Lip Balm,HUDA BEAUTY,Makeup,Lip,25.0,2.2222,3573,9.0,10.5
P504900,Creamy Kohl Longwear Eye Pencil,HUDA BEAUTY,Makeup,Eye,21.0,4.8688,2183,1395.0,8.82
P477990,GloWish Face | All Over Powder Brush,HUDA BEAUTY,Tools & Brushes,Brushes & Applicators,31.0,,1875,,15.5
P478522,Mini GloWish Soft Radiance Vegan Bronzing Powder,HUDA BEAUTY,Mini Size,Makeup,17.0,3.4583,0,24.0,7.65
P415922,Hair Sweet Hair - Hair Growth Vegan Gummies with Biotin and Folic Acid,HUM Nutrition,Hair,Hair Styling & Treatments,26.0,3.9264,46886,516.0,11.7
P443349,Skin Squad Pre + ProbioticSupplement for Acne-Prone Skin,HUM Nutrition,Skincare,Wellness,40.0,4.1152,15373,660.0,15.2
P386754,Daily Cleanse Clear Skin and Body Detox Supplement,HUM Nutrition,Skincare,Wellness,26.0,4.0535,49678,617.0,9.88
P394826,Flatter Me Digestive Enzyme Supplement,HUM Nutrition,Skincare,Wellness,26.0,4.2643,31935,401.0,9.88
P503052,Mini Flatter Me Digestive Enzyme Supplement,HUM Nutrition,Skincare,Wellness,15.0,4.2643,1375,401.0,5.7
P386763,Red Carpet Skin and Hair Health Supplement,HUM Nutrition,Hair,Hair Styling & Treatments,26.0,4.0163,16123,123.0,11.7
P457510,Private Party: Supports Vaginal & Urinary Tract Health,HUM Nutrition,Skincare,Wellness,26.0,4.6727,14955,278.0,9.88
P405826,Raw Beauty Skin & Energy Green Superfood Powder,HUM Nutrition,Skincare,Wellness,39.0,4.1903,11891,247.0,14.82
P386765,"Runway Ready Skin, Hair & Nail Repair Kit",HUM Nutrition,Hair,Hair Styling & Treatments,36.0,4.3085,13589,94.0,16.2
P453713,Collagen POP + Vitamin C Dissolvable Tablets,HUM Nutrition,Skincare,Wellness,12.0,4.3455,5372,220.0,4.56
P407387,Beauty zzZz Sleep Support Supplement with Melatonin,HUM Nutrition,Skincare,Wellness,10.0,4.1542,14123,214.0,3.8
P386761,Killer Nails Hair & Nail Strength Supplement with Biotin,HUM Nutrition,Makeup,Nail,20.0,4.5079,12792,63.0,8.4
P431847,Glow Sweet Glow - Skin Hydration Vegan Gummies with Hyaluronic Acid & Vitamin C + E,HUM Nutrition,Skincare,Wellness,26.0,4.107,18297,187.0,9.88
P504575,PRO ACV Healthy Gut Vegan Gummies with 100% Organic Apple Cider Vinegar and Probiotics,HUM Nutrition,Skincare,Wellness,26.0,4.6607,797,168.0,9.88
P386755,Collagen Love Skin Firming Supplement with Hyaluronic Acid & Vitamin C,HUM Nutrition,Skincare,Wellness,40.0,4.4074,17120,135.0,15.2
P468149,Calm Sweet Calm Stress Management Vegan Gummies with Ashwagandha & L-Theanine,HUM Nutrition,Skincare,Wellness,30.0,4.2056,4531,107.0,11.4
P451996,"Mighty Night Overnight Renewal Supplement with Ceramides, CoQ10, & Ferulic Acid",HUM Nutrition,Bath & Body,Beauty Supplements,40.0,4.5285,7623,246.0,16.0
P474839,Counter Cravings - Helps Reduce Cravings and Boosts Metabolism,HUM Nutrition,Skincare,Wellness,50.0,4.4,5494,90.0,19.0
P474838,Boost Sweet Boost - Vegan Gummies for Immune Support,HUM Nutrition,Skincare,Wellness,26.0,4.8636,1748,88.0,9.88
P482005,Fan Club - multi-symptom menopause support,HUM Nutrition,Skincare,Wellness,40.0,4.8171,728,82.0,15.2
P386759,Moody Bird PMS Support Supplement,HUM Nutrition,Skincare,Wellness,26.0,4.2222,9393,81.0,9.88
P500111,Womb Service - OBGYN Formulated Prenatal Support Supplement,HUM Nutrition,Skincare,Wellness,45.0,4.8148,864,81.0,17.1
P388982,Big ChillAdaptogenStress Management Supplement,HUM Nutrition,Skincare,Wellness,25.0,4.2609,14443,69.0,9.5
P386760,OMG! Omega The Great Fish Oil Supplement,HUM Nutrition,Skincare,Wellness,30.0,4.3077,11224,65.0,11.4
P386764,Uber Energy Adrenal Fatigue and Adaptogen Supplement,HUM Nutrition,Skincare,Wellness,26.0,3.5385,11104,65.0,9.88
P386757,Wing Man Liver Detox and Dark Circle Supplement,HUM Nutrition,Skincare,Wellness,26.0,3.8254,14381,63.0,9.88
P386762,Here Comes The Sun Vitamin D Immune System Support Supplement,HUM Nutrition,Skincare,Wellness,12.0,4.6444,14709,45.0,4.56
P408271,Turn Back Time Turmeric Supplement for UV Damage,HUM Nutrition,Skincare,Wellness,40.0,4.0435,6956,23.0,15.2
P389097,Arctic Repair Fine Lines and Wrinkles Supplement,HUM Nutrition,Skincare,Wellness,60.0,3.7778,4938,18.0,22.8
P476428,Brightening Dark Spot Vitamin C Serum,Hyper Skin,Skincare,Treatments,58.0,4.5664,13429,143.0,22.04
P500614,Gentle Brightening Gel Cleanser with Mandelic Acid,Hyper Skin,Skincare,Cleansers,28.0,4.701,5176,97.0,10.64
P481710,Fade and Glow AHA Mask,Hyper Skin,Skincare,Masks,48.0,4.4762,6857,63.0,18.24
P503216,Hyper Even Daily Duo Kit for Hyperpigmentation,Hyper Skin,Skincare,Value & Gift Sets,39.0,4.6667,4569,15.0,14.82
P476515,Mini Brightening Dark Spot Vitamin C Serum,Hyper Skin,Skincare,Mini Size,36.0,3.1429,7676,14.0,13.68
P461217,Illuminator Liquid Highlight,Iconic London,Makeup,Face,40.0,4.4943,46623,87.0,16.8
P461220,Sheer Cream Blush,Iconic London,Makeup,Cheek,27.0,4.1507,28367,73.0,11.34
P478279,Glaze Dual Ended Eyeshadow Crayon,Iconic London,Makeup,Eye,30.0,4.3038,26052,79.0,12.6
P473171,Radiance Complexion Booster,Iconic London,Makeup,Face,39.0,4.5479,24715,73.0,16.38
P461219,Prep Set Glow Hydrating Spray,Iconic London,Makeup,Face,29.0,3.9515,24591,103.0,12.18
P502623,Super Smoother Blurring Skin Tint,Iconic London,Makeup,Face,32.0,4.3699,24382,73.0,13.44
P502611,Underglow Blurring Primer,Iconic London,Makeup,Face,29.0,4.2143,19078,56.0,12.18
P463452,Lustre Lip Oil,Iconic London,Makeup,Lip,26.0,4.6364,18722,99.0,10.92
P484045,Mini Prep Set Glow Hydrating Spray,Iconic London,Makeup,Face,15.0,3.9643,18275,28.0,6.3
P471035,Sheer Bronze Liquid Bronzer,Iconic London,Makeup,Cheek,27.0,3.566,15838,106.0,11.34
P481711,Silk Glow Blush and Highlight Duo,Iconic London,Makeup,Cheek,39.0,4.2273,15786,44.0,16.38
P502601,Mini Glow Icons Highlighter Set,Iconic London,Mini Size,Makeup,27.0,3.2857,10891,14.0,12.15
P477991,Precision Duo Contour Pot,Iconic London,Makeup,Face,29.0,3.8273,10377,220.0,12.18
P461218,Lip Plumping Gloss,Iconic London,Makeup,Lip,26.0,3.4615,8367,26.0,10.92
P505240,Rollaway Glow Highlighter,Iconic London,Makeup,Face,29.0,4.4286,7005,7.0,12.18
P482679,Liquid Brow Silk Max Hold Gel,Iconic London,Makeup,Eye,24.0,4.2439,4790,41.0,10.08
P500445,Prep Set Tan Tanning Mist with Hyaluronic Acid,Iconic London,Skincare,Self Tanners,29.0,4.2703,6187,37.0,11.02
P500412,Prep Set Tan Face and Body Brush,Iconic London,Skincare,Self Tanners,25.0,4.8214,5266,28.0,9.5
P504574,Tint and Texture Brow Gel,Iconic London,Makeup,Eye,26.0,4.5806,3581,31.0,10.92
P429264,First Class Charcoal Detox Dry Shampoo,IGK,Hair,Hair Styling & Treatments,32.0,4.2049,35043,820.0,14.4
P410480,MISTRESS Hydrating Leave-In Conditioner Hair Balm,IGK,Hair,Hair Styling & Treatments,29.0,4.2738,33070,683.0,13.05
P410491,Beach Club Volume Texture Spray,IGK,Hair,Hair Styling & Treatments,34.0,4.3101,28855,703.0,15.3
P433830,Good Behavior Spirulina Protein Anti-Frizz Smoothing Spray,IGK,Hair,Hair Styling & Treatments,34.0,4.2097,25750,515.0,15.3
P430845,Mixed Feelings Purple Leave-In Blonde Toning Drops,IGK,Hair,Shop by Concern,29.0,4.3454,25549,414.0,13.05
P445737,Antisocial Leave-In Dry Hair Mask,IGK,Hair,Hair Styling & Treatments,34.0,4.2305,24618,321.0,15.3
P410477,RICH KID Coconut Oil Air-Dry Styling Cream,IGK,Hair,Hair Styling & Treatments,29.0,4.1784,22883,970.0,13.05
P460865,Good Behavior 4-in-1 Prep Spray,IGK,Hair,Hair Styling & Treatments,32.0,4.5455,21962,506.0,14.4
P422026,EXPENSIVE Hi-Shine Gloss Treatment,IGK,Hair,Hair Styling & Treatments,32.0,4.2366,15832,224.0,14.4
P426849,THIRSTY GIRL Coconut Milk Anti-Frizz Leave-in Conditioner,IGK,Hair,Hair Styling & Treatments,32.0,3.9936,12691,156.0,14.4
P439093,Crybaby Anti-Frizz Smoothing Serum,IGK,Hair,Hair Styling & Treatments,32.0,4.1392,12463,194.0,14.4
P426186,Mini Beach ClubVolume Texture Spray,IGK,Mini Size,Hair,16.0,4.1772,11708,79.0,7.2
P429266,Mini First Class Charcoal Detox Dry Shampoo,IGK,Mini Size,Hair,16.0,3.9448,11323,163.0,7.2
P426192,Mini Rich Kid Coconut Oil Gel,IGK,Mini Size,Hair,16.0,4.0845,10355,71.0,7.2
P429716,Mini Mistress Hydrating Hair Balm,IGK,Mini Size,Hair,16.0,4.137,10123,73.0,7.2
P468150,Good Behavior Spirulina Protein Anti-Frizz Smoothing  Balm,IGK,Hair,Hair Styling & Treatments,34.0,4.619,8948,273.0,15.3
P455859,Offline 3-Minute Hydration Hair Mask,IGK,Hair,Hair Styling & Treatments,38.0,4.3322,8236,283.0,17.1
P419625,Jet Lag Invisible Dry Shampoo,IGK,Hair,Hair Styling & Treatments,32.0,3.8091,7982,110.0,14.4
P410485,Hot Girls Hydrating Conditioner,IGK,Hair,Shampoo & Conditioner,27.0,4.2713,7293,129.0,12.15
P410484,Hot Girls Hydrating Shampoo,IGK,Hair,Shampoo & Conditioner,27.0,3.7611,6779,113.0,12.15
P447583,Mixed Feelings Leave-In Brunette Toning Drops,IGK,Hair,Hair Styling & Treatments,29.0,3.381,4477,42.0,13.05
P471551,No Limit Dry Volume and Thickening Spray,IGK,Hair,Hair Styling & Treatments,32.0,4.1525,4008,59.0,14.4
P429263,Direct Flight Multi-Tasking Dry Shampoo,IGK,Hair,Hair Styling & Treatments,32.0,3.2,3997,95.0,14.4
P441827,Next Level Nordic Cotton Volumizing Mist,IGK,Hair,Hair Styling & Treatments,28.0,2.9649,3638,57.0,12.6
P433836,Bad & Bougie Amla Oil Deep Repair Shampoo,IGK,Hair,Shampoo & Conditioner,27.0,3.4878,3633,41.0,12.15
P479725,Mini Good Behavior Spirulina Protein Anti-Frizz Smoothing Spray,IGK,Hair,Hair Styling & Treatments,16.0,3.0,3287,2.0,7.2
P433837,Bad & Bougie Amla Oil Deep Repair Conditioner,IGK,Hair,Shampoo & Conditioner,27.0,3.5429,3282,35.0,12.15
P447584,1-800-Hold-Me No-Crunch Flexible Hold Hairspray,IGK,Hair,Hair Styling & Treatments,29.0,3.8182,3044,22.0,13.05
P444429,Thirsty Girl Coconut Milk Anti-Frizz Conditioner,IGK,Hair,Shampoo & Conditioner,27.0,3.85,2673,20.0,12.15
P444428,Thirsty Girl Coconut Milk Anti-Frizz Shampoo,IGK,Hair,Shampoo & Conditioner,27.0,2.9333,2227,15.0,12.15
P429265,Mini Direct Flight Multi-Tasking Dry Shampoo,IGK,Mini Size,Hair,16.0,3.2222,2005,18.0,7.2
P471552,Legendary Shampoo,IGK,Hair,Shampoo & Conditioner,32.0,4.3007,1965,276.0,14.4
P475949,Big Time Volumizing Mousse,IGK,Hair,Hair Styling & Treatments,32.0,4.0606,1935,33.0,14.4
P455329,First Class Weightless Replenishing Conditioner,IGK,Hair,Shampoo & Conditioner,29.0,4.4562,1847,217.0,13.05
P477741,Extra Love Volume Shampoo,IGK,Hair,Shampoo & Conditioner,32.0,4.4444,1412,72.0,14.4
P471553,Legendary Conditioner,IGK,Hair,Shampoo & Conditioner,32.0,4.3511,1374,262.0,14.4
P459217,Summer Blonde Essentials Purple Blonde Toning Drops + Leave-In Conditioner,IGK,Hair,Hair Styling & Treatments,25.0,4.6,1285,10.0,11.25
P500864,L.A. Blonde Purple Toning Leave-In Treatment Spray,IGK,Hair,Hair Styling & Treatments,29.0,4.2,1086,175.0,13.05
P476691,Best Life Hair Oil,IGK,Hair,Hair Styling & Treatments,32.0,2.75,868,4.0,14.4
P477740,Extra Love Volume Conditioner,IGK,Hair,Shampoo & Conditioner,32.0,4.3519,659,54.0,14.4
P500855,Blonde POP Purple Toning Shampoo,IGK,Hair,Shampoo & Conditioner,32.0,4.4012,606,172.0,14.4
P500901,Blonde POP Purple Toning Conditioner,IGK,Hair,Shampoo & Conditioner,32.0,4.2604,453,169.0,14.4
P455418,Super Serum Skin Tint SPF 40 Foundation,ILIA,Makeup,Face,48.0,3.6762,398628,3675.0,20.16
P431750,Limitless Lash Lengthening Clean Mascara,ILIA,Makeup,Eye,28.0,4.2482,229614,3288.0,11.76
P411848,Multi-Stick Cream Blush + Highlighter + Lip Tint,ILIA,Makeup,Cheek,36.0,4.1992,190924,1255.0,15.12
P429548,True Skin Medium Coverage Serum Foundation with Niacinamide,ILIA,Makeup,Face,54.0,4.332,113034,765.0,22.68
P472978,Balmy Tint Hydrating Lip Balm,ILIA,Makeup,Lip,28.0,4.546,98337,641.0,11.76
P444439,Mini Limitless Lash Lengthening Mascara,ILIA,Makeup,Eye,13.0,4.1158,96331,1598.0,5.46
P464772,Liquid Powder Eye Shadow Tint,ILIA,Makeup,Eye,28.0,4.1354,95475,901.0,11.76
P441873,True Skin Serum Concealer with Vitamin C,ILIA,Makeup,Face,32.0,4.1369,93991,1322.0,13.44
P461456,Balmy Gloss Tinted Lip Oil,ILIA,Makeup,Lip,26.0,4.4623,74363,478.0,10.92
P448845,The Necessary Eyeshadow Palette,ILIA,Makeup,Eye,40.0,4.4141,62201,128.0,16.8
P444438,Color Haze Multi-Use Pigment,ILIA,Makeup,Cheek,32.0,4.0541,58849,185.0,13.44
P436270,Color Block High Impact Lipstick,ILIA,Makeup,Lip,28.0,4.5108,50146,139.0,11.76
P411850,Tinted Lip Conditioner,ILIA,Makeup,Lip,28.0,4.0,43474,224.0,11.76
P458753,NightLite Bronzer Powder,ILIA,Makeup,Cheek,34.0,4.2248,43057,129.0,14.28
P417170,Soft Focus Finishing Powder,ILIA,Makeup,Face,36.0,4.347,39073,438.0,15.12
P500245,C Beyond Triple Serum SPF 40 Mineral Sunscreen with Vitamin C 10% + Niacinamide,ILIA,Skincare,Sunscreen,64.0,3.6609,24716,634.0,24.32
P475110,Fullest Volumizing Mascara,ILIA,Makeup,Eye,28.0,3.6954,30883,732.0,11.76
P467765,Lip Wrap Overnight Treatment,ILIA,Makeup,Lip,26.0,4.3316,29873,1152.0,10.92
P444919,Liquid Light Serum Highlighter,ILIA,Makeup,Face,42.0,4.1716,28712,402.0,17.64
P480308,Lip Wrap Reviving Balm,ILIA,Makeup,Lip,24.0,4.3884,27194,484.0,10.08
P504071,Bright Start Retinol Alternative Brightening Eye Cream,ILIA,Skincare,Eye Care,46.0,4.4004,35799,457.0,17.48
P441874,True Skin Radiant Priming Serum,ILIA,Makeup,Face,52.0,4.3396,24351,1007.0,21.84
P407640,Illuminator,ILIA,Makeup,Face,36.0,3.9444,24154,54.0,15.12
P475111,Mini Fullest Volumizing Mascara,ILIA,Makeup,Mini Size,13.0,3.3514,19444,222.0,5.46
P448847,Clean Line Liquid Eyeliner,ILIA,Makeup,Eye,28.0,3.9856,17883,418.0,11.76
P471245,Blue Light Protect + Set Mist,ILIA,Makeup,Face,38.0,4.0498,17651,1005.0,15.96
P448846,Clean Line Gel Eyeliner,ILIA,Makeup,Eye,26.0,3.4744,16972,78.0,10.92
P471246,Mini Blue Light Protect + Set Mist,ILIA,Makeup,Mini Size,18.0,3.3448,15648,87.0,7.56
P458754,DayLite Highlighter Powder,ILIA,Makeup,Face,34.0,4.1951,14061,41.0,14.28
P439202,Essential Brow Natural Volumizing Brow Gel,ILIA,Makeup,Eye,26.0,2.6232,12633,69.0,10.92
P422517,Natural Brightening Eye Primer,ILIA,Makeup,Eye,24.0,3.2222,9894,63.0,10.08
P395417,Touch Home Permanent Hair Removal Device,iluminage,Skincare,High Tech Tools,449.0,3.67,14204,100.0,170.62
P428120,Jelly Shot,INC.redible,Makeup,Lip,10.0,2.5202,43760,248.0,4.2
P441815,Roller Baby Lip Gloss,INC.redible,Makeup,Lip,10.0,2.9961,31499,256.0,4.2
P429434,You Glow Girl Iridescent Jelly,INC.redible,Makeup,Face,12.0,3.8776,27977,147.0,5.04
P455637,Jammy Lips Sheer Lacquer Lip Tint,INC.redible,Makeup,Lip,12.0,4.2198,17240,91.0,5.04
P428119,In A Dream World Iridescent Sheer Gloss,INC.redible,Makeup,Lip,13.0,4.1429,13949,28.0,5.46
P436258,Cosmic Blur Set,INC.redible,Makeup,Value & Gift Sets,15.0,4.1837,13783,49.0,6.3
P449099,Just Kinda Bliss Hemp Hydration Lip Jelly,INC.redible,Makeup,Lip,10.0,4.1071,11486,140.0,4.2
P449102,Crystal Ball Roller Gloss,INC.redible,Skincare,Wellness,12.0,4.3839,14595,112.0,4.56
P469478,Party Recharge Hydrating Hyaluronic Under Eye Masks,INC.redible,Skincare,Eye Care,20.0,3.6842,30543,76.0,7.6
P431104,Listen Hard Girl Neon Lip Paint,INC.redible,Makeup,Lip,10.0,3.4848,6303,33.0,4.2
P440660,Jelly Shot Heart Lip Quencher,INC.redible,Makeup,Lip,10.0,3.6667,5342,24.0,4.2
P446602,You Glow Girl Body Blur,INC.redible,Bath & Body,Body Moisturizers,15.0,3.3846,3389,13.0,6.0
P481712,Party Recharge Cryo Me Crazy Under-eye Masks,INC.redible,Skincare,Eye Care,20.0,4.5556,10008,18.0,7.6
P458958,Hydrating Boob and Bum Sheet Mask Duo,INC.redible,Skincare,Masks,15.0,4.0833,10245,12.0,5.7
P432231,Hypno Highlight Creamy Shimmer Strobe,INC.redible,Makeup,Face,10.0,2.0,1759,5.0,4.2
P500421,Need A Spa Day Set,INC.redible,Bath & Body,Value & Gift Sets,25.0,,560,,10.0
P471037,Slushy Serum Moisturizer Crush Infused with Bakuchiol,iNNBEAUTY PROJECT,Skincare,Treatments,30.0,4.6047,29785,387.0,11.4
P472469,Green Machine Vitamin C + Green Superfoods Jelly Serum,iNNBEAUTY PROJECT,Skincare,Treatments,34.0,4.4043,30846,376.0,12.92
P480447,10 + 10 Moisturizer with 10% Vitamin C + 10% Peptide Complex + Ceramides,iNNBEAUTY PROJECT,Skincare,Moisturizers,35.0,4.5646,13877,294.0,13.3
P471039,Pimple Paste Overnight Blemish Drying Paste,iNNBEAUTY PROJECT,Skincare,Treatments,17.0,4.1673,23827,251.0,6.46
P483127,Retinol Remix 1% Retinol Treatment With Peptide & Tranexamic Acid,iNNBEAUTY PROJECT,Skincare,Treatments,48.0,4.7545,13387,224.0,18.24
P471038,Glaze Lip Oil,iNNBEAUTY PROJECT,Skincare,Lip Balms & Treatments,17.0,4.4293,41560,205.0,6.46
P474329,Face Glaze Skin Barrier Protect & Glow Moisturizer,iNNBEAUTY PROJECT,Skincare,Moisturizers,25.0,4.6237,18465,194.0,9.5
P503865,Bright & Tight Dark Circle Firming Eye Cream with Vitamin C & Peptides,iNNBEAUTY PROJECT,Skincare,Eye Care,34.0,4.4176,15443,182.0,12.92
P500687,Keep It Clean Hydrating Gel Cleanser with Ceramides & 10 Amino Acids,iNNBEAUTY PROJECT,Skincare,Cleansers,26.0,4.5226,7237,155.0,9.88
P471041,Down to Tone Resurfacing Acid Toner,iNNBEAUTY PROJECT,Skincare,Cleansers,28.0,4.3607,9487,122.0,10.64
P471042,Next Level Moisturizer,iNNBEAUTY PROJECT,Skincare,Moisturizers,24.0,4.4946,8788,93.0,9.12
P502322,The Healthy Skin Edit Bestsellers Kit,iNNBEAUTY PROJECT,Skincare,Value & Gift Sets,36.0,4.7849,5447,93.0,13.68
P471040,Foam Around Clarifying Daily Cleanser Infused with Glycolic Acid,iNNBEAUTY PROJECT,Skincare,Cleansers,22.0,4.3908,7064,87.0,8.36
P504892,Refine AHA + BHA Texture & Pore Serum,iNNBEAUTY PROJECT,Skincare,Treatments,38.0,4.7895,790,57.0,14.44
P477413,GREEN MACHINE insta-glo resurfacing acid mask,iNNBEAUTY PROJECT,Skincare,Masks,30.0,4.6531,7419,49.0,11.4
P456392,Daily UV Defense Invisible Broad Spectrum SPF 36 Sunscreen,innisfree,Skincare,Sunscreen,16.0,4.5393,145749,1452.0,6.08
P468658,Volcanic AHA Pore Clearing Clay Mask,innisfree,Skincare,Masks,16.0,4.6149,104838,1197.0,6.08
P503891,Green Tea Hyaluronic Acid Hydrating Moisturizer,innisfree,Skincare,Moisturizers,29.0,4.7299,13619,411.0,11.02
P475951,Green Tea Hyaluronic Acid Hydrating Serum,innisfree,Skincare,Treatments,30.0,4.5836,41215,365.0,11.4
P482006,Dewy Glow Moisturizer with Cherry Blossom & Niacinamide,innisfree,Skincare,Moisturizers,26.0,4.3745,40516,267.0,9.88
P456395,Volcanic Clusters Pore Clearing Toner,innisfree,Skincare,Cleansers,22.0,4.5664,12712,143.0,8.36
P475112,Pore Clearing Matte Moisturizer with Volcanic Clusters,innisfree,Skincare,Moisturizers,24.0,4.5392,11430,102.0,9.12
P468672,Clarifying Spot Serum with Bija Seed Oil,innisfree,Skincare,Treatments,18.0,4.5347,3131,101.0,6.84
P482007,Dewy Glow Jam Cleanser with Jeju Cherry Blossom,innisfree,Skincare,Cleansers,13.0,4.3095,9095,42.0,4.94
P468671,Clarifying Cleansing Foam with Bija Seed Oil,innisfree,Skincare,Cleansers,12.0,4.2162,4981,37.0,4.56
P503928,Green Tea Hyaluronic Acid Face Cleanser,innisfree,Skincare,Cleansers,12.0,4.0385,7953,26.0,4.56
P503901,Hydration Heroes Green Tea Skincare Routine Set,innisfree,Skincare,Value & Gift Sets,39.0,3.7059,7004,17.0,14.82
P503890,Green Tea Hyaluronic Acid Hydrating Toner,innisfree,Skincare,Cleansers,22.0,4.5714,8957,14.0,8.36
P503942,Green Tea Hydrating Cleansing Oil,innisfree,Skincare,Cleansers,24.0,4.3077,6627,13.0,9.12
P503930,Green Tea Hyaluronic Acid Hydrating Eye Serum,innisfree,Skincare,Eye Care,22.0,3.8,6741,10.0,8.36
P503935,Volcanic Pore Clearing Facial Cleanser with AHA + BHA,innisfree,Skincare,Cleansers,14.0,4.4444,4123,9.0,5.32
P503894,Green Tea Hyaluronic Acid Hydrating Eye Cream,innisfree,Skincare,Eye Care,26.0,3.5,1784,4.0,9.88
P504840,Hydrate + Purify Mini Bestsellers Discovery Skincare Set,innisfree,Skincare,Value & Gift Sets,18.0,3.25,1592,4.0,6.84
P431180,Self Tanning Bronzing Face Drops,Isle of Paradise,Skincare,Self Tanners,32.0,3.9547,209716,2849.0,12.16
P431181,Self-Tanning Water,Isle of Paradise,Skincare,Self Tanners,32.0,3.712,73112,1073.0,12.16
P469482,Even Skin Tone Self-Tanning Body Butter,Isle of Paradise,Skincare,Self Tanners,28.0,3.7379,34228,557.0,10.64
P443829,"Glow Clear, Color Correcting Self-Tanning Mousse",Isle of Paradise,Skincare,Self Tanners,32.0,3.4289,23933,394.0,12.16
P482008,Self-Tanning Oil Mist,Isle of Paradise,Skincare,Self Tanners,32.0,4.3937,17225,320.0,12.16
P456988,Own Your Glow Kit,Isle of Paradise,Skincare,Value & Gift Sets,35.0,3.7714,33502,280.0,13.3
P444614,Express Ultra Dark Mousse,Isle of Paradise,Skincare,Self Tanners,32.0,3.7833,9912,120.0,12.16
P504162,Mini Self Tanning Bronzing Face Drops,Isle of Paradise,Bath & Body,Self Tanners,15.0,3.9593,8694,123.0,6.0
P476540,Pro Glow Spray Tan Kit,Isle of Paradise,Skincare,Value & Gift Sets,30.0,4.0946,26141,74.0,11.4
P474957,Night Glow Self-Tan Face Mist,Isle of Paradise,Skincare,Self Tanners,24.0,3.7606,11912,71.0,9.12
P474956,Day Dew Self-Tan Face Mist,Isle of Paradise,Skincare,Self Tanners,24.0,4.1887,9157,53.0,9.12
P459140,Self-Tanning Water Refill,Isle of Paradise,Skincare,Self Tanners,24.0,3.619,12579,42.0,9.12
P470533,Blending Brush,Isle of Paradise,Skincare,Self Tanners,24.0,4.8056,17964,36.0,9.12
P433155,Prep It Self-Tan Priming Spray,Isle of Paradise,Skincare,Self Tanners,24.0,4.0313,11103,32.0,9.12
P444990,Blend It Multi-Purpose Self-Tan Blender,Isle of Paradise,Skincare,Self Tanners,22.0,2.3846,5294,26.0,8.36
P431419,Over It Magic Self-Tan Eraser,Isle of Paradise,Skincare,Moisturizers,30.0,3.04,5750,25.0,11.4
P431418,Disco Tan Instant Wash-Off Body Bronzer,Isle of Paradise,Skincare,Self Tanners,24.0,3.5,5272,24.0,9.12
P482009,Self-Tanning Mitt,Isle of Paradise,Skincare,Self Tanners,10.0,3.4,4790,5.0,3.8
P504903,Self-Tanning Mousse,Isle of Paradise,Bath & Body,Self Tanners,32.0,,1277,,12.8
P505318,Self-Tanning Firming Body Drops,Isle of Paradise,Bath & Body,Self Tanners,38.0,4.6667,968,3.0,15.2
P411403,Confidence in a Cream Anti-Aging Hydrating Moisturizer,IT Cosmetics,Skincare,Moisturizers,20.0,4.62,62988,2484.0,7.6
P437987,Bye Bye Under Eye Full Coverage Anti-Aging Waterproof Concealer,IT Cosmetics,Makeup,Face,29.0,4.1734,87147,940.0,12.18
P411884,CC+ Cream Illumination with SPF 50+,IT Cosmetics,Makeup,Face,44.0,3.7949,77383,824.0,18.48
P433435,CC+ Cream Oil-Free Matte with SPF 40,IT Cosmetics,Skincare,Moisturizers,44.0,3.846,94058,1422.0,16.72
P482010,CC+ Nude Glow Lightweight Foundation + Glow Serum with SPF 40 and Niacinamide,IT Cosmetics,Makeup,Face,44.0,4.4156,75212,1742.0,18.48
P425876,Mini CC+ Cream Full Coverage Color Correcting Foundation with SPF 50+,IT Cosmetics,Makeup,Face,17.0,3.6905,74385,630.0,7.14
P411401,Bye Bye Under Eye Brightening Eye Cream for Dark Circles,IT Cosmetics,Skincare,Eye Care,49.5,4.0049,64892,1024.0,18.81
P411889,CC+ Airbrush Perfecting Powder Foundation,IT Cosmetics,Makeup,Face,39.0,3.5314,54258,318.0,16.38
P446901,Mini Bye Bye Under Eye Full Coverage Anti-Aging Waterproof Concealer,IT Cosmetics,Makeup,Mini Size,13.0,3.8168,53470,202.0,5.46
P411886,Bye Bye Pores Translucent Pressed Setting Powder,IT Cosmetics,Makeup,Face,30.0,4.0342,52581,761.0,12.6
P411393,Bye Bye Redness Neutralizing Color-Correcting Cream,IT Cosmetics,Skincare,Moisturizers,35.0,4.1768,64038,933.0,13.3
P502656,Secret Sauce Moisturizer,IT Cosmetics,Skincare,Moisturizers,72.0,4.0935,1132,920.0,27.36
P461600,Your Skin But Better Foundation + Skincare,IT Cosmetics,Makeup,Face,44.0,4.3889,46949,540.0,18.48
P411396,Superhero Elastic Stretch Volumizing and Lengthening Mascara,IT Cosmetics,Makeup,Eye,26.0,3.7452,43644,1656.0,10.92
P411392,Bye Bye Pores Airbrush Loose Setting Powder,IT Cosmetics,Makeup,Face,30.0,3.6687,35180,332.0,12.6
P443586,Your Skin But Better Makeup Primer+,IT Cosmetics,Makeup,Face,39.5,4.453,28915,404.0,16.59
P439057,Confidence in a Gel Lotion,IT Cosmetics,Skincare,Moisturizers,45.0,4.5826,14365,448.0,17.1
P426829,Confidence in a Cleanser Hydrating Facial Cleanser Serum,IT Cosmetics,Skincare,Cleansers,29.0,4.4758,24647,414.0,11.02
P454837,Confidence in Your Beauty Sleep Night Cream,IT Cosmetics,Skincare,Moisturizers,58.0,4.4599,15582,411.0,22.04
P448147,Lash Blowout Volumizing Mascara,IT Cosmetics,Makeup,Eye,26.0,3.9892,21456,646.0,10.92
P482681,Bye Bye Makeup 3-in-1 Makeup Melting Cleansing Balm,IT Cosmetics,Skincare,Cleansers,42.0,4.6741,5368,359.0,15.96
P411397,Brow Power Universal Brow Pencil,IT Cosmetics,Makeup,Eye,25.0,4.2477,17666,545.0,10.5
P474332,Bye Bye Lines 1.5% Hyaluronic Acid Serum,IT Cosmetics,Skincare,Treatments,29.0,4.4615,8711,273.0,11.02
P474330,Bye Bye Dark Spots 4% Niacinamide Serum,IT Cosmetics,Skincare,Treatments,29.0,4.3284,15408,271.0,11.02
P474333,Bye Bye Pores 10% Glycolic Acid Serum,IT Cosmetics,Skincare,Treatments,29.0,4.3532,12144,269.0,11.02
P479964,Superhero No-Tug Waterproof Eyeshadow Stick,IT Cosmetics,Makeup,Eye,24.0,4.5321,15506,109.0,10.08
P466663,Pillow Lips Solid Serum Lip Gloss,IT Cosmetics,Makeup,Lip,24.0,4.4149,14498,188.0,10.08
P456940,It's Your Skin But Better Setting Spray,IT Cosmetics,Makeup,Face,28.5,4.5094,14448,212.0,11.97
P421923,Heavenly Luxe Wand Ball Powder Brush #8,IT Cosmetics,Makeup,Brushes & Applicators,49.0,4.75,12075,36.0,20.58
P448934,Bye Bye Pores Leave-On Solution Pore-Refining Toner,IT Cosmetics,Skincare,Cleansers,34.0,4.0481,25082,187.0,12.92
P421927,Heavenly Luxe Dual Airbrush Concealer Brush #2,IT Cosmetics,Makeup,Brushes & Applicators,25.0,3.45,11210,40.0,10.5
P468369,Hello Results Wrinkle-Reducing Daily Retinol Serum-in-Cream,IT Cosmetics,Skincare,Moisturizers,69.0,4.4419,6989,172.0,26.22
P450994,Mini CC+ Cream Oil-Free Matte with SPF 40,IT Cosmetics,Makeup,Face,17.0,3.3594,10422,64.0,7.14
P456941,Mini It's Your Skin But Better Setting Spray,IT Cosmetics,Mini Size,Makeup,14.5,4.5789,8261,19.0,6.52
P456942,Superhero No-Tug Gel Eyeliner,IT Cosmetics,Makeup,Eye,24.0,3.9602,7920,201.0,10.08
P444303,Mini Superhero Elastic Stretch Volumizing Mascara,IT Cosmetics,Mini Size,Makeup,15.0,3.2209,6459,86.0,6.75
P501475,Heavenly Luxe Complexion Perfection Brush #7,IT Cosmetics,Makeup,Brushes & Applicators,49.0,4.5,5957,4.0,20.58
P421922,Heavenly Luxe Complexion Perfection Brush #7,IT Cosmetics,Makeup,Brushes & Applicators,49.0,4.3396,5418,53.0,20.58
P455610,Confidence in a Neck Cream,IT Cosmetics,Skincare,Moisturizers,54.0,3.5417,7661,48.0,20.52
P427641,Mini Confidence in a Cream Hydrating Moisturizer,IT Cosmetics,Skincare,Moisturizers,20.0,3.6809,13406,47.0,7.6
P444304,Mini Brow Power Universal Brow Pencil,IT Cosmetics,Mini Size,Makeup,15.0,4.1481,5168,27.0,6.75
P461457,Brow Power Filler Volumizing Tinted Fiber Eyebrow Gel,IT Cosmetics,Makeup,Eye,25.0,4.1744,3337,430.0,10.5
P504805,Bye Bye Dark Spots Concealer + Serum with Niacinamide & Hyaluronic Acid,IT Cosmetics,Makeup,Face,30.0,4.5358,3226,321.0,12.6
P430143,Mini Confidence in a Cleanser,IT Cosmetics,Skincare,Mini Size,15.0,4.1667,2196,12.0,5.7
P477170,Mini Confidence in Your Beauty Sleep Night Cream,IT Cosmetics,Mini Size,Skincare,22.0,5.0,2187,2.0,9.9
P500466,CC+ Foundation Customizable Set,IT Cosmetics,Makeup,Face,46.0,2.6,2181,5.0,19.32
P480610,Hello Results Baby-Smooth Glycolic Peel + Caring Oil,IT Cosmetics,Skincare,Treatments,59.0,4.5,2199,6.0,22.42
P12573,Intense Therapy Lip Balm SPF 25,Jack Black,Skincare,Lip Balms & Treatments,10.0,4.6818,123439,3595.0,3.8
P40629,Double-Duty Face Moisturizer Broad Spectrum SPF 20,Jack Black,Men,Skincare,30.0,4.4462,19364,390.0,12.6
P378718,Bump Fix Razor Bump & Ingrown Hair Solution,Jack Black,Men,Shaving,28.0,3.9381,16131,113.0,11.76
P385674,Deep Dive Glycolic Facial Cleanser,Jack Black,Men,Skincare,24.0,4.5827,12874,278.0,10.08
P397664,Oil-Free Sun Guard Sunscreen Water Resistant SPF 45,Jack Black,Men,Skincare,22.0,4.6204,11399,137.0,9.24
P12571,Face Buff Energizing Scrub,Jack Black,Men,Skincare,20.0,4.7614,10670,264.0,8.4
P171300,Pure Clean Daily Facial Cleanser,Jack Black,Men,Skincare,20.0,4.572,10328,243.0,8.4
P259950,Performance Remedy Turbo Wash  Energizing Cleanser for Hair & Body,Jack Black,Men,Other Needs,24.0,4.6268,8831,142.0,10.08
P12569,Beard Lube Conditioning Shave,Jack Black,Men,Shaving,35.0,4.7792,8783,480.0,14.7
P379573,Epic Moisture MP10 Nourishing Oil,Jack Black,Bath & Body,Body Moisturizers,35.0,4.7071,7366,140.0,14.0
P409928,Clean Break Oil-Free Moisturizer,Jack Black,Men,Skincare,30.0,4.4301,6821,93.0,12.6
P399986,Beard Oil,Jack Black,Men,Shaving,28.0,4.5604,6753,91.0,11.76
P12572,Industrial Strength Hand Healer,Jack Black,Bath & Body,Body Moisturizers,16.0,4.6659,6655,416.0,6.4
P425329,Industrial Strength Hand Healer Mini,Jack Black,Mini Size,Bath & Body,16.0,4.6897,6511,29.0,7.2
P236605,Protein Booster Skin Serum,Jack Black,Men,Skincare,62.0,4.6875,6491,64.0,26.04
P12568,"All-Over Wash For Face, Hair & Body",Jack Black,Men,Skincare,24.0,4.6645,6471,152.0,10.08
P298331,Power Peel Multi-Acid Resurfacing Pads,Jack Black,Men,Skincare,38.0,4.3585,5741,53.0,15.96
P425428,Beard Grooming Kit,Jack Black,Men,Value & Gift Sets,36.0,3.8,5734,5.0,15.12
P394957,Turbo Body Bar Scrubbing Soap,Jack Black,Men,Other Needs,16.0,4.6154,5224,39.0,6.72
P425430,Shave Essentials,Jack Black,Men,Value & Gift Sets,30.0,4.6923,4796,13.0,12.6
P12570,Eye Balm De-Puffing & Cooling Gel,Jack Black,Men,Skincare,26.0,4.2157,4776,51.0,10.92
P183733,Supreme Cream Triple Cushion Shave Lather,Jack Black,Men,Shaving,22.0,4.8014,4712,146.0,9.24
P12574,Line Smoother Oil-Free Moisturizer,Jack Black,Men,Skincare,32.0,4.4545,4071,44.0,13.44
P96811,Pit Boss Antiperspirant & Deodorant,Jack Black,Bath & Body,Body Care,22.0,4.2155,3478,116.0,8.8
P397025,Nourishing Hair & Scalp Conditioner,Jack Black,Men,Hair,25.0,4.75,3425,28.0,10.5
P431732,Charcoal Body Bar Massaging Soap,Jack Black,Bath & Body,Bath & Shower,16.0,4.72,3352,25.0,6.4
P96809,Cool Moisture Body Lotion,Jack Black,Men,Skincare,32.0,4.5679,3218,81.0,13.44
P12577,Post Shave Cooling Gel,Jack Black,Men,Shaving,23.0,4.6949,3160,59.0,9.66
P474057,Lip Service - Lip Balm Duo Mint & Shea,Jack Black,Skincare,Lip Balms & Treatments,13.0,4.8947,6167,19.0,4.94
P236606,Protein Booster Eye Rescue,Jack Black,Men,Skincare,41.0,3.963,3084,27.0,17.22
P458573,Lip Balm Trio,Jack Black,Skincare,Value & Gift Sets,22.0,4.7222,8564,18.0,8.36
P397665,Dry Erase Ultra-Calming Face Cream,Jack Black,Men,Skincare,40.0,4.5,2899,14.0,16.8
P427514,Beard Wash,Jack Black,Men,Shaving,19.0,4.8571,2813,28.0,7.98
P428414,Skin Saviors,Jack Black,Skincare,Value & Gift Sets,37.0,4.5,8231,14.0,14.06
P395117,Double Header Shampoo + Conditioner,Jack Black,Men,Hair,34.0,4.1875,2172,16.0,14.28
P397024,True Volume Thickening Shampoo,Jack Black,Men,Hair,32.0,4.0,1813,13.0,13.44
P472471,Acne Remedy Overnight Repair Moisturizer,Jack Black,Skincare,Moisturizers,40.0,4.1429,972,7.0,15.2
P78300,Sleek Finish Texture Cream,Jack Black,Hair,Hair Styling & Treatments,16.0,4.2143,1394,14.0,7.2
P78301,Body-Building Hair Gel,Jack Black,Hair,Hair Styling & Treatments,16.0,4.0,1361,41.0,7.2
P455232,Black Reserve Body & Hair Cleanser,Jack Black,Men,Other Needs,52.0,4.6,1268,10.0,21.84
P395717,Clay Pomade,Jack Black,Hair,Hair Styling & Treatments,24.0,3.3,1219,10.0,10.8
P237115,Beard Lube Conditioning Shave - 3 Pack,Jack Black,Men,Shaving,40.0,4.8043,1080,46.0,16.8
P432240,Oil-Control Toner,Jack Black,Skincare,Cleansers,25.0,2.0,473,4.0,9.5
P477174,Charcoal Body Buff Exfoliating Cleanser,Jack Black,Bath & Body,Bath & Shower,38.0,,415,,15.2
P476571,Turbo Body Lotion Energizing Gel Moisturizer with Eucalyptus & Aloe,Jack Black,Skincare,Moisturizers,38.0,5.0,326,1.0,14.44
P500444,Black Reserve Body & Hair Cleanser,Jack Black,Bath & Body,Bath & Shower,24.0,5.0,287,2.0,9.6
P455233,Pit CTRL Aluminum-Free Deodorant,Jack Black,Bath & Body,Body Care,22.0,1.8,254,5.0,8.8
P472470,Acne Remedy Balancing Foam Cleanser,Jack Black,Skincare,Cleansers,25.0,,338,,9.5
P449156,Gold Sculpting Bar,Jillian Dempsey,Skincare,Wellness,195.0,4.4328,10451,67.0,74.1
P505124,I Want Choo Eau de Parfum,JIMMY CHOO,Fragrance,Women,132.0,4.5,2375,6.0,39.6
P450176,Urban Hero Eau de Parfum,JIMMY CHOO,Fragrance,Women,98.0,,477,,29.4
P467126,That Jlo Glow Brightening & Firming Serum with Niacinamide,JLo Beauty,Skincare,Treatments,79.0,3.9452,13307,602.0,30.02
P467124,That Blockbuster Cream with Hyaluronic Acid,JLo Beauty,Skincare,Moisturizers,59.0,4.1612,8948,552.0,22.42
P467123,That Big Screen Moisturizer with Broad Spectrum SPF 30,JLo Beauty,Skincare,Moisturizers,55.0,4.1435,5411,467.0,20.9
P467122,That Fresh Take Eye Cream with Peptides,JLo Beauty,Skincare,Eye Care,49.0,4.1559,7449,449.0,18.62
P467120,That Hit Single Gel-Cream Cleanser,JLo Beauty,Skincare,Cleansers,39.0,4.0992,6260,363.0,14.82
P467118,That Limitless Glow Sheet Mask,JLo Beauty,Skincare,Masks,49.0,4.013,11890,307.0,18.62
P501493,Firm + Flaunt Targeted Booty Balm,JLo Beauty,Bath & Body,Body Moisturizers,65.0,4.0688,11991,189.0,26.0
P500002,Brighten. Tighten. Hydrate. 3-Piece Set,JLo Beauty,Skincare,Value & Gift Sets,64.0,4.2782,3952,133.0,24.32
P500318,That Overnight Hustle AHA + BHA Resurfacer,JLo Beauty,Skincare,Treatments,58.0,4.4409,3724,127.0,22.04
P503897,Smooth + Seduce Contouring Body Cream with Caffeine,JLo Beauty,Bath & Body,Body Moisturizers,60.0,4.1493,2512,134.0,24.0
P503902,Tighten + Tease Resurfacing Body Serum with AHAs,JLo Beauty,Bath & Body,Body Moisturizers,60.0,3.9221,2023,77.0,24.0
P417179,Wood Sage & Sea Salt Cologne,Jo Malone London,Fragrance,Women,155.0,4.1743,72458,614.0,46.5
P417181,Peony & Blush Suede Cologne,Jo Malone London,Fragrance,Women,155.0,4.4509,54992,428.0,46.5
P461168,Cologne Discovery Set,Jo Malone London,Fragrance,Value & Gift Sets,20.0,3.5396,52648,139.0,6.0
P417182,Nectarine Blossom & Honey Cologne,Jo Malone London,Fragrance,Women,155.0,4.1852,42842,432.0,46.5
P445101,Wood Sage & Sea Salt/ Peony & Blush Suede Mini Set,Jo Malone London,Fragrance,Women,45.0,4.125,40893,104.0,13.5
P417180,English Pear & Freesia Cologne,Jo Malone London,Fragrance,Women,80.0,4.1865,40231,370.0,24.0
P456171,Wood Sage & Sea Salt/ English Pear & Freesia Mini Set,Jo Malone London,Fragrance,Value & Gift Sets,45.0,4.05,26061,40.0,13.5
P417184,Wild Bluebell Cologne,Jo Malone London,Fragrance,Women,155.0,4.4554,24140,112.0,46.5
P423281,Red Roses Cologne,Jo Malone London,Fragrance,Women,155.0,4.15,21398,120.0,46.5
P417183,Orange Blossom Cologne,Jo Malone London,Fragrance,Women,155.0,4.0588,19638,102.0,46.5
P417178,Mimosa & Cardamom Cologne,Jo Malone London,Fragrance,Women,155.0,4.5567,19111,97.0,46.5
P417185,Blackberry & Bay Cologne,Jo Malone London,Fragrance,Women,155.0,4.2991,18013,117.0,46.5
P417192,Myrrh & Tonka Cologne Intense,Jo Malone London,Fragrance,Women,220.0,4.4675,16410,77.0,66.0
P417195,Velvet Rose & Oud Cologne Intense,Jo Malone London,Fragrance,Women,220.0,4.5536,13045,56.0,66.0
P417230,English Pear & Freesia Scent Surround Diffuser,Jo Malone London,Fragrance,Candles & Home Scents,105.0,3.6757,12750,37.0,31.5
P435343,Honeysuckle & Davana Cologne,Jo Malone London,Fragrance,Women,155.0,4.0106,12636,94.0,46.5
P467626,Scarlet Poppy Cologne Intense,Jo Malone London,Fragrance,Women,220.0,4.0851,12181,47.0,66.0
P417224,Peony & Blush Suede Candle,Jo Malone London,Fragrance,Candles & Home Scents,75.0,4.0,11220,16.0,22.5
P469125,Mini Luxuries Set,Jo Malone London,Fragrance,Value & Gift Sets,50.0,2.6923,10681,13.0,15.0
P417193,Oud & Bergamot Cologne Intense,Jo Malone London,Fragrance,Women,220.0,4.3947,10012,38.0,66.0
P417186,Lime Basil & Mandarin Cologne,Jo Malone London,Fragrance,Women,155.0,3.4167,9998,72.0,46.5
P448108,Poppy & Barley Cologne,Jo Malone London,Fragrance,Women,145.0,4.4474,9658,76.0,43.5
P429419,Jasmine Sambac & Marigold Cologne Intense,Jo Malone London,Fragrance,Women,220.0,4.52,9381,50.0,66.0
P417232,Red Roses Scent Surround Diffuser,Jo Malone London,Fragrance,Candles & Home Scents,105.0,4.2439,9065,41.0,31.5
P417189,Basil & Neroli Cologne,Jo Malone London,Fragrance,Women,155.0,4.4912,8671,57.0,46.5
P417221,Wood Sage & Sea Salt Candle,Jo Malone London,Fragrance,Candles & Home Scents,75.0,3.8235,8321,17.0,22.5
P461942,Fig & Lotus Flower Cologne,Jo Malone London,Fragrance,Women,145.0,4.0227,7960,44.0,43.5
P417222,English Pear & Freesia Candle,Jo Malone London,Fragrance,Candles & Home Scents,75.0,3.0526,7804,19.0,22.5
P503749,Wood Sage & Sea Salt Cologne Travel Spray,Jo Malone London,Fragrance,Women,24.0,4.0,7271,2.0,7.2
P463462,Vitamin E Lip Conditioner Balm,Jo Malone London,Makeup,Lip,38.0,4.0667,6996,15.0,15.96
P422439,English Oak & Hazelnut Cologne,Jo Malone London,Fragrance,Women,155.0,4.2115,6950,52.0,46.5
P482013,Sea Daffodil Cologne,Jo Malone London,Fragrance,Women,150.0,3.75,6731,28.0,45.0
P417197,English Pear & Freesia Body & Hand Lotion,Jo Malone London,Bath & Body,Body Moisturizers,65.0,4.0909,6537,11.0,26.0
P502036,Rose Blush Cologne,Jo Malone London,Fragrance,Women,110.0,4.2857,6422,7.0,33.0
P475117,Mini Candle Collection,Jo Malone London,Fragrance,Candles & Home Scents,90.0,2.5,5831,6.0,27.0
P504442,Rose Water and Vanilla Cologne Intense,Jo Malone London,Fragrance,Women,110.0,3.4,5761,30.0,33.0
P501349,Holiday Cologne Collection Set,Jo Malone London,Fragrance,Value & Gift Sets,115.0,3.3333,5749,3.0,34.5
P417229,Lime Basil & Mandarin Scent Surround Diffuser,Jo Malone London,Fragrance,Candles & Home Scents,105.0,4.0588,5433,17.0,31.5
P502006,Mini Essentials Set,Jo Malone London,Fragrance,Value & Gift Sets,38.0,1.5,5227,2.0,11.4
P417212,Peony & Blush Suede Body Crème,Jo Malone London,Bath & Body,Body Moisturizers,90.0,4.4706,5073,17.0,36.0
P417211,Wood Sage & Sea Salt Body Crème,Jo Malone London,Bath & Body,Body Moisturizers,90.0,3.6667,4927,18.0,36.0
P417198,Nectarine Blossom & Honey Body & Hand Lotion,Jo Malone London,Bath & Body,Body Moisturizers,65.0,4.0714,4761,14.0,26.0
P482014,Silk Blossom Cologne,Jo Malone London,Fragrance,Women,150.0,4.0,4639,4.0,45.0
P501999,Red Roses Cologne,Jo Malone London,Fragrance,Women,110.0,4.25,4462,8.0,33.0
P482015,Bitter Mandarin Cologne,Jo Malone London,Fragrance,Women,150.0,3.9,4399,20.0,45.0
P417199,Orange Blossom Body & Hand Lotion,Jo Malone London,Bath & Body,Body Moisturizers,65.0,3.9167,4162,12.0,26.0
P417215,English Pear & Freesia Body Crème,Jo Malone London,Bath & Body,Body Moisturizers,90.0,4.3846,4114,13.0,36.0
P417213,Nectarine Blossom & Honey Body Crème,Jo Malone London,Bath & Body,Body Moisturizers,90.0,4.5,4100,14.0,36.0
P448101,Peony & Blush Suede Diffuser,Jo Malone London,Fragrance,Candles & Home Scents,105.0,3.5556,3974,9.0,31.5
P417218,Lime Basil & Mandarin Candle,Jo Malone London,Fragrance,Candles & Home Scents,75.0,3.5833,3839,12.0,22.5
P417228,Red Roses Travel Candle,Jo Malone London,Fragrance,Candles & Home Scents,38.0,3.0,3603,7.0,11.4
P417200,Lime Basil & Mandarin Body & Hand Lotion,Jo Malone London,Bath & Body,Body Moisturizers,65.0,4.1111,3545,9.0,26.0
P469884,Yellow Hibiscus Cologne,Jo Malone London,Fragrance,Women,144.0,3.9167,3460,12.0,43.2
P452820,Grapefruit Cologne,Jo Malone London,Fragrance,Women,80.0,3.5294,3334,17.0,24.0
P417225,Orange Blossom Candle,Jo Malone London,Fragrance,Candles & Home Scents,75.0,3.9167,3302,12.0,22.5
P503306,Christmas Cracker Gift Set,Jo Malone London,Fragrance,Value & Gift Sets,48.0,,3149,,14.4
P463463,Vitamin E Nourishing Hand Treatment Cream,Jo Malone London,Bath & Body,Body Moisturizers,65.0,5.0,3144,6.0,26.0
P466124,English Pear & Freesia Travel Candle,Jo Malone London,Fragrance,Candles & Home Scents,38.0,2.8,3125,5.0,11.4
P417201,Blackberry & Bay Body & Hand Lotion,Jo Malone London,Bath & Body,Body Moisturizers,65.0,4.125,2717,8.0,26.0
P417210,Mimosa & Cardamom Body Crème,Jo Malone London,Bath & Body,Body Moisturizers,90.0,4.4,2552,10.0,36.0
P417214,Orange Blossom Body Crème,Jo Malone London,Bath & Body,Body Moisturizers,90.0,4.0909,2550,11.0,36.0
P425814,Peony & Blush Suede Body & Hand Lotion,Jo Malone London,Bath & Body,Body Moisturizers,65.0,3.0,2540,9.0,26.0
P417220,Mimosa & Cardamom Candle,Jo Malone London,Fragrance,Candles & Home Scents,75.0,3.7143,2472,7.0,22.5
P468152,Mini Wood Sage & Sea Salt Body Crème,Jo Malone London,Bath & Body,Body Moisturizers,38.0,3.6667,2080,18.0,15.2
P468154,Mini Peony & Blush Suede Body Crème,Jo Malone London,Bath & Body,Body Moisturizers,38.0,4.4706,1990,17.0,15.2
P427381,Red Roses Body Crème,Jo Malone London,Bath & Body,Body Moisturizers,90.0,4.0,1911,10.0,36.0
P461943,Cypress & Grapevine Cologne Intense,Jo Malone London,Fragrance,Women,145.0,4.1667,1816,6.0,43.5
P468153,Mini English Pear & Freesia Body Crème,Jo Malone London,Bath & Body,Body Moisturizers,38.0,3.3333,1799,3.0,15.2
P466125,Lime Basil & Mandarin Travel Candle,Jo Malone London,Fragrance,Candles & Home Scents,38.0,,1618,,11.4
P501800,Limited Edition English Pear & Freesia Cologne,Jo Malone London,Fragrance,Women,80.0,5.0,1502,3.0,24.0
P452818,Red Roses Candle,Jo Malone London,Fragrance,Candles & Home Scents,75.0,4.2,1498,5.0,22.5
P435342,Honeysuckle & Davana Candle,Jo Malone London,Fragrance,Candles & Home Scents,75.0,4.0,1453,7.0,22.5
P447134,Wild Bluebell Candle,Jo Malone London,Fragrance,Candles & Home Scents,75.0,5.0,1436,2.0,22.5
P482016,Nectarine Blossom & Honey Diffuser,Jo Malone London,Fragrance,Candles & Home Scents,105.0,4.5,1418,2.0,31.5
P447132,Nectarine Blossom & HoneyCandle,Jo Malone London,Fragrance,Candles & Home Scents,75.0,3.6667,1396,6.0,22.5
P505241,Osmanthus Blossom,Jo Malone London,Fragrance,Women,158.0,,1133,,47.4
P505254,Nashi Blossom,Jo Malone London,Fragrance,Women,158.0,,1117,,47.4
P502056,Rose Blush Candle,Jo Malone London,Fragrance,Candles & Home Scents,75.0,,1091,,22.5
P417216,Lime Basil & Mandarin Body Crème,Jo Malone London,Bath & Body,Body Moisturizers,90.0,3.5,1046,6.0,36.0
P468157,Lime Basil & Madarin Soap,Jo Malone London,Bath & Body,Bath & Shower,30.0,4.0,1018,2.0,12.0
P479635,Special-Edition Red Roses Candle,Jo Malone London,Fragrance,Candles & Home Scents,70.0,3.0,970,1.0,21.0
P468155,Mini Lime Basil & Mandarin Body Crème,Jo Malone London,Bath & Body,Body Moisturizers,38.0,5.0,805,1.0,15.2
P468156,English Pear & Freesia Soap,Jo Malone London,Bath & Body,Bath & Shower,30.0,3.0,757,2.0,12.0
P452819,Grapefruit Candle,Jo Malone London,Fragrance,Candles & Home Scents,155.0,3.5,674,2.0,46.5
P436284,Peony & Blush Suede Travel Candle,Jo Malone London,Fragrance,Candles & Home Scents,38.0,,604,,11.4
P505245,Star Magnolia Blossom,Jo Malone London,Fragrance,Women,158.0,,597,,47.4
P505242,Mini Blossoms Travel Spray Trio Set,Jo Malone London,Fragrance,Value & Gift Sets,80.0,1.0,556,2.0,24.0
P505271,Silk Blossom Diffuser,Jo Malone London,Fragrance,Candles & Home Scents,105.0,,73,,31.5
P218700,100 percent Pure Argan Oil,Josie Maran,Skincare,Moisturizers,49.0,4.4998,134089,7763.0,18.62
P283501,Argan Cleansing Oil,Josie Maran,Skincare,Moisturizers,36.0,4.0524,29027,2023.0,13.68
P287700,Whipped Argan Oil Body Butter,Josie Maran,Bath & Body,Body Moisturizers,38.0,4.5084,107804,2134.0,15.2
P404338,Whipped Argan Oil Face Butter,Josie Maran,Skincare,Moisturizers,45.0,4.1421,40417,1393.0,17.1
P377570,Argan Infinity Cream Intensive Creamy Oil,Josie Maran,Skincare,Moisturizers,28.0,4.5163,33244,1197.0,10.64
P384780,Pure Argan Milk Intensive Hydrating Treatment,Josie Maran,Skincare,Treatments,56.0,4.068,39408,1088.0,21.28
P407445,Vibrancy Argan Oil Foundation Fluid,Josie Maran,Makeup,Face,45.0,3.81,56306,1695.0,18.9
P454084,Argan Beta Retinol Pink Algae Serum,Josie Maran,Skincare,Treatments,69.0,4.4132,15095,760.0,26.22
P458900,Pineapple Enzyme Pore Clearing Cleanser,Josie Maran,Skincare,Cleansers,29.0,4.2437,16013,677.0,11.02
P471043,Argan Pro-Retinol Eye Cream,Josie Maran,Skincare,Eye Care,42.0,4.4774,27604,641.0,15.96
P446641,Argan Bright Skin Vitamin C Serum,Josie Maran,Skincare,Treatments,66.0,4.3955,12342,531.0,25.08
P425901,Mini 100 percent Pure Argan Oil,Josie Maran,Mini Size,Skincare,18.0,4.3975,28599,244.0,8.1
P394124,Argan Daily Moisturizer Tinted SPF 47 Protect + Perfect,Josie Maran,Skincare,Sunscreen,38.0,4.0123,20882,487.0,14.44
P468161,Whipped Argan Pro-Retinol Body Butter,Josie Maran,Bath & Body,Body Moisturizers,46.0,4.5763,25006,262.0,18.4
P434559,Vibrancy Argan Oil Full Coverage Concealer Fluid,Josie Maran,Makeup,Face,28.0,4.2905,19544,296.0,11.76
P504044,Pro-Retinol Megamoisture Face Cream,Josie Maran,Skincare,Moisturizers,54.0,4.7518,3498,278.0,20.52
P482269,Get Even Sun Milk SPF 33,Josie Maran,Skincare,Sunscreen,46.0,4.6917,6781,266.0,17.48
P223416,Bear Naked Wipes,Josie Maran,Makeup,Accessories,12.0,4.1192,12584,1309.0,5.04
P425900,Mini Bear Naked Wipes,Josie Maran,Mini Size,Skincare,12.0,3.8611,10489,108.0,5.4
P480175,"Intensive Daily Repair Body Butter for Eczema, Extra Dry, and Sensitive Skin",Josie Maran,Bath & Body,Body Moisturizers,46.0,4.8418,8645,158.0,18.4
P444042,Whipped Argan Oil SPF 45 Body Butter,Josie Maran,Bath & Body,Body Moisturizers,42.0,3.75,5174,44.0,16.8
P500500,Mini Get Even Sun Milk SPF 33,Josie Maran,Mini Size,Skincare,17.0,4.4,3627,5.0,7.65
P503123,Smooth Like Butter Kit,Josie Maran,Skincare,Value & Gift Sets,30.0,4.5,5990,10.0,11.4
P436742,Essential High Coverage Liquid Concealer,Jouer Cosmetics,Makeup,Face,25.0,4.0403,56923,397.0,10.5
P434021,Blush Bouquet Duo Blush Palette,Jouer Cosmetics,Makeup,Cheek,33.0,4.5971,51350,278.0,13.86
P434015,Essential High Coverage Crème Foundation,Jouer Cosmetics,Makeup,Face,38.0,3.2583,30215,360.0,15.96
P434022,Powder Highlighter,Jouer Cosmetics,Makeup,Face,25.0,4.2041,27408,147.0,10.5
P448510,Essential Lip Enhancer Shine Balm,Jouer Cosmetics,Makeup,Lip,22.0,3.5205,26083,146.0,9.24
P454984,Essential High Coverage Concealer Pen,Jouer Cosmetics,Makeup,Face,24.0,3.7568,22400,74.0,10.08
P443567,Soft Focus Hydrate + Set Powder,Jouer Cosmetics,Makeup,Face,32.0,3.9898,20780,98.0,13.44
P475118,"Bloom, Bronze & Glow Bronzer & Highlighter Duo",Jouer Cosmetics,Makeup,Cheek,32.0,4.36,15500,50.0,13.44
P447156,Rose Gold Blush Bouquet Dual Blush Palette Mini,Jouer Cosmetics,Makeup,Cheek,19.0,4.1667,13046,54.0,7.98
P463464,Blush & Bloom Cheek + Lip Duo,Jouer Cosmetics,Makeup,Cheek,32.0,4.2333,12268,30.0,13.44
P481715,Essential Lip Enhancer,Jouer Cosmetics,Makeup,Lip,17.0,4.4,7816,20.0,7.14
P451644,Essential Lip Care Duo,Jouer Cosmetics,Makeup,Lip,25.0,4.1212,7148,33.0,10.5
P472817,Blush & Bloom Cheek + Lip Duo- French Riviera,Jouer Cosmetics,Makeup,Cheek,32.0,4.7692,5637,13.0,13.44
P502307,Mini Blush & Bloom Cheek and Lip Tint Set,Jouer Cosmetics,Mini Size,Value & Gift Sets,34.0,3.5,5122,4.0,15.3
P480311,Mini Hydrate + Repair Moisture Face Mist with Blue Light Protection,Jouer Cosmetics,Makeup,Face,20.0,2.6667,2537,3.0,8.4
P480310,Hydrate + Repair Moisture Face Mist with Blue Light Protection,Jouer Cosmetics,Makeup,Face,35.0,3.3333,2274,12.0,14.7
P219412,Viva La Juicy,Juicy Couture,Fragrance,Women,86.0,4.6492,53112,1625.0,25.8
P377519,Viva La Juicy Rollerball,Juicy Couture,Fragrance,Women,27.0,4.5952,19185,84.0,8.1
P387939,Viva La Juicy Gold Couture,Juicy Couture,Fragrance,Women,86.0,4.5679,15139,162.0,25.8
P381110,Viva La Juicy Noir,Juicy Couture,Fragrance,Women,106.0,4.5769,11285,130.0,31.8
P395313,Not A Perfume,Juliette Has a Gun,Fragrance,Women,140.0,3.9766,80331,2005.0,42.0
P408989,Not A Perfume Travel Spray,Juliette Has a Gun,Fragrance,Women,30.0,3.9766,67306,2005.0,9.0
P445401,Vanilla Vibes,Juliette Has a Gun,Fragrance,Women,140.0,4.0963,23921,436.0,42.0
P470219,PEAR INC.,Juliette Has a Gun,Fragrance,Women,140.0,4.0852,20914,399.0,42.0
P501813,Mini Bestselling Not A Perfume Set,Juliette Has a Gun,Fragrance,Value & Gift Sets,30.0,3.963,16964,27.0,9.0
P445402,Vanilla Vibes Travel Spray,Juliette Has a Gun,Fragrance,Women,30.0,4.1688,16904,160.0,9.0
P500034,Not a Perfume Sampler Set,Juliette Has a Gun,Fragrance,Value & Gift Sets,28.0,3.3125,15985,32.0,8.4
P470220,PEAR INC. Travel Spray,Juliette Has a Gun,Fragrance,Women,30.0,4.0852,15212,399.0,9.0
P412535,MMMM…,Juliette Has a Gun,Fragrance,Women,140.0,4.2127,13506,315.0,42.0
P412676,MMMM… Travel Spray,Juliette Has a Gun,Fragrance,Women,30.0,4.4331,11389,127.0,9.0
P431232,Moscow Mule,Juliette Has a Gun,Fragrance,Women,140.0,3.519,10409,158.0,42.0
P482682,Magnolia Bliss Eau de Parfum,Juliette Has a Gun,Fragrance,Women,140.0,4.2788,9567,226.0,42.0
P395315,Universal Purse Spray,Juliette Has a Gun,Fragrance,Women,35.0,3.9167,9320,72.0,10.5
P395311,Lady Vengeance,Juliette Has a Gun,Fragrance,Women,140.0,4.3111,9227,90.0,42.0
P502369,Essential Wardrobe Eau de Parfum Set,Juliette Has a Gun,Fragrance,Value & Gift Sets,50.0,4.0,7224,3.0,15.0
P458630,Not A Perfume Superdose Travel Spray,Juliette Has a Gun,Fragrance,Women,32.0,3.016,6962,125.0,9.6
P408988,Lady Vengeance Travel Spray,Juliette Has a Gun,Fragrance,Women,30.0,4.4359,6917,39.0,9.0
P458629,Not A Perfume Superdose,Juliette Has a Gun,Fragrance,Women,155.0,3.2035,6757,172.0,46.5
P482683,Magnolia Bliss Eau de Parfum Travel Spray,Juliette Has a Gun,Fragrance,Women,30.0,4.2564,6527,39.0,9.0
P423770,Sunny Side Up Travel Spray,Juliette Has a Gun,Fragrance,Women,30.0,4.1944,5370,72.0,9.0
P423771,Sunny Side Up,Juliette Has a Gun,Fragrance,Women,140.0,3.9907,5313,108.0,42.0
P405279,Another Oud,Juliette Has a Gun,Fragrance,Women,150.0,4.4737,5159,38.0,45.0
P469132,Musc Invisible,Juliette Has a Gun,Fragrance,Women,140.0,4.0571,4626,35.0,42.0
P461945,Lipstick Fever Eau de Parfum,Juliette Has a Gun,Fragrance,Women,140.0,3.7755,4508,49.0,42.0
P454540,Not A Hair & Body Mist,Juliette Has a Gun,Fragrance,Women,58.0,3.4286,4460,21.0,17.4
P395309,Mad Madame,Juliette Has a Gun,Fragrance,Women,145.0,4.1429,3908,35.0,43.5
P454539,Not A Hand Cream,Juliette Has a Gun,Bath & Body,Body Moisturizers,24.0,4.0588,3441,34.0,9.6
P461946,Mini Lipstick Fever Eau de Parfum Travel Spray,Juliette Has a Gun,Fragrance,Women,30.0,3.8261,3302,23.0,9.0
P469133,Musc Invisible Travel Spray,Juliette Has a Gun,Fragrance,Women,30.0,4.0571,3032,35.0,9.0
P476865,Lili Fantasy Eau de Parfum,Juliette Has a Gun,Fragrance,Women,140.0,3.7778,2029,9.0,42.0
P476866,Lili Fantasy Eau de Parfum Travel Spray,Juliette Has a Gun,Fragrance,Women,30.0,2.4,1553,10.0,9.0
P431233,Moscow Mule Travel Spray,Juliette Has a Gun,Fragrance,Women,30.0,3.8,0,10.0,9.0
P476441,Complete Pre-Wash Scalp &HairStrengthening TreatmentOil,JVN,Hair,Hair Styling & Treatments,29.0,4.2662,66280,650.0,13.05
P479464,Complete Nourishing Hair Oil Shine Drops,JVN,Hair,Hair Styling & Treatments,24.0,4.4536,51372,959.0,10.8
P476438,Complete Hydrating Air Dry Hair Cream,JVN,Hair,Hair Styling & Treatments,26.0,4.2789,39342,1090.0,11.7
P501186,Complete Blowout Styling Milk,JVN,Hair,Hair Styling & Treatments,29.0,4.6331,34585,913.0,13.05
P476440,Complete Instant Recovery Heat Protectant Leave-In Serum,JVN,Hair,Hair Styling & Treatments,29.0,4.4726,26188,493.0,13.05
P503813,Embody Volumizing Hair  Foam,JVN,Hair,Hair Styling & Treatments,29.0,3.6393,19738,122.0,13.05
P500628,Complete Leave-In Conditioning Mist,JVN,Hair,Hair Styling & Treatments,21.0,4.3348,14309,230.0,9.45
P500882,Mini Complete Hydrating Air Dry Hair Cream,JVN,Hair,Hair Styling & Treatments,12.0,3.3478,11632,46.0,5.4
P476453,Embody Daily Volumizing Shampoo,JVN,Hair,Shampoo & Conditioner,21.0,3.8042,10703,143.0,9.45
P479969,Complete Hydration Hair Set,JVN,Hair,Value & Gift Sets,24.0,3.2826,10396,92.0,10.8
P476531,Nurture Hydrating Shampoo,JVN,Hair,Shampoo & Conditioner,21.0,3.5661,9632,189.0,9.45
P476530,Nurture Hydrating Conditioner,JVN,Hair,Shampoo & Conditioner,21.0,3.9655,8568,116.0,9.45
P476529,Nurture Deep Moisture Mask,JVN,Hair,Hair Styling & Treatments,24.0,3.7444,8161,90.0,10.8
P500846,Mini Complete Leave-In Conditioning Mist,JVN,Hair,Hair Styling & Treatments,12.0,4.3348,6970,230.0,5.4
P476452,Embody Daily Volumizing Conditioner,JVN,Hair,Shampoo & Conditioner,21.0,3.7089,6463,79.0,9.45
P476577,Undamage Strengthening Shampoo,JVN,Hair,Shampoo & Conditioner,21.0,3.9175,6398,97.0,9.45
P476576,Undamage Strengthening Conditioner,JVN,Hair,Shampoo & Conditioner,21.0,4.0263,6132,76.0,9.45
P479847,Mini Leave-In Molecular Repair Hair Mask,K18 Biomimetic Hairscience,Hair,Hair Styling & Treatments,29.0,4.2902,103695,3105.0,13.05
P479846,Leave-In Molecular Repair Hair Mask,K18 Biomimetic Hairscience,Hair,Hair Styling & Treatments,75.0,4.2902,102418,3105.0,33.75
P501449,PEPTIDE PREP Clarifying Detox Shampoo,K18 Biomimetic Hairscience,Hair,Shampoo & Conditioner,38.0,4.7944,24418,603.0,17.1
P501500,PEPTIDE PREP pH Maintenance Shampoo,K18 Biomimetic Hairscience,Hair,Shampoo & Conditioner,36.0,4.7552,20794,286.0,16.2
P504132,Mini PEPTIDE PREP Clarifying Detox Shampoo,K18 Biomimetic Hairscience,Mini Size,Hair,14.0,4.875,7509,8.0,6.3
P436148,Eye Bento Bouncy Eyeshadow Trio,Kaja,Makeup,Eye,26.0,4.5255,334894,1745.0,10.92
P439943,Heart Melter Lip Gloss Stick,Kaja,Makeup,Lip,19.0,4.2526,106968,293.0,7.98
P436152,Cheeky Stamp Blendable Blush,Kaja,Makeup,Cheek,27.0,4.2645,100568,1384.0,11.34
P443514,Moon Crystal Sparkling Eye Pigment,Kaja,Makeup,Eye,19.0,4.384,64030,862.0,7.98
P471556,"Face Bento Cream Bronzer, Powder Blush & Highlighter Sculpting Trio",Kaja,Makeup,Face,28.0,4.7352,61847,472.0,11.76
P481098,LOVE SWIPE Lightweight Cushiony Lip Mousse,Kaja,Makeup,Lip,21.0,4.5305,53218,213.0,8.82
P449090,Wink Stamp Original Waterproof Wing Eyeliner Stamp & Pen,Kaja,Makeup,Eye,29.0,4.3292,48711,2108.0,12.18
P436155,Mochi Glow Bouncy Highlighter,Kaja,Makeup,Face,21.0,4.0573,47352,576.0,8.82
P468163,Gloss Shot Hydrating Lip Gloss,Kaja,Makeup,Lip,19.0,4.6307,40311,176.0,7.98
P436156,Mochi Pop Bouncy Blush,Kaja,Makeup,Cheek,21.0,4.1589,34631,107.0,8.82
P504365,Jelly Charm Glazed Lip Stain & Blush With Keychain,Kaja,Makeup,Lip,25.0,4.3344,32957,305.0,10.5
P482684,Whipped Dream Multi-Eye & Cheek Color,Kaja,Makeup,Eye,21.0,4.7165,27102,194.0,8.82
P436154,Don't Settle Concealer,Kaja,Makeup,Face,19.0,4.3421,26448,304.0,7.98
P463306,Joystick Brightening Undereye Setting Powder,Kaja,Makeup,Face,20.0,3.1778,19097,45.0,8.4
P476697,Wink Lash Trio Mascara,Kaja,Makeup,Eye,30.0,4.3805,16713,389.0,12.6
P436151,Cat Nap Under Eye Brightener,Kaja,Makeup,Face,21.0,3.969,16376,129.0,8.82
P468164,Lip Bento Balm + Scrub,Kaja,Makeup,Lip,19.0,4.1375,13303,80.0,7.98
P472166,Love Beat Makeup Sponge,Kaja,Makeup,Brushes & Applicators,14.0,3.1111,11058,18.0,5.88
P501443,Wink Stamp Long Waterproof Wing Eyeliner Stamp & Pen,Kaja,Makeup,Eye,29.0,4.5385,8825,130.0,12.18
P462371,Mist Me Hydrating Face Mist,Kaja,Makeup,Face,17.0,4.0,5966,49.0,7.14
P504277,Face Stone Nourishing Solid Refillable Facial Oil with Tamanu + Blue Tansy,Kate McLeod,Skincare,Moisturizers,68.0,4.6567,1182,134.0,25.84
P500479,Mini Sex Stone Solid Body Moisturizer,Kate McLeod,Bath & Body,Body Care,12.0,4.7879,5122,99.0,4.8
P484051,Daily Stone Solid Body Moisturizer,Kate McLeod,Bath & Body,Body Moisturizers,45.0,4.6748,5089,206.0,18.0
P484052,Mini Daily Stone Solid Body Moisturizer,Kate McLeod,Bath & Body,Body Moisturizers,12.0,4.6748,4862,206.0,4.8
P500467,Mini Sleep Stone Solid Body Moisturizer,Kate McLeod,Mini Size,Bath & Body,12.0,4.7826,2769,92.0,5.4
P500486,Sex Stone Solid Body Moisturizer,Kate McLeod,Bath & Body,Body Care,45.0,4.7879,2555,99.0,18.0
P500498,Sleep Stone Solid Body Moisturizer,Kate McLeod,Bath & Body,Body Moisturizers,45.0,4.7826,1733,92.0,18.0
P500483,Mini Grounding Stone Solid Body Moisturizer,Kate McLeod,Mini Size,Bath & Body,12.0,4.7692,1693,78.0,5.4
P503553,Forest Stone Solid Refillable Body Moisturizer,Kate McLeod,Bath & Body,Body Moisturizers,45.0,5.0,1202,1.0,18.0
P500468,Grounding Stone Solid Body Moisturizer,Kate McLeod,Bath & Body,Body Moisturizers,45.0,4.7692,1177,78.0,18.0
P503576,The Travel Case,Kate McLeod,Tools & Brushes,Beauty Accessories,22.0,5.0,1060,1.0,11.0
P503917,Mini Forest Stone Solid Body Moisturizer,Kate McLeod,Bath & Body,Body Moisturizers,12.0,4.3333,939,3.0,4.8
P232903,EradiKate Acne Treatment,Kate Somerville,Skincare,Treatments,28.0,4.2243,93898,3152.0,10.64
P232915,ExfoliKate Intensive Pore Exfoliating Treatment,Kate Somerville,Skincare,Cleansers,98.0,4.4375,75332,2990.0,37.24
P425877,Mini ExfoliKate Intensive Pore Exfoliating Treatment,Kate Somerville,Mini Size,Skincare,28.0,4.4019,63250,413.0,12.6
P421276,ExfoliKate Glow Moisturizer,Kate Somerville,Skincare,Moisturizers,76.0,4.511,15906,1041.0,28.88
P404322,ExfoliKate Cleanser Daily Foaming Wash,Kate Somerville,Skincare,Cleansers,44.0,4.4494,62349,948.0,16.72
P232906,Oil Free Moisturizer,Kate Somerville,Skincare,Moisturizers,76.0,4.1489,17558,705.0,28.88
P415667,EradiKate Daily Cleanser Acne Treatment,Kate Somerville,Skincare,Treatments,44.0,4.2392,36518,623.0,16.72
P232910,Goat Milk Moisturizing Cream,Kate Somerville,Skincare,Moisturizers,76.0,4.0449,19623,623.0,28.88
P232907,Anti Bac Acne Clearing Lotion,Kate Somerville,Skincare,Treatments,56.0,4.4599,28025,611.0,21.28
P306941,DermalQuench Hyaluronic Acid Hydration Treatment,Kate Somerville,Skincare,Treatments,110.0,4.1824,9711,603.0,41.8
P377368,D-Scar Scar Diminishing Serum,Kate Somerville,Skincare,Treatments,56.0,4.0531,29199,414.0,21.28
P425882,Mini ExfoliKate� Cleanser Daily Foaming Wash,Kate Somerville,Mini Size,Skincare,22.0,4.3355,21018,155.0,9.9
P442867,Kx Active Concentrates Bio-Mimicking Peptides Serum,Kate Somerville,Skincare,Treatments,98.0,4.4297,6479,384.0,37.24
P415202,Wrinkle Warrior 2-in-1 Plumping Moisturizer + Serum,Kate Somerville,Skincare,Moisturizers,98.0,3.7075,19713,359.0,37.24
P457695,DeliKate Recovery Cream,Kate Somerville,Skincare,Moisturizers,76.0,4.4971,8961,350.0,28.88
P439927,Liquid ExfoliKate Triple Acid Resurfacing Treatment,Kate Somerville,Skincare,Treatments,72.0,4.3723,20613,282.0,27.36
P232902,Gentle Daily Wash,Kate Somerville,Skincare,Cleansers,44.0,4.1909,7501,220.0,16.72
P448932,+Retinol Vitamin C Moisturizer,Kate Somerville,Skincare,Moisturizers,110.0,4.2938,11055,177.0,41.8
P440305,Goat Milk Moisturizing Cleanser,Kate Somerville,Skincare,Cleansers,44.0,4.5575,16803,174.0,16.72
P457697,DeliKate Recovery Serum,Kate Somerville,Skincare,Treatments,98.0,4.641,8729,156.0,37.24
P457696,DeliKate Soothing Cleanser,Kate Somerville,Skincare,Cleansers,44.0,4.1875,4060,144.0,16.72
P411881,Retinol Firming Eye Cream,Kate Somerville,Skincare,Eye Care,98.0,3.4462,17127,130.0,37.24
P470535,"KateCeuticals Resurfacing Overnight Peel with Glycolic Acid, Retinol & Niacinamide",Kate Somerville,Skincare,Treatments,98.0,4.7377,6963,122.0,37.24
P436365,+Retinol Vita C Power Serum,Kate Somerville,Skincare,Treatments,110.0,3.5041,8879,121.0,41.8
P412117,Dry Skin Saver,Kate Somerville,Skincare,Moisturizers,56.0,4.3009,12883,113.0,21.28
P433468,EradiKate Salicylic Acid Acne Treatment,Kate Somerville,Skincare,Treatments,68.0,4.1143,8230,105.0,25.84
P469111,KateCeuticals Lifting Eye Cream,Kate Somerville,Skincare,Eye Care,140.0,4.6354,3993,96.0,53.2
P471045,Daily Deflector Mineral Sunscreen SPF 40  PA++++,Kate Somerville,Skincare,Sunscreen,54.0,4.4149,2924,94.0,20.52
P469112,KateCeuticals Total Repair Cream,Kate Somerville,Skincare,Moisturizers,140.0,4.7143,2129,91.0,53.2
P421271,Wrinkle Warrior Eye Gel Visible Dark Circle Eraser,Kate Somerville,Skincare,Eye Care,76.0,3.0667,4822,90.0,28.88
P502200,HydraKate Recharging Serum with Hyaluronic Acid,Kate Somerville,Skincare,Treatments,78.0,4.764,1808,89.0,29.64
P479701,EradiKate Acne Mark Fading Gel with Salicylic Acid,Kate Somerville,Skincare,Treatments,68.0,4.7011,4497,87.0,25.84
P382356,Age Arrest Anti-Wrinkle Cream,Kate Somerville,Skincare,Moisturizers,98.0,4.0349,6101,86.0,37.24
P502197,HydraKate Recharging Water Cream Moisturizer,Kate Somerville,Skincare,Moisturizers,76.0,4.8256,3226,86.0,28.88
P469110,KateCeuticals Firming Serum with Hyaluronic Acid,Kate Somerville,Skincare,Treatments,110.0,4.8765,2724,81.0,41.8
P479703,EradiKate Clarifying Acne Gel Cleanser with Salicylic Acid,Kate Somerville,Skincare,Treatments,44.0,4.6709,2655,79.0,16.72
P467028,Glow In A Wink ExfoliKate Bestsellers Set,Kate Somerville,Skincare,Value & Gift Sets,72.0,4.9067,3372,75.0,27.36
P404232,DermalQuench +Retinol Advanced Resurfacing Treatment,Kate Somerville,Skincare,Treatments,110.0,4.0541,8412,74.0,41.8
P232920,Line Release Under Eye Repair Cream,Kate Somerville,Skincare,Eye Care,140.0,3.9143,4556,70.0,53.2
P481355,ExfoliKate  Resurfacing Body Scrub,Kate Somerville,Bath & Body,Bath & Shower,56.0,4.672,5962,125.0,22.4
P383308,Age Arrest Eye Cream,Kate Somerville,Skincare,Eye Care,98.0,3.7451,4568,51.0,37.24
P460511,Mini Liquid ExfoliKate Triple Acid Resurfacing Treatment,Kate Somerville,Skincare,Mini Size,24.0,4.1176,8596,17.0,9.12
P500124,EradiKate Try-Me-Kit,Kate Somerville,Skincare,Value & Gift Sets,49.0,4.0,1311,4.0,18.62
P502195,DelIKate Try Me Kit,Kate Somerville,Skincare,Value & Gift Sets,49.0,5.0,1959,3.0,18.62
P502186,Retinol Try Me Kit,Kate Somerville,Skincare,Value & Gift Sets,59.0,3.0,628,2.0,22.42
P500155,ExfoliKate All Over Glow Kit,Kate Somerville,Skincare,Value & Gift Sets,115.0,5.0,1243,1.0,43.7
P439406,VANILLA | 28,KAYALI,Fragrance,Women,125.0,3.8714,107686,964.0,37.5
P468450,VANILLA | 28 Travel Spray,KAYALI,Fragrance,Women,25.0,3.8714,73671,964.0,7.5
P503601,Discovery Sampler Set,KAYALI,Fragrance,Value & Gift Sets,25.0,3.6066,45869,61.0,7.5
P501018,LOVEFEST BURNING CHERRY | 48,KAYALI,Fragrance,Women,125.0,3.8703,37609,424.0,37.5
P479717,EDEN JUICY APPLE | 01,KAYALI,Fragrance,Women,125.0,3.8497,36431,539.0,37.5
P479718,EDEN JUICY APPLE  | 01 Travel Spray,KAYALI,Fragrance,Women,25.0,3.8497,34928,539.0,7.5
P473710,UTOPIA VANILLA COCO | 21,KAYALI,Fragrance,Women,100.0,3.6014,32964,138.0,30.0
P500987,Lovefest Burning Cherry | 48 Travel Spray,KAYALI,Fragrance,Women,25.0,3.8703,27567,424.0,7.5
P474954,UTOPIA VANILLA COCO | 21 Travel Spray,KAYALI,Fragrance,Women,25.0,3.5781,27192,64.0,7.5
P474055,INVITE ONLY AMBER | 23,KAYALI,Fragrance,Women,138.0,3.4807,19813,181.0,41.4
P502074,Vanilla Royale Sugared Patchouli | 64 Eau de Parfum Intense,KAYALI,Fragrance,Women,100.0,3.8174,19268,115.0,30.0
P468826,SWEET DIAMOND PINK PEPPER  | 25,KAYALI,Fragrance,Women,100.0,3.9254,19197,134.0,30.0
P502088,Vanilla Royale Sugared Patchouli | 64 Eau de Parfum Intense Travel Spray,KAYALI,Fragrance,Women,25.0,3.5455,17969,66.0,7.5
P474056,INVITE ONLY AMBER | 23  Travel Spray,KAYALI,Fragrance,Women,27.0,2.8667,16827,60.0,8.1
P455258,DÉJÀ VU WHITE FLOWER | 57,KAYALI,Fragrance,Women,125.0,4.1419,16488,148.0,37.5
P439404,ELIXIR | 11,KAYALI,Fragrance,Women,125.0,3.7491,16111,279.0,37.5
P472036,SWEET DIAMOND PINK PEPPER  | 25 Travel Spray,KAYALI,Fragrance,Women,27.0,3.9254,14810,134.0,8.1
P439405,MUSK | 12,KAYALI,Fragrance,Women,25.0,3.8053,14633,226.0,7.5
P468446,DÉJÀ VU WHITE FLOWER | 57 Travel Spray,KAYALI,Fragrance,Women,27.0,4.1419,13646,148.0,8.1
P468448,MUSK | 12 Travel Spray,KAYALI,Fragrance,Women,25.0,3.8053,13598,226.0,7.5
P463451,VANILLA | 28 & MUSK | 12 Doublesided Travel Rollerball,KAYALI,Fragrance,Women,27.0,4.2295,13051,61.0,8.1
P501260,Vanilla Juicy Apple Set,KAYALI,Fragrance,Value & Gift Sets,85.0,3.7083,12863,24.0,25.5
P503670,Travel Spray Trio Set,KAYALI,Fragrance,Value & Gift Sets,55.0,4.4286,12085,14.0,16.5
P478278,SWEET DIAMOND | 25 & UTOPIA VANILLA COCO | 21 Double Rollerball,KAYALI,Fragrance,Women,27.0,3.8,11615,20.0,8.1
P462863,DÉJÀ VU WHITE FLOWER Hair Mist,KAYALI,Fragrance,Women,43.0,4.3137,10153,51.0,12.9
P439403,CITRUS | 08,KAYALI,Fragrance,Women,125.0,4.0253,8240,158.0,37.5
P505421,YUM PISTACHIO GELATO | 33 EDP INTENSE,KAYALI,Fragrance,Women,138.0,4.1625,8236,160.0,41.4
P476689,INVITE ONLY AMBER | 23 & DÉJÀ VU WHITE FLOWER | 57 Double Rollerball,KAYALI,Fragrance,Women,27.0,4.1667,6827,18.0,8.1
P434411,Elixir Ultime Hydrating Hair Oil Serum,Kérastase,Hair,Hair Styling & Treatments,54.0,4.442,87771,914.0,24.3
P446354,Mini Elixir Ultime Hydrating Hair Oil Serum,Kérastase,Hair,Hair Styling & Treatments,26.0,4.442,67121,914.0,11.7
P446338,Nutritive 8H Magic Night Serum Hydrating Treatment,Kérastase,Hair,Hair Styling & Treatments,59.0,4.3376,64023,773.0,26.55
P434402,Nutritive Heat Protecting Leave-In Treatment For Dry Hair,Kérastase,Hair,Hair Styling & Treatments,45.0,4.6966,40523,323.0,20.25
P434431,Resistance Heat Protecting Leave In Treatment for Damaged Hair,Kérastase,Hair,Hair Styling & Treatments,45.0,4.5758,32083,363.0,20.25
P434428,Resistance Strengthening Shampoo for Damaged Hair,Kérastase,Hair,Shampoo & Conditioner,38.0,3.9938,30860,161.0,17.1
P434423,Initialiste Strengthening & Volumizing Advanced Scalp & Hair Serum,Kérastase,Hair,Hair Styling & Treatments,58.0,3.8,29024,120.0,26.1
P441845,Blond Absolu Anti-Brass Purple Shampoo,Kérastase,Hair,Shampoo & Conditioner,40.0,4.3528,27728,377.0,18.0
P434440,Densifique Thickening Shampoo for Thinning Hair,Kérastase,Hair,Shampoo & Conditioner,40.0,3.9861,27197,216.0,18.0
P461173,Blond Absolu Overnight Recovery Treatment for Lightened Hair,Kérastase,Hair,Hair Styling & Treatments,59.0,4.3333,26396,417.0,26.55
P479848,Chroma Absolu High Shine Gloss Treatment for Color-Treated Hair,Kérastase,Hair,Hair Styling & Treatments,55.0,4.4069,25953,231.0,24.75
P434429,Resistance Strengthening Conditioner for Damaged Hair,Kérastase,Hair,Shampoo & Conditioner,42.0,4.1678,25520,143.0,18.9
P434435,Resistance Hair Serum for Extremely Damaged Hair,Kérastase,Hair,Hair Styling & Treatments,45.0,4.2835,25105,127.0,20.25
P441847,Blond Absolu Strengthening Conditioner,Kérastase,Hair,Shampoo & Conditioner,46.0,4.5422,24080,166.0,20.7
P441848,Blond Absolu Heat Protecting Leave-In Treatment for Blonde Hair,Kérastase,Hair,Hair Styling & Treatments,45.0,4.6127,20738,173.0,20.25
P447573,Mini Resistance Heat Protecting Leave In Treatment for Damaged Hair,Kérastase,Hair,Hair Styling & Treatments,24.0,4.0,19734,16.0,10.8
P434406,Nutritive Mask for Severely Dry Hair,Kérastase,Hair,Hair Styling & Treatments,63.0,4.4854,19333,103.0,28.35
P434436,Resistance Strengthening Shampoo for Damaged Lengths and Split Ends,Kérastase,Hair,Shampoo & Conditioner,40.0,3.6049,18836,81.0,18.0
P434413,Discipline Sulfate-Free Smoothing Shampoo for Frizzy Hair,Kérastase,Hair,Shampoo & Conditioner,40.0,4.0593,18190,118.0,18.0
P441844,Blond Absolu Anti-Brass Purple Hair Mask,Kérastase,Hair,Hair Styling & Treatments,68.0,4.1136,17597,132.0,30.6
P434417,Discipline Anti-Frizz Smoothing Spray,Kérastase,Hair,Hair Styling & Treatments,45.0,4.1013,17384,79.0,20.25
P434418,Discipline Heat Protecting Leave-In Treatment For Frizzy Hair,Kérastase,Hair,Hair Styling & Treatments,45.0,4.4511,17340,184.0,20.25
P454999,Genesis Strengthening Serum for Hair and Scalp,Kérastase,Hair,Hair Styling & Treatments,58.0,3.9023,17340,133.0,26.1
P441846,Blond Absolu Hydrating Illuminating Shampoo,Kérastase,Hair,Shampoo & Conditioner,40.0,4.1585,16765,164.0,18.0
P434430,Resistance Strengthening Hair Mask for Damaged Hair,Kérastase,Hair,Hair Styling & Treatments,63.0,4.0891,16071,101.0,28.35
P434439,Resistance Strengthening Scalp & Hair Serum for Damaged Hair,Kérastase,Hair,Hair Styling & Treatments,58.0,4.0,15733,32.0,26.1
P449767,Energizing Scrub: Purifying Scrub for Oily Scalp,Kérastase,Hair,Hair Styling & Treatments,56.0,4.5328,14839,122.0,25.2
P466882,Chronologiste Heat Protecting Leave-In Treatment for Dull and Brittle Hair,Kérastase,Hair,Hair Styling & Treatments,54.0,4.5754,14712,179.0,24.3
P468828,Blond Absolu Strengthening Hair Mask for Very Damaged Blonde Hair,Kérastase,Hair,Hair Styling & Treatments,68.0,4.6579,14481,190.0,30.6
P468829,Blond Absolu Strengthening Hair Oil for Very Damaged Blonde Hair,Kérastase,Hair,Hair Styling & Treatments,54.0,4.6159,14239,328.0,24.3
P454998,Genesis Heat Protecting Leave-In Treatment for Weakened Hair,Kérastase,Hair,Hair Styling & Treatments,45.0,4.4823,14011,226.0,20.25
P434441,Densifique Thickening Conditioner for Thinning Hair,Kérastase,Hair,Shampoo & Conditioner,46.0,4.125,13970,120.0,20.7
P472042,Curl Manifesto Hydrating Leave-In Cream for Curly Hair,Kérastase,Hair,Hair Styling & Treatments,45.0,4.2687,13577,227.0,20.25
P474336,Specifique Divalent Balancing Shampoo for Oily Scalp & Hair,Kérastase,Hair,Shampoo & Conditioner,40.0,3.9429,13375,105.0,18.0
P457412,Fresh Affair Fine Fragrance & Oil-Absorbing Dry Shampoo,Kérastase,Hair,Hair Styling & Treatments,38.0,4.1616,13272,229.0,17.1
P454994,Genesis Strengthening Shampoo for Normal to Oily Hair,Kérastase,Hair,Shampoo & Conditioner,40.0,4.1632,13069,239.0,18.0
P448445,Discipline Oleo-Relax Anti-Frizz Hair Oil Serum,Kérastase,Hair,Hair Styling & Treatments,45.0,4.1628,12988,43.0,20.25
P434415,Discipline Smoothing Conditioner for Frizzy Hair,Kérastase,Hair,Shampoo & Conditioner,46.0,4.0261,12821,115.0,20.7
P472045,Curl Manifesto Curl Refreshing & Restyling Spray,Kérastase,Hair,Hair Styling & Treatments,45.0,4.2202,12768,218.0,20.25
P434434,Resistance Strengthening Hair Mask for Extremely Damaged Hair,Kérastase,Hair,Hair Styling & Treatments,68.0,3.9189,12618,37.0,30.6
P480317,Chroma Absolu Anti-Frizz Leave-In Treatment for Color-Treated Hair,Kérastase,Hair,Hair Styling & Treatments,45.0,4.4127,12578,126.0,20.25
P480318,Chroma Absolu Shampoo for Fine to Medium Color-Treated Hair,Kérastase,Hair,Shampoo & Conditioner,40.0,4.3677,12393,223.0,18.0
P434437,Resistance Strengthening Conditioner for Damaged Lengths & Split Ends,Kérastase,Hair,Shampoo & Conditioner,46.0,3.625,12329,40.0,20.7
P466880,Chronologiste Shampoo for Dull and Brittle Hair,Kérastase,Hair,Shampoo & Conditioner,45.0,4.5133,12212,113.0,20.25
P468830,Mini Blond Absolu Strengthening Hair Oil for Very Damaged Blonde Hair,Kérastase,Hair,Hair Styling & Treatments,26.0,4.5214,11996,140.0,11.7
P480314,Chroma Absolu Strengthening Conditioner for Color-Treated Hair,Kérastase,Hair,Shampoo & Conditioner,46.0,4.4225,11504,187.0,20.7
P434398,Nutritive Shampoo for Dry Hair,Kérastase,Hair,Shampoo & Conditioner,38.0,4.0,11276,165.0,17.1
P454996,Genesis Strengthening Conditioner,Kérastase,Hair,Shampoo & Conditioner,46.0,4.2508,10771,307.0,20.7
P457413,Mini Fresh Affair Fine Fragrance & Oil-Absorbing Dry Shampoo,Kérastase,Hair,Hair Styling & Treatments,24.0,4.1616,10678,229.0,10.8
P466881,Chronologiste Hair Mask for Dull and Brittle Hair,Kérastase,Hair,Hair Styling & Treatments,75.0,4.5079,10562,252.0,33.75
P434456,L'incroyable Blow-Dry Reshapable Hair Lotion,Kérastase,Hair,Hair Styling & Treatments,45.0,4.3559,10347,59.0,20.25
P434399,Nutritive Conditioner for Normal to Dry Hair,Kérastase,Hair,Shampoo & Conditioner,42.0,3.8889,10095,153.0,18.9
P472039,Curl Manifesto Sulfate-Free Shampoo for Curly Hair,Kérastase,Hair,Shampoo & Conditioner,40.0,4.452,10091,250.0,18.0
P472044,Curl Manifesto Curl Defining Gel-Cream,Kérastase,Hair,Hair Styling & Treatments,45.0,4.1615,9602,161.0,20.25
P454997,Genesis Strengthening Hair Mask,Kérastase,Hair,Hair Styling & Treatments,68.0,4.4795,9162,244.0,30.6
P477478,Potentialiste Hydrating & Soothing Scalp Serum,Kérastase,Hair,Hair Styling & Treatments,58.0,4.5158,9099,95.0,26.1
P434401,Nutritive Mask for Dry Thick Hair,Kérastase,Hair,Hair Styling & Treatments,63.0,4.6667,8827,78.0,28.35
P434432,Resistance Strengthening Shampoo for Extremely Damaged Hair,Kérastase,Hair,Shampoo & Conditioner,40.0,4.4884,8494,43.0,18.0
P466884,Mini Blond Absolu Heat Protecting Leave-In Treatment for Blonde Hair,Kérastase,Hair,Hair Styling & Treatments,22.0,3.375,8480,8.0,9.9
P434438,Resistance Strengthening Mask for Lengths & Split Ends,Kérastase,Hair,Hair Styling & Treatments,68.0,4.5833,8285,12.0,30.6
P434416,Discipline Smoothing Hair Mask for Frizzy Hair,Kérastase,Hair,Hair Styling & Treatments,68.0,4.4194,8007,31.0,30.6
P434400,Nutritive Mask for Dry Fine Hair,Kérastase,Hair,Hair Styling & Treatments,63.0,4.1579,7884,38.0,28.35
P434404,Nutritive Shampoo for Severely Dry Hair,Kérastase,Hair,Shampoo & Conditioner,38.0,4.25,7566,24.0,17.1
P472040,Curl Manifesto Lightweight Conditioner for Curly Hair,Kérastase,Hair,Shampoo & Conditioner,46.0,4.44,7405,150.0,20.7
P448158,Resistance Heat Protecting Leave-In Treatment for Split Ends,Kérastase,Hair,Hair Styling & Treatments,45.0,4.5225,7361,111.0,20.25
P434405,Nutritive Conditioner for Severely Dry Hair,Kérastase,Hair,Shampoo & Conditioner,42.0,3.7667,7276,30.0,18.9
P454995,Genesis Strengthening Shampoo for Normal to Dry Hair,Kérastase,Hair,Shampoo & Conditioner,40.0,4.1405,7216,185.0,18.0
P468827,Blond Absolu Moisturizing Cream Shampoo for Very Damaged Blonde Hair,Kérastase,Hair,Shampoo & Conditioner,40.0,4.5515,7156,165.0,18.0
P434397,Nutritive Shampoo for Normal to Dry Hair,Kérastase,Hair,Shampoo & Conditioner,38.0,3.4179,7149,67.0,17.1
P453691,Mini Resistance Heat Protecting Leave-In Treatment for Split Ends,Kérastase,Hair,Hair Styling & Treatments,22.0,5.0,7042,3.0,9.9
P472041,Curl Manifesto Nourishing Mask for Curly Hair,Kérastase,Hair,Hair Styling & Treatments,68.0,4.5929,7030,140.0,30.6
P480315,Chroma Absolu Strengthening Mask for Color-Treated Hair,Kérastase,Hair,Hair Styling & Treatments,68.0,4.4211,6892,133.0,30.6
P472043,Curl Manifesto Nourishing Scalp & Hair Oil,Kérastase,Hair,Hair Styling & Treatments,54.0,4.5038,6844,131.0,24.3
P434442,Densifique Leave-In Thickening Mousse,Kérastase,Hair,Hair Styling & Treatments,45.0,3.9375,6579,16.0,20.25
P434409,Elixir Ultime Hydrating Hair Mask,Kérastase,Hair,Hair Styling & Treatments,68.0,4.1304,6382,23.0,30.6
P474337,Specifique Divalent Purifying Clay Shampoo for Oily Hair,Kérastase,Hair,Shampoo & Conditioner,54.0,4.3553,6030,76.0,24.3
P434408,Elixir Ultime Hydrating Shampoo,Kérastase,Hair,Shampoo & Conditioner,40.0,3.4483,5657,29.0,18.0
P466885,Mini Blond Absolu Hydrating Illuminating Shampoo,Kérastase,Hair,Shampoo & Conditioner,21.0,2.6,5514,5.0,9.45
P434443,Densifique Thickening Mask for Thinning Hair,Kérastase,Hair,Hair Styling & Treatments,68.0,4.0909,5483,11.0,30.6
P448444,Discipline Oleo-Relax Anti-Frizz Hair Mask,Kérastase,Hair,Hair Styling & Treatments,68.0,4.0556,5449,18.0,30.6
P448443,Discipline Oleo-Relax Anti-Frizz Shampoo,Kérastase,Hair,Shampoo & Conditioner,40.0,3.9286,5241,14.0,18.0
P434407,Nutritive Hair Balm for Severely Dry Hair,Kérastase,Hair,Hair Styling & Treatments,45.0,4.35,5229,20.0,20.25
P434452,VIP Strong Hold Texturizing Hair Spray,Kérastase,Hair,Hair Styling & Treatments,32.0,3.8519,5128,27.0,14.4
P504612,Symbiose Antidandruff Hydrating Shampoo,Kérastase,Hair,Shampoo & Conditioner,40.0,4.5952,4915,84.0,18.0
P434410,Elixir Ultime Hydrating Conditioner,Kérastase,Hair,Shampoo & Conditioner,46.0,3.7917,4870,24.0,20.7
P480313,Chroma Absolu Shampoo for Medium to Thick Color-Treated Hair,Kérastase,Hair,Shampoo & Conditioner,40.0,4.2101,4792,119.0,18.0
P449768,Relaxing Scrub: Soothing Scrub for Dry Scalp,Kérastase,Hair,Hair Styling & Treatments,56.0,4.1831,4590,71.0,25.2
P466883,Mini Blond Absolu Strengthening Conditioner,Kérastase,Hair,Shampoo & Conditioner,24.0,5.0,4077,1.0,10.8
P466879,Chronologiste Detoxifying Charcoal Pre-Shampoo,Kérastase,Hair,Shampoo & Conditioner,52.0,4.5,3599,100.0,23.4
P447576,Mini Nutritive Conditioner for Normal to Dry Hair,Kérastase,Hair,Shampoo & Conditioner,24.0,3.0,3178,1.0,10.8
P434451,Mousse Bouffante Volumizing Hair Mousse,Kérastase,Hair,Hair Styling & Treatments,32.0,3.25,3164,12.0,14.4
P474338,Specifique Divalent Hydrating Gel-Mask for Oily Hair,Kérastase,Hair,Hair Styling & Treatments,68.0,4.2647,3130,68.0,30.6
P434455,Laque Couture Medium Hold Hair Spray,Kérastase,Hair,Hair Styling & Treatments,32.0,4.1,2997,10.0,14.4
P434444,Densifique Bodifying Shampoo for Men,Kérastase,Hair,Shampoo & Conditioner,38.0,4.1429,2385,7.0,17.1
P504621,Symbiose Antidandruff Hydrating Night Serum,Kérastase,Hair,Hair Styling & Treatments,59.0,5.0,2275,5.0,26.55
P480316,Chroma Absolu Anti-Copper Green Mask for Color-Treated Hair,Kérastase,Hair,Hair Styling & Treatments,52.0,3.8906,2086,128.0,23.4
P504603,Symbiose Silicone-Free Hydrating Conditioner for Scalp & Hair,Kérastase,Hair,Shampoo & Conditioner,46.0,4.4865,1916,37.0,20.7
P434392,Aura Botanica Conditioner,Kérastase,Hair,Shampoo & Conditioner,42.0,4.075,1893,40.0,18.9
P504588,Chronologiste L’Huile de Parfum Fragrance Hair Oil,Kérastase,Hair,Hair Styling & Treatments,74.0,5.0,1779,2.0,33.3
P440662,Laque Extreme Hair Spray,Kérastase,Hair,Hair Styling & Treatments,32.0,3.7143,1712,7.0,14.4
P500317,Genesis Homme Thickening Shampoo for Men,Kérastase,Hair,Shampoo & Conditioner,40.0,4.6413,1379,92.0,18.0
P504616,Symbiose Deeply Hydrating Hair Mask for Damaged Hair,Kérastase,Hair,Hair Styling & Treatments,68.0,4.7105,1349,38.0,30.6
P504599,Symbiose Exfoliating Antidandruff Scalp Scrub,Kérastase,Hair,Hair Styling & Treatments,47.0,5.0,1177,6.0,21.15
P500315,Genesis Homme Hair Thickening Spray for Men,Kérastase,Hair,Hair Styling & Treatments,45.0,4.544,1171,182.0,20.25
P500305,Genesis Homme Strengthening Shampoo for Men,Kérastase,Hair,Shampoo & Conditioner,40.0,4.6737,867,95.0,18.0
P500300,Genesis Homme Light-Hold Styling Wax Pomade,Kérastase,Hair,Hair Styling & Treatments,45.0,4.5604,831,182.0,20.25
P462868,Discipline Cleansing Conditioner,Kérastase,Hair,Shampoo & Conditioner,48.0,4.5,830,2.0,21.6
P479496,Potentialiste Hydrating & Soothing Scalp Serum,Kérastase,Hair,Hair Styling & Treatments,58.0,,0,,26.1
P421996,Ultra Facial Moisturizing Cream with Squalane,Kiehl's Since 1851,Skincare,Moisturizers,78.0,4.4469,201776,2515.0,29.64
P422510,Mini Ultra Facial Moisturizing Cream with Squalane,Kiehl's Since 1851,Skincare,Mini Size,24.0,4.4469,31687,2515.0,9.12
P422000,Creamy Eye Treatment with Avocado,Kiehl's Since 1851,Skincare,Eye Care,36.0,3.9994,68043,1668.0,13.68
P435805,Mini Creamy Eye Treatment with Avocado,Kiehl's Since 1851,Mini Size,Skincare,36.0,3.9994,70802,1668.0,16.2
P421998,Midnight Recovery Concentrate Moisturizing Face Oil,Kiehl's Since 1851,Skincare,Treatments,56.0,4.2174,101394,1173.0,21.28
P445951,Midnight Recovery Concentrate Moisturizing Face Oil,Kiehl's Since 1851,Skincare,Mini Size,30.0,4.2174,29687,1173.0,11.4
P454838,Powerful-Strength Dark Circle Reducing Vitamin C Eye Serum,Kiehl's Since 1851,Skincare,Eye Care,55.0,3.8646,46025,1041.0,20.9
P422022,Clearly Corrective Dark Spot Correcting Serum,Kiehl's Since 1851,Skincare,Treatments,65.0,3.8478,75403,913.0,24.7
P455611,Clearly Corrective Dark Spot Solution Duo,Kiehl's Since 1851,Skincare,Value & Gift Sets,125.0,3.8478,10273,913.0,47.5
P422007,Ultra Facial Cleanser,Kiehl's Since 1851,Skincare,Cleansers,30.0,4.3712,63080,862.0,11.4
P501029,Retinol Fast-Release Wrinkle Reducing Night Serum,Kiehl's Since 1851,Skincare,Treatments,85.0,4.5163,8391,614.0,32.3
P422505,Olive Fruit Oil Deeply Repairative Hair Pak,Kiehl's Since 1851,Hair,Hair Styling & Treatments,32.0,4.6277,34536,376.0,14.4
P474840,Micro-Dose Anti-Aging Retinol Serum with Ceramides and Peptide,Kiehl's Since 1851,Skincare,Treatments,65.0,4.4916,42766,598.0,24.7
P457864,Vital Skin-Strengthening Hyaluronic Acid Super Serum,Kiehl's Since 1851,Skincare,Treatments,60.0,4.2194,10302,597.0,22.8
P480177,Super Multi-Corrective Anti-Aging Eye Cream,Kiehl's Since 1851,Skincare,Eye Care,60.0,4.5714,22539,581.0,22.8
P422002,Rare Earth Deep Pore Minimizing Cleansing Clay Mask,Kiehl's Since 1851,Skincare,Masks,45.0,4.542,112588,524.0,17.1
P474060,Mini Rare Earth Deep Pore Minimizing Cleansing Clay Mask,Kiehl's Since 1851,Skincare,Mini Size,25.0,4.542,19428,524.0,9.5
P472472,Ferulic Brew Facial Treatment Essence with Lactic Acid,Kiehl's Since 1851,Skincare,Moisturizers,60.0,4.5603,22873,514.0,22.8
P421999,Crème de Corps Hydrating Body Lotion with Squalane,Kiehl's Since 1851,Bath & Body,Body Moisturizers,34.0,4.1787,28155,207.0,13.6
P422269,Creme de Corps Soy Milk & Honey Whipped Body Butter,Kiehl's Since 1851,Bath & Body,Body Moisturizers,45.0,4.503,27221,169.0,18.0
P422640,Ultimate Strength Hand Salve,Kiehl's Since 1851,Bath & Body,Body Moisturizers,32.0,4.6411,26686,365.0,12.8
P479329,Ultra Facial Overnight Hydrating Face Mask with 10.5% Squalane,Kiehl's Since 1851,Skincare,Masks,45.0,4.5461,29217,434.0,17.1
P427529,Powerful-Strength Vitamin C Serum,Kiehl's Since 1851,Skincare,Treatments,78.0,3.6684,45478,389.0,29.64
P446422,Avocado Nourishing Hydration Mask,Kiehl's Since 1851,Skincare,Masks,48.0,3.9019,18646,316.0,18.24
P503913,Ultra Facial Advanced Repair Barrier Cream,Kiehl's Since 1851,Skincare,Moisturizers,48.0,4.7556,6823,311.0,18.24
P422013,Calendula Deep Clean Foaming Face Wash,Kiehl's Since 1851,Skincare,Cleansers,38.0,4.5033,39855,306.0,14.44
P470221,Milk-Peel Gentle Exfoliating Toner,Kiehl's Since 1851,Skincare,Cleansers,60.0,4.682,14773,305.0,22.8
P431735,Mini Ultimate Strength Hand Salve,Kiehl's Since 1851,Bath & Body,Mini Size,22.0,4.6411,17000,365.0,8.8
P483664,Midnight  Recovery Omega-Rich Cloud Cream,Kiehl's Since 1851,Skincare,Moisturizers,60.0,4.5233,11696,300.0,22.8
P422257,Midnight Recovery Botanical Cleansing Oil,Kiehl's Since 1851,Skincare,Cleansers,35.0,4.2844,24814,225.0,13.3
P440937,Cannabis Sativa Seed Oil Herbal Concentrate (Hemp-Derived),Kiehl's Since 1851,Skincare,Moisturizers,55.0,4.1396,17721,222.0,20.9
P449541,Pure Vitality Skin Renewing Cream,Kiehl's Since 1851,Skincare,Moisturizers,75.0,4.3301,5068,206.0,28.5
P470040,Ultra Facial Oil-Free Gel Cream,Kiehl's Since 1851,Skincare,Moisturizers,38.0,4.4876,11677,201.0,14.44
P421997,Calendula Herbal Extract Alcohol Free Toner,Kiehl's Since 1851,Skincare,Cleansers,47.0,4.2216,37317,194.0,17.86
P432239,Buttermask Intense Repair Lip Treatment,Kiehl's Since 1851,Skincare,Lip Balms & Treatments,28.0,4.0419,40755,191.0,10.64
P422248,Rare Earth Deep Pore Daily Cleanser,Kiehl's Since 1851,Skincare,Cleansers,28.0,4.2872,22813,188.0,10.64
P422011,Ultra Facial Toner,Kiehl's Since 1851,Skincare,Cleansers,24.0,4.2637,27710,182.0,9.12
P437672,Mini Calendula Herbal Extract Alcohol Free Toner,Kiehl's Since 1851,Mini Size,Skincare,29.0,3.5769,10996,26.0,13.05
P461948,Super Multi-Corrective Anti-Aging Face and Neck Cream,Kiehl's Since 1851,Skincare,Moisturizers,76.0,4.2824,9733,170.0,28.88
P422012,Ultra Facial Cream Sunscreen SPF 30,Kiehl's Since 1851,Skincare,Moisturizers,38.0,3.8344,24886,157.0,14.44
P422003,Daily Reviving Concentrate,Kiehl's Since 1851,Skincare,Treatments,59.0,4.3986,26859,138.0,22.42
P422638,Facial Fuel Energizing Moisturizer for Men,Kiehl's Since 1851,Men,Skincare,45.0,4.2353,9470,34.0,18.9
P422275,Amino Acid Shampoo,Kiehl's Since 1851,Hair,Shampoo & Conditioner,26.0,3.7736,9385,53.0,11.7
P429522,Super Fluid Daily UV Defense Sunscreen Broad Spectrum SPF 50+,Kiehl's Since 1851,Skincare,Sunscreen,68.0,3.6048,18993,124.0,25.84
P422004,Ultra Facial Moisturizer Sunscreen SPF 30,Kiehl's Since 1851,Skincare,Moisturizers,38.0,3.7473,12320,91.0,14.44
P422005,Ultra Facial Moisturizer,Kiehl's Since 1851,Skincare,Moisturizers,38.0,3.7143,10346,84.0,14.44
P435804,Mini Crème de Corps Hydrating Body Lotion with Squalane,Kiehl's Since 1851,Mini Size,Bath & Body,16.0,3.2432,7198,37.0,7.2
P431733,Epidermal Re-Texturizing Micro-Dermabrasion,Kiehl's Since 1851,Skincare,Cleansers,46.0,4.6173,17152,81.0,17.48
P422492,Facial Fuel Energizing Face Wash,Kiehl's Since 1851,Men,Skincare,25.0,4.8108,6958,37.0,10.5
P422249,Amino Acid Conditioner,Kiehl's Since 1851,Hair,Shampoo & Conditioner,27.0,4.3333,6424,45.0,12.15
P422481,"""Ultimate Man"" Body Scrub Soap",Kiehl's Since 1851,Men,Other Needs,20.0,4.7727,5310,44.0,8.4
P461947,Calendula Petal-Infused Calming Mask with Aloe Vera,Kiehl's Since 1851,Skincare,Masks,47.0,4.5111,10799,45.0,17.86
P436378,Dermatologist Solutions Centella Sensitive Cica-Cream,Kiehl's Since 1851,Skincare,Moisturizers,46.0,4.5152,6043,33.0,17.48
P422253,Rare Earth Pore Refining Tonic,Kiehl's Since 1851,Skincare,Cleansers,25.0,3.5758,5263,33.0,9.5
P422503,Oil Eliminator Deep Cleansing Exfoliating Face Wash For Men,Kiehl's Since 1851,Men,Skincare,28.0,4.4545,4260,11.0,11.76
P422493,Facial Fuel Energizing Scrub,Kiehl's Since 1851,Men,Shaving,26.0,4.8,3682,10.0,10.92
P467628,Mini Clearly Corrective Dark Spot Correcting Serum,Kiehl's Since 1851,Skincare,Mini Size,35.0,3.0455,10130,22.0,13.3
P422500,Nourishing Olive Fruit Oil Conditioner,Kiehl's Since 1851,Hair,Shampoo & Conditioner,27.0,4.2917,2968,24.0,12.15
P422842,Age Defender Eye Repair,Kiehl's Since 1851,Men,Skincare,40.0,3.6364,2852,11.0,16.8
P422494,Facial Fuel Energizing Tonic For Men,Kiehl's Since 1851,Men,Skincare,25.0,5.0,2633,6.0,10.5
P422260,Super Multi-Corrective Cream Sunscreen Broad Spectrum SPF 30,Kiehl's Since 1851,Skincare,Moisturizers,95.0,3.6,3510,15.0,36.1
P422496,Grooming Solutions Nourishing Beard Grooming Oil,Kiehl's Since 1851,Men,Shaving,36.0,4.3077,2165,13.0,15.12
P432820,Body Fuel All-In-One Energizing Wash,Kiehl's Since 1851,Men,Other Needs,25.0,4.8,1526,5.0,10.5
P482021,Ultra Facial Hydrating Concentrated Cleansing Bar,Kiehl's Since 1851,Skincare,Cleansers,20.0,4.3333,1558,6.0,7.6
P422484,Age Defender Power Serum,Kiehl's Since 1851,Men,Skincare,60.0,4.0,1399,4.0,25.2
P480176,Mini Calendula Deep Clean Foaming Face Wash,Kiehl's Since 1851,Skincare,Cleansers,18.0,5.0,3514,3.0,6.84
P422498,Grooming Solutions Texturizing Clay,Kiehl's Since 1851,Hair,Hair Styling & Treatments,20.0,3.5,731,8.0,9.0
P504464,Mask and Moisturize Duo Skincare Gift Set,Kiehl's Since 1851,Skincare,Value & Gift Sets,30.0,5.0,1314,1.0,11.4
P477811,Rare Earth Pore Minimizing Lotion,Kiehl's Since 1851,Skincare,Moisturizers,33.0,,606,,12.54
P505339,Ultra Pure High-Potency 5.0% Niacinamide Serum,Kiehl's Since 1851,Skincare,Treatments,35.0,,80,,13.3
P505376,Ultra Pure High-Potency 9.8% Glycolic Acid Serum,Kiehl's Since 1851,Skincare,Treatments,35.0,,55,,13.3
P505614,Ultra Facial Cream Refill Bundle,Kiehl's Since 1851,Skincare,Value & Gift Sets,78.0,,25,,29.64
P504635,Ultra Pure Hyaluronic Acid 1.5% Serum,Kiehl's Since 1851,Skincare,Treatments,35.0,,22,,13.3
P505499,Deep Pore Cleansing Kit,Kiehl's Since 1851,Skincare,Value & Gift Sets,63.0,,13,,23.94
P505615,Ultra Facial Cleanser Home & Away Bundle,Kiehl's Since 1851,Skincare,Value & Gift Sets,26.0,,9,,9.88
P429621,"Love, Don't Be Shy",KILIAN Paris,Fragrance,Women,275.0,3.6656,93308,1256.0,82.5
P460005,"Love, Don't Be Shy Travel Spray",KILIAN Paris,Fragrance,Women,50.0,3.6656,71278,1256.0,15.0
P433937,Princess Eau de Parfum,KILIAN Paris,Fragrance,Women,125.0,4.2921,57764,808.0,37.5
P465332,Angels Share Eau De Parfum,KILIAN Paris,Fragrance,Women,230.0,4.4305,52162,532.0,69.0
P433938,Princess Eau de Parfum Travel Spray,KILIAN Paris,Fragrance,Women,30.0,4.2921,42544,808.0,9.0
P480179,Angels Share Eau De Parfum Travel Spray,KILIAN Paris,Fragrance,Women,50.0,4.3162,36341,136.0,15.0
P429631,Good Girl Gone Bad by KILIAN,KILIAN Paris,Fragrance,Women,275.0,4.2139,25783,346.0,82.5
P429620,"Love, Don't be Shy Mini Spray Set",KILIAN Paris,Fragrance,Women,215.0,3.8857,15711,35.0,64.5
P452620,Rolling in Love,KILIAN Paris,Fragrance,Women,275.0,4.4934,15564,152.0,82.5
P429627,"Black Phantom - ""Memento Mori""",KILIAN Paris,Fragrance,Women,275.0,4.2759,14688,145.0,82.5
P475958,Apple Brandy Eau de Parfum,KILIAN Paris,Fragrance,Women,230.0,4.4151,11887,265.0,69.0
P481717,Good Girl Gone Bad by KILIAN Travel Spray,KILIAN Paris,Fragrance,Women,50.0,3.3333,10787,21.0,15.0
P480178,Apple Brandy Eau de Parfum Travel Spray,KILIAN Paris,Fragrance,Women,50.0,4.4,10759,25.0,15.0
P429630,Good Girl Gone Bad by KILIAN Mini Spray Set,KILIAN Paris,Fragrance,Women,215.0,4.6429,8587,14.0,64.5
P429619,Intoxicated,KILIAN Paris,Fragrance,Women,275.0,3.9231,8498,13.0,82.5
P465333,Roses On Ice Eau De Parfum,KILIAN Paris,Fragrance,Women,230.0,4.339,7948,236.0,69.0
P429629,"Straight To Heaven, White Cristal",KILIAN Paris,Fragrance,Women,275.0,4.0526,6995,19.0,82.5
P504776,Can't Stop Loving You,KILIAN Paris,Fragrance,Women,275.0,4.1,6299,10.0,82.5
P429623,Moonlight in Heaven,KILIAN Paris,Fragrance,Women,275.0,3.2105,6033,19.0,82.5
P481103,"Love, Don't Be Shy-EXTREME",KILIAN Paris,Fragrance,Women,340.0,3.7273,5201,11.0,102.0
P482023,Good Girl Gone Bad Eau Fraîche,KILIAN Paris,Fragrance,Women,240.0,5.0,4154,3.0,72.0
P429626,"Black Phantom - ""Memento Mori"" Mini Spray Set",KILIAN Paris,Fragrance,Women,215.0,4.125,4058,8.0,64.5
P429628,"Straight To Heaven, White Cristal Travel Spray Set",KILIAN Paris,Fragrance,Value & Gift Sets,215.0,4.8,3075,5.0,64.5
P429625,Vodka on the Rocks,KILIAN Paris,Fragrance,Women,275.0,4.3333,3040,15.0,82.5
P502585,Rose Oud Eau de Parfum,KILIAN Paris,Fragrance,Women,265.0,3.4,2567,5.0,79.5
P504994,Mini Perfume Icons Sampler Set,KILIAN Paris,Fragrance,Value & Gift Sets,30.0,5.0,2267,2.0,9.0
P502624,Sacred Wood Eau de Parfum,KILIAN Paris,Fragrance,Women,275.0,3.0,1975,1.0,82.5
P479710,Good Girl Gone Bad Travel Spray,KILIAN Paris,Fragrance,Women,50.0,,0,,15.0
P501476,Mini Icons Discovery Set,KILIAN Paris,Fragrance,Value & Gift Sets,30.0,,0,,9.0
P431509,Aqua Foundation,Koh Gen Do,Makeup,Face,96.0,3.9848,17605,132.0,40.32
P294018,Cleansing Spa Water Cloths,Koh Gen Do,Skincare,Cleansers,23.0,4.4789,23197,284.0,8.74
P480321,Tropical Cocount Melt,Kopari,Bath & Body,Body Moisturizers,29.0,3.25,2937,4.0,11.6
P434336,Mini Noni Glow Face Oil,KORA Organics,Skincare,Mini Size,28.0,4.3877,26453,1166.0,10.64
P418624,Noni Glow Plumping Face Oil,KORA Organics,Skincare,Moisturizers,72.0,4.4112,38003,1121.0,27.36
P471046,Turmeric Glow Brightening Moisturizer,KORA Organics,Skincare,Moisturizers,62.0,4.4985,17005,1017.0,23.56
P455241,Noni Night AHA Pore & Resurfacing Serum,KORA Organics,Skincare,Treatments,74.0,4.3946,8710,555.0,28.12
P433627,Turmeric BHA Pore & Brightening Treatment Mask,KORA Organics,Skincare,Masks,52.0,4.1626,40323,492.0,19.76
P461177,Mini Turmeric BHA Pore & Brightening Treatment Mask,KORA Organics,Skincare,Mini Size,18.0,4.1626,12716,492.0,6.84
P468684,Milky Mushroom Gentle Cleansing Oil Makeup Remover,KORA Organics,Skincare,Cleansers,44.0,4.4597,8251,459.0,16.72
P476876,Berry Bright Firming Vitamin C Eye Cream,KORA Organics,Skincare,Eye Care,58.0,4.6225,16219,408.0,22.04
P428816,Noni Radiant Brightening Eye Oil,KORA Organics,Skincare,Eye Care,42.0,3.7915,24957,398.0,15.96
P446419,Noni Bright 12% Vitamin C Serum,KORA Organics,Skincare,Treatments,73.0,4.2288,21320,389.0,27.74
P500618,Turmeric Glow Foaming Cleanser,KORA Organics,Skincare,Cleansers,44.0,4.6111,9992,288.0,16.72
P418625,Noni Glow Hydrating & Toning Body Oil,KORA Organics,Bath & Body,Body Moisturizers,63.0,3.84,13092,50.0,25.2
P500055,Active Algae Lightweight Moisturizer,KORA Organics,Skincare,Moisturizers,48.0,4.6763,5384,207.0,18.24
P474068,Minty Mineral Hydration Face Mist with Aloe Vera,KORA Organics,Skincare,Moisturizers,44.0,4.5027,4877,183.0,16.72
P440072,Noni Glow Overnight Plumping Hydration Mask,KORA Organics,Skincare,Masks,52.0,3.7283,12672,92.0,19.76
P502630,Turmeric Invigorating Body Scrub,KORA Organics,Bath & Body,Bath & Shower,60.0,4.6696,4892,339.0,24.0
P432835,Rose Quartz Facial De-Puffing & Lifting Gua Sha,KORA Organics,Skincare,Wellness,63.0,4.0714,10216,28.0,23.94
P502854,Nourishing Hand & Body Lotion,KORA Organics,Bath & Body,Body Moisturizers,55.0,3.0,1721,2.0,22.0
P502837,Renewing Hand & Body Wash,KORA Organics,Bath & Body,Bath & Shower,48.0,2.5,1281,2.0,19.2
P456412,Greek Yoghurt Foaming Cream Cleanser,KORRES,Skincare,Cleansers,28.0,4.5667,38097,4186.0,10.64
P480612,Santorini Grape Poreless Skin Cream,KORRES,Skincare,Moisturizers,38.5,4.4026,5890,3167.0,14.63
P456207,Greek Yoghurt Nourishing Probiotic Gel-Cream,KORRES,Skincare,Moisturizers,38.5,4.348,9157,3112.0,14.63
P456418,Wild Rose Night-Brightening Sleeping Facial,KORRES,Skincare,Moisturizers,50.0,4.3596,10482,1424.0,19.0
P456417,Wild Rose Brightening Absolute Oil,KORRES,Skincare,Moisturizers,54.0,4.3553,5462,622.0,20.52
P456414,Greek Yoghurt Probiotic Superdose Face Mask,KORRES,Skincare,Masks,52.0,4.5049,12229,509.0,19.76
P474340,Santorini Grape Velvet Skin Drink,KORRES,Skincare,Moisturizers,50.0,4.5878,13454,427.0,19.0
P456421,Black Pine 3D Eye-Lift Super Serum,KORRES,Skincare,Eye Care,61.0,4.0063,4302,158.0,23.18
P456413,Mini Greek Yoghurt Foaming Cream Cleanser,KORRES,Skincare,Mini Size,16.0,4.2471,12738,85.0,6.08
P455919,MenoReverse Volumizing Serum-in-Moisturizer,KORRES,Skincare,Moisturizers,45.0,4.0517,3897,58.0,17.1
P456151,Revealer Super Creamy + Brightening Concealer and Daytime Eye Cream,Kosas,Makeup,Face,30.0,3.9914,513855,2910.0,12.6
P468685,Cloud Set Baked Setting & Smoothing Talc-Free Vegan Powder,Kosas,Makeup,Face,35.0,4.1641,207311,1121.0,14.7
P481396,Revealer Skin-Improving Foundation SPF 25 with Hyaluronic Acid and Niacinamide,Kosas,Makeup,Face,42.0,3.9787,138336,847.0,17.64
P451920,Wet Lip Oil Plumping Treatment Gloss,Kosas,Makeup,Lip,22.0,4.0,114343,426.0,9.24
P441884,Tinted Face Oil Comfy Skin Tint,Kosas,Makeup,Face,42.0,3.6687,112124,1781.0,17.64
P471049,Air Brow Tinted Clean Volumizing Eyebrow Gel,Kosas,Makeup,Eye,24.0,4.3982,110301,899.0,10.08
P443764,Kosasport LipFuel Hyaluronic Acid Lip Balm,Kosas,Makeup,Lip,18.0,4.0215,70946,604.0,7.56
P447744,10-Second Eye Gel Watercolor Eyeshadow,Kosas,Makeup,Eye,15.0,3.3796,67674,108.0,6.3
P471048,Air Brow Clear + Clean Lifting Treatment Eyebrow Gel with Lamination Effect,Kosas,Makeup,Eye,24.0,3.9931,58352,724.0,10.08
P503996,Mini Revealer Super Creamy + Brightening Concealer and Daytime Eye Cream,Kosas,Makeup,Face,15.0,3.8083,58264,412.0,6.3
P474961,Wet Lip Oil Plumping Treatment Gloss - Undressed Collection,Kosas,Makeup,Lip,22.0,4.0714,56846,154.0,9.24
P461178,Chemistry AHA Serum Deodorant,Kosas,Bath & Body,Body Care,16.0,3.9662,56825,1034.0,6.4
P441886,Color & Light: Crème Cream Blush & Highlighter Duo,Kosas,Makeup,Cheek,34.0,4.1706,43994,252.0,14.28
P503896,Glow I.V. Vitamin-Infused Skin Illuminating Enhancer,Kosas,Makeup,Face,38.0,3.2473,40928,275.0,15.96
P457455,The Sun Show Glowy Warmth Talc-Free Baked Bronzer,Kosas,Makeup,Cheek,35.0,5.0,39972,1.0,14.7
P471047,Brow Pop Clean Dual-Action Defining Eyebrow Pencil,Kosas,Makeup,Eye,24.0,4.3682,39211,497.0,10.08
P474069,Good Body Skin AHA + Enzyme Exfoliating Body Wash,Kosas,Bath & Body,Bath & Shower,22.0,4.1176,26949,119.0,8.8
P462872,The Big Clean Longwear Volumizing + Lash Care Mascara,Kosas,Makeup,Eye,26.0,3.4892,17503,417.0,10.92
P500329,Plump + Juicy Lip Booster Buttery Treatment,Kosas,Skincare,Lip Balms & Treatments,25.0,4.2938,22688,194.0,9.5
P502288,Revealer Dual-Ended Makeup Blender Sponge,Kosas,Makeup,Brushes & Applicators,14.0,3.4286,11598,14.0,5.88
P502745,Plump + Juicy Vegan Collagen + Probiotic Spray-On Serum,Kosas,Skincare,Moisturizers,48.0,4.3741,22286,139.0,18.24
P501578,GrowPotion Fluffy Brow + Lash Boosting Serum,Kosas,Makeup,Eye,48.0,3.9633,8945,109.0,20.16
P475122,Mini The Big Clean Longwear Volumizing + Lash Care Mascara,Kosas,Mini Size,Makeup,13.0,3.1852,5853,27.0,5.85
P501568,Underlined Kajal Clean Waterproof Long-Wear Eyeliner,Kulfi,Makeup,Eye,20.0,4.5611,27774,221.0,8.4
P501589,Main Match Crease-Proof Long-Wear Hydrating Concealer,Kulfi,Makeup,Face,26.0,4.5613,23446,253.0,10.92
P504604,Mehndi Moment Long-Lasting Radiant Cream Blush,Kulfi,Makeup,Cheek,28.0,4.6973,9885,185.0,11.76
P245205,Tattoo Liner Vegan Waterproof Liquid Eyeliner,KVD Beauty,Makeup,Eye,25.0,4.131,566585,21281.0,10.5
P311138,Lock-It Full-Coverage Long-Wear Matte Liquid Foundation,KVD Beauty,Makeup,Face,40.5,3.9175,326766,14468.0,17.01
P413458,Shade + Light Refillable Powder Face Contour Palette,KVD Beauty,Makeup,Makeup Palettes,52.5,4.3784,195102,1118.0,22.05
P418804,Everlasting Lip Liner,KVD Beauty,Makeup,Lip,22.5,4.5511,153058,1655.0,9.45
P430718,"Super Pomade Vegan Eyeliner, Shadow & Brow Pigment",KVD Beauty,Makeup,Eye,25.0,4.6512,117427,4063.0,10.5
P469488,Good Apple Lightweight Full-Coverage Cream Foundation Balm,KVD Beauty,Makeup,Face,42.5,3.8474,104286,2497.0,17.85
P385908,Ink Liner Waterproof Felt-Tip Liquid Eyeliner,KVD Beauty,Makeup,Eye,25.0,4.0435,95336,3100.0,10.5
P409988,Lock-It Setting Powder,KVD Beauty,Makeup,Face,35.0,4.2027,86770,2931.0,14.7
P418800,Lock-It Refillable Mattifying Pressed Finishing Powder,KVD Beauty,Makeup,Face,35.0,4.2173,71355,336.0,14.7
P420220,Saint Eau de Parfum,KVD Beauty,Fragrance,Women,85.0,4.3991,59167,3806.0,25.5
P392437,Lock-It Hydrating Primer,KVD Beauty,Makeup,Face,34.0,3.7257,50671,711.0,14.28
P420219,Sinner Eau de Parfum,KVD Beauty,Fragrance,Women,85.0,4.1447,45541,2094.0,25.5
P483466,Tattoo Pencil Liner Waterproof Long-Wear Gel Eyeliner,KVD Beauty,Makeup,Eye,23.0,4.3309,40586,680.0,9.66
P501592,Everlasting Hyperlight Vegan Transfer-Proof Liquid Lipstick,KVD Beauty,Makeup,Lip,23.0,4.1029,39452,554.0,9.66
P468169,Mini Tattoo Liner Vegan Waterproof Liquid Eyeliner,KVD Beauty,Makeup,Eye,15.0,3.2626,38710,377.0,6.3
P441024,Lock-It Powder Foundation,KVD Beauty,Makeup,Face,37.0,3.9884,34515,1209.0,15.54
P454732,Everlasting Blush,KVD Beauty,Makeup,Cheek,29.5,4.7313,30855,480.0,12.39
P464781,Dazzle Vegan Long-Wear Eyeshadow Stick,KVD Beauty,Makeup,Eye,24.0,4.5692,29465,130.0,10.08
P420218,Saint Eau de Parfum Travel Spray,KVD Beauty,Fragrance,Women,22.0,4.1852,29159,270.0,6.6
P481106,Good Apple Lightweight Full-Coverage Concealer,KVD Beauty,Makeup,Face,30.0,4.2446,28515,597.0,12.6
P438613,Mini Lock-It Full-Coverage Long-Wear Matte Liquid Foundation,KVD Beauty,Mini Size,Makeup,18.0,3.5,27802,80.0,8.1
P454032,XO Vinyl Lip Cream Lip Gloss,KVD Beauty,Makeup,Lip,20.0,4.4632,25272,462.0,8.4
P475569,ModCon Long-Wear Hydrating Liquid-Gel Contour,KVD Beauty,Makeup,Face,29.5,3.496,24599,125.0,12.39
P430304,#70 Pomade Brow Brush,KVD Beauty,Tools & Brushes,Brushes & Applicators,20.0,4.6728,20139,1403.0,10.0
P504366,Good Apple Full-Coverage Transfer-Proof Vegan Serum Foundation,KVD Beauty,Makeup,Face,42.0,4.0375,19948,826.0,17.64
P442770,Go Big or Go Home Long-Wear Vegan Volumizing Mascara,KVD Beauty,Makeup,Eye,25.0,3.6613,16108,1872.0,10.5
P463638,Kitten Mini: Glamrok Shade + Light Eyeshadow Quad,KVD Beauty,Makeup,Mini Size,19.0,3.7,15069,30.0,7.98
P418801,Lock-It Finishing Powder Refill,KVD Beauty,Makeup,Face,22.0,4.4667,14866,30.0,9.24
P454733,Kitten Mini: Purrfect Cat Eyes Mini Mascara & Eyeliner Set,KVD Beauty,Makeup,Eye,20.0,2.8421,13794,19.0,8.4
P460562,Shake Primer High-Impact Invisible Eyeshadow Primer,KVD Beauty,Makeup,Eye,22.0,3.1809,7021,94.0,9.24
P447557,Lock-It Powder Foundation Refills,KVD Beauty,Makeup,Face,24.0,4.24,5612,25.0,10.08
P446787,Mini Go Big or Go Home Long-Wear Vegan Volumizing Mascara,KVD Beauty,Mini Size,Makeup,13.0,3.1163,4066,129.0,5.85
P472980,ModCon Liquid-Gel Blush,KVD Beauty,Makeup,Cheek,29.5,2.9375,3813,16.0,12.39
P462706,Epic Curl Vegan Lash Primer,KVD Beauty,Makeup,Eye,24.0,2.9355,2352,31.0,10.08
P504596,Lock-It Vegan Pore-Refining Hydrating Primer with Rice Water,KVD Beauty,Makeup,Face,34.0,4.2206,2031,748.0,14.28
P504620,Mini Everlasting Hyperlight Vegan Transfer-Proof Liquid Lipstick,KVD Beauty,Makeup,Lip,13.0,3.0,1382,1.0,5.46
P307907,Hand Cream,L'Occitane,Bath & Body,Body Moisturizers,30.0,4.5149,77988,2117.0,12.0
P107319,Cleansing And Softening Refillable Shower Oil With Almond Oil,L'Occitane,Bath & Body,Bath & Shower,29.0,4.3501,75358,1808.0,11.6
P162554,Almond Smoothing and Beautifying Supple Skin Oil,L'Occitane,Bath & Body,Body Moisturizers,50.0,4.6064,43851,902.0,20.0
P425327,Mini Hand Cream,L'Occitane,Mini Size,Bath & Body,12.5,4.5149,41017,2117.0,5.62
P66703,Almond Milk Concentrate,L'Occitane,Bath & Body,Body Moisturizers,55.0,4.5764,31626,628.0,22.0
P387512,Shea Nail And Cuticle Oil,L'Occitane,Makeup,Nail,20.0,4.3833,27300,120.0,8.4
P238001,Shea Butter Ultra Rich Body Cream,L'Occitane,Bath & Body,Body Moisturizers,49.0,4.5822,21897,438.0,19.6
P425324,Cleansing And Softening Shower Oil With Almond Oil Mini,L'Occitane,Mini Size,Bath & Body,10.5,4.3501,20385,1808.0,4.72
P39678,Shea Butter Rich Body Lotion,L'Occitane,Bath & Body,Body Moisturizers,35.0,4.5246,14426,183.0,14.0
P39950,Lavender Harvest Foaming Bath,L'Occitane,Bath & Body,Bath & Shower,39.0,4.3028,13108,109.0,15.6
P392873,Almond Exfoliating And Smoothing Delicious Paste,L'Occitane,Bath & Body,Bath & Shower,49.0,4.2143,12828,56.0,19.6
P39675,100 percent Pure Shea Butter,L'Occitane,Bath & Body,Body Moisturizers,40.0,4.673,12115,315.0,16.0
P387511,Immortelle Divine Cream,L'Occitane,Skincare,Moisturizers,115.0,3.8805,6151,159.0,43.7
P392869,Moisturizing And Smoothing Milk Veil,L'Occitane,Bath & Body,Body Moisturizers,45.0,4.4091,9686,66.0,18.0
P449167,Shea Butter Intensive Hand Balm,L'Occitane,Bath & Body,Body Moisturizers,38.0,4.6111,9555,36.0,15.2
P442735,Almond Delightful Body Balm,L'Occitane,Bath & Body,Body Moisturizers,40.0,4.6429,8894,28.0,16.0
P428817,Shea Shower Oil,L'Occitane,Bath & Body,Bath & Shower,29.0,3.9677,7508,31.0,11.6
P451282,Shea Butter Foot Cream,L'Occitane,Bath & Body,Body Moisturizers,30.0,4.5143,7145,35.0,12.0
P39890,Verbena Shower Gel,L'Occitane,Bath & Body,Bath & Shower,22.0,4.2963,6376,135.0,8.8
P442734,Immortelle Reset Overnight Reset Oil-In Serum,L'Occitane,Skincare,Treatments,65.0,4.5333,12040,60.0,24.7
P457273,Immortelle Overnight Reset Eye Serum,L'Occitane,Skincare,Eye Care,60.0,3.6,3415,10.0,22.8
P457274,Hand Cream Trio,L'Occitane,Skincare,Value & Gift Sets,29.0,4.1429,8278,7.0,11.02
P467255,Steampod Flat Iron & Styler,L'Oreal Professionnel,Hair,Tools,250.0,4.3014,14061,438.0,112.5
P477186,Limited Edition Barbie x Steampod Flat Iron & Styler,L'Oreal Professionnel,Hair,Tools,250.0,4.2938,2867,439.0,112.5
P505037,SteamPod Flat Iron & Styler Limited Edition Bundle,L'Oreal Professionnel,Hair,Value & Gift Sets,250.0,,5,,112.5
P416341,Crème de la Mer Moisturizer,La Mer,Skincare,Moisturizers,380.0,4.0566,90776,1377.0,144.4
P426501,Mini Crème de la Mer Moisturizer,La Mer,Skincare,Mini Size,100.0,4.0566,18102,1377.0,38.0
P461949,The Concentrate Serum,La Mer,Skincare,Treatments,425.0,4.5187,7514,563.0,161.5
P480613,The Treatment Lotion,La Mer,Skincare,Moisturizers,180.0,4.6439,8097,424.0,68.4
P482024,Mini The Treatment Lotion,La Mer,Skincare,Moisturizers,125.0,4.6439,5212,424.0,47.5
P475124,The Hydrating Infused Emulsion,La Mer,Skincare,Moisturizers,125.0,4.6222,8930,360.0,47.5
P455924,The Eye Concentrate Cream,La Mer,Skincare,Eye Care,260.0,4.0535,16236,318.0,98.8
P417241,The Renewal Oil,La Mer,Skincare,Moisturizers,270.0,4.4256,14920,195.0,102.6
P417242,The Lip Balm,La Mer,Skincare,Lip Balms & Treatments,75.0,3.9323,28090,192.0,28.5
P450290,The Regenerating Serum,La Mer,Skincare,Treatments,410.0,4.375,5356,152.0,155.8
P429637,The Moisturizing Cool Gel Cream,La Mer,Skincare,Moisturizers,200.0,3.6788,8727,137.0,76.0
P416344,The Cleansing Foam,La Mer,Skincare,Cleansers,95.0,4.0,19070,119.0,36.1
P505160,The Moisturizing Soft Cream Moisturizer,La Mer,Skincare,Moisturizers,380.0,4.5146,295,103.0,144.4
P417107,The Moisturizing Soft Lotion,La Mer,Skincare,Moisturizers,320.0,4.0704,4580,71.0,121.6
P417118,The Broad Spectrum SPF 50 UV Protecting Fluid,La Mer,Skincare,Sunscreen,105.0,4.2537,12975,67.0,39.9
P421249,The Moisturizing Matte Lotion,La Mer,Skincare,Moisturizers,320.0,4.2258,4347,62.0,121.6
P444964,The Lip Volumizer,La Mer,Skincare,Lip Balms & Treatments,85.0,3.5536,19686,56.0,32.3
P480450,The Lip Polish,La Mer,Makeup,Lip,75.0,4.9091,5715,11.0,31.5
P417111,The Eye Balm Intense,La Mer,Skincare,Eye Care,260.0,3.5818,10037,55.0,98.8
P448182,The Hydrating Illuminator,La Mer,Makeup,Face,90.0,4.619,5330,21.0,37.8
P431416,The Replenishing Oil Exfoliator,La Mer,Skincare,Cleansers,135.0,4.6596,8653,47.0,51.3
P417243,The Tonic,La Mer,Skincare,Cleansers,95.0,4.1333,9567,45.0,36.1
P417114,The Cleansing Micellar Water,La Mer,Skincare,Cleansers,95.0,4.2,6735,45.0,36.1
P417116,The Body Crème,La Mer,Bath & Body,Body Moisturizers,300.0,4.125,5085,24.0,120.0
P416538,The Lifting and Firming Mask,La Mer,Skincare,Masks,300.0,4.2857,15023,42.0,114.0
P417115,The Intensive Revitalizing Mask,La Mer,Skincare,Masks,200.0,4.4571,6256,35.0,76.0
P416725,The Revitalizing Hydrating Serum,La Mer,Skincare,Treatments,255.0,4.0,8300,29.0,96.9
P433962,Treatment Lotion Hydrating Mask,La Mer,Skincare,Masks,190.0,4.2609,8179,23.0,72.2
P428636,Mini The Cleansing Foam,La Mer,Skincare,Cleansers,25.0,3.6087,8063,23.0,9.5
P428637,Mini The Lifting and Firming Mask,La Mer,Skincare,Mini Size,95.0,4.3636,7589,22.0,36.1
P461950,Mini The Concentrate Serum,La Mer,Skincare,Mini Size,220.0,4.4444,6441,18.0,83.6
P417110,The Lifting Eye Serum,La Mer,Skincare,Eye Care,300.0,3.3333,7599,15.0,114.0
P475961,Crème de La Mer Duet,La Mer,Skincare,Value & Gift Sets,380.0,4.4615,13729,13.0,144.4
P428639,Mini The Renewal Oil,La Mer,Skincare,Mini Size,145.0,4.3077,6304,13.0,55.1
P454083,The Renewal Body Oil Balm,La Mer,Bath & Body,Body Moisturizers,210.0,4.2,2060,5.0,84.0
P430405,Mini The Moisturizing Cool Gel Cream,La Mer,Skincare,Mini Size,100.0,4.3,3320,10.0,38.0
P459501,The Perfecting Primer,La Mer,Makeup,Face,95.0,3.3333,1860,6.0,39.9
P501264,The Hydrating Treatment Lotion & Crème Set,La Mer,Skincare,Value & Gift Sets,200.0,3.0,3433,2.0,76.0
P505144,Mini Moisturizing Soft Cream Moisturizer,La Mer,Mini Size,Skincare,100.0,4.0,163,1.0,45.0
P308201,Teint Idole Ultra 24H Long Wear Matte Foundation,Lancôme,Makeup,Face,57.0,4.3796,285527,5643.0,23.94
P128706,Cils Booster XL Super-Enhancing Mascara Primer,Lancôme,Makeup,Eye,30.0,4.4446,114520,4989.0,12.6
P467208,Lash Idôle Lash-Lifting & Volumizing Mascara,Lancôme,Makeup,Eye,30.0,4.5243,101479,8705.0,12.6
P379510,Advanced Génifique Radiance Boosting Face Serum,Lancôme,Skincare,Treatments,132.0,4.4032,82978,1602.0,50.16
P375939,La Vie Est Belle,Lancôme,Fragrance,Women,118.0,4.5438,82329,1177.0,35.4
P54509,Tonique Confort Re-Hydrating Comforting Toner with Acacia Honey,Lancôme,Skincare,Cleansers,39.0,4.5585,55339,1581.0,14.82
P453825,Hydra Zen Glow Liquid Lightweight Moisturizer with Hyaluronic Acid,Lancôme,Skincare,Moisturizers,54.0,4.413,9381,1511.0,20.52
P473717,Teint Idole Ultra Wear All Over Full Coverage Concealer,Lancôme,Makeup,Face,29.0,4.5854,79019,3427.0,12.18
P419848,Monsieur Big Volumizing Mascara,Lancôme,Makeup,Eye,30.0,4.0716,76225,3156.0,12.6
P54477,Bi-Facil Double-Action Eye Makeup Remover,Lancôme,Makeup,Accessories,38.0,4.6511,72577,3800.0,15.96
P431511,L'Absolu Lacquer Long-Lasting Liquid Lipstick,Lancôme,Makeup,Lip,32.0,4.2708,71038,1252.0,13.44
P422430,Hydra Zen Gel-Cream Oil-Free Moisturizer with Salicylic Acid,Lancôme,Skincare,Moisturizers,48.0,4.5629,15564,1256.0,18.24
P399503,DRAMA LIQUI-PENCIL Longwear Eyeliner,Lancôme,Makeup,Eye,23.0,4.66,63085,1147.0,9.66
P54450,Dèfinicils High Definition Lengthening Mascara,Lancôme,Makeup,Eye,33.0,4.3106,62597,3390.0,13.86
P457812,Juicy Tubes Original Lip Gloss,Lancôme,Makeup,Lip,24.0,4.569,60714,1587.0,10.08
P470041,"UV Expert Aquagel Defense Sunscreen, Primer & Moisturizer SPF 50 Duo",Lancôme,Skincare,Value & Gift Sets,65.0,4.2383,3271,1045.0,24.7
P375841,Advanced Génifique Yeux Light-Pearl Eye Serum,Lancôme,Skincare,Eye Care,80.0,4.0968,21787,1002.0,30.4
P467209,Mini Lash Idôle Lash-Lifting & Volumizing Mascara,Lancôme,Mini Size,Makeup,16.0,4.5146,52171,8899.0,7.2
P244911,L'Absolu Rouge Cream Lipstick,Lancôme,Makeup,Lip,35.0,4.5505,47764,307.0,14.7
P428823,SKIN FEELS GOOD Tinted Moisturizer with SPF 23,Lancôme,Makeup,Face,37.0,4.2722,45277,2715.0,15.54
P470536,Clarifique Exfoliating & Hydrating Face Essence with Glycolic Acid,Lancôme,Skincare,Moisturizers,95.0,4.643,10202,846.0,36.1
P54419,DUAL FINISH – Multi-tasking Longwear Powder Foundation,Lancôme,Makeup,Face,50.0,4.3308,44496,1170.0,21.0
P244006,HYPNÔSE DRAMA Instant Full Body Volume Mascara,Lancôme,Makeup,Eye,33.0,3.8518,44393,2854.0,13.86
P448111,Idôle Eau de Parfum,Lancôme,Fragrance,Women,118.0,4.5362,43464,649.0,35.4
P422457,Mini Cils Booster XL Super-Enhancing Mascara Primer,Lancôme,Mini Size,Makeup,16.0,4.3898,42732,254.0,7.2
P472981,Advanced Génifique Wrinkle & Dark Circle Eye Cream,Lancôme,Skincare,Eye Care,79.0,4.6133,22310,706.0,30.02
P479971,Rénergie H.C.F. Triple Serum: For Plumping & Anti-Aging,Lancôme,Skincare,Treatments,140.0,4.4419,9070,602.0,53.2
P500706,Teint Idole Ultra Wear Care & Glow Foundation​ with Hyaluronic Acid,Lancôme,Makeup,Face,57.0,4.5373,30476,2736.0,23.94
P422464,Mini Monsieur Big Mascara,Lancôme,Mini Size,Makeup,16.0,4.0651,30236,3259.0,7.2
P54443,ARTLINER Precision Felt-Tip Liquid Eyeliner,Lancôme,Makeup,Eye,31.0,4.4306,28437,1412.0,13.02
P468688,Teint Idole Ultra Wear 5-In-1 Foundation Stick,Lancôme,Makeup,Face,49.0,4.481,26287,1106.0,20.58
P502761,Advanced Génifique Night Cream with Triple Ceramide Complex,Lancôme,Skincare,Moisturizers,95.0,4.7127,2887,463.0,36.1
P65300,Hypnôse Volumizing Mascara,Lancôme,Makeup,Eye,33.0,4.3747,25684,958.0,13.86
P437230,L'Absolu Rouge Drama Matte Lipstick,Lancôme,Makeup,Lip,35.0,4.7168,22968,173.0,14.7
P429440,Monsieur Big Waterproof Mascara,Lancôme,Makeup,Eye,30.0,4.1268,22532,1498.0,12.6
P219008,La Base Pro Perfecting and Smoothing Makeup Primer,Lancôme,Makeup,Face,42.0,4.3243,21816,518.0,17.64
P217932,Crème Radiance Gentle Cleansing Creamy-Foam Cleanser,Lancôme,Skincare,Cleansers,34.0,4.4416,17120,394.0,12.92
P54433,Le Lip Liner,Lancôme,Makeup,Lip,28.0,4.5944,17846,180.0,11.76
P453826,Rénergie Lift Multi-Action Ultra Dark Spot Correcting Cream SPF 30,Lancôme,Skincare,Moisturizers,135.0,4.6909,8888,317.0,51.3
P467630,Rénergie Lift Multi-Action Ultra Dark Circle Correcting Eye Cream,Lancôme,Skincare,Eye Care,82.0,4.6376,9874,298.0,31.16
P262303,Hypnôse Drama Instant Full Body Volume Waterproof Mascara,Lancôme,Makeup,Eye,33.0,3.8914,16721,608.0,13.86
P54444,LE STYLO WATERPROOF - Long Lasting Eyeliner,Lancôme,Makeup,Eye,28.0,4.7253,16165,546.0,11.76
P54417,DÉFINICILS WATERPROOF - High Definition Mascara,Lancôme,Makeup,Eye,33.0,4.1222,14120,540.0,13.86
P293302,HYPNÔSE DOLL LASHES Mascara,Lancôme,Makeup,Eye,33.0,3.4726,14104,821.0,13.86
P375938,Trésor Midnight Rose,Lancôme,Fragrance,Women,125.0,4.5175,13821,114.0,37.5
P481824,Idôle Ultra-Precise Felt Tip Liquid Eyeliner,Lancôme,Makeup,Eye,23.0,4.4938,12400,891.0,9.66
P422456,Mini Bi-Facil Double-Action Eye Makeup Remover,Lancôme,Mini Size,Makeup,18.0,4.2833,11860,60.0,8.1
P484054,La Vie Est Belle Travel Spray,Lancôme,Fragrance,Women,34.0,4.5438,11469,1177.0,10.2
P375937,Trésor,Lancôme,Fragrance,Women,118.0,4.0714,11289,98.0,35.4
P217931,Tonique Radiance Clarifying Refining Toner,Lancôme,Skincare,Cleansers,31.0,4.103,6619,165.0,11.78
P425810,La Vie Est Belle L'Eclat Eau de Parfum,Lancôme,Fragrance,Women,118.0,4.2703,9884,37.0,35.4
P433569,Fix It Forget It Setting Spray,Lancôme,Makeup,Face,34.0,4.3771,9814,936.0,14.28
P474843,Absolue Soft Cream Revitalizing & Brightening Moisturizer,Lancôme,Skincare,Moisturizers,150.0,4.6763,5913,139.0,57.0
P474844,Absolue Revitalizing Eye Cream,Lancôme,Skincare,Eye Care,135.0,4.6094,5509,128.0,51.3
P482025,Absolue Rich Cream Moisturizer,Lancôme,Skincare,Moisturizers,270.0,4.8031,1453,127.0,102.6
P434531,Mini Fix It Forget It Setting Spray,Lancôme,Mini Size,Makeup,17.0,3.2051,8506,39.0,7.65
P430813,Advanced Génifique Hydrogel Melting Mask,Lancôme,Skincare,Masks,15.0,4.0833,13528,108.0,5.7
P102813,HYPNOSE WATERPROOF - Custom Volume Mascara,Lancôme,Makeup,Eye,33.0,3.949,7950,392.0,13.86
P481112,Lash Idôle Lash-Lifting & Volumizing Waterproof Mascara,Lancôme,Makeup,Eye,30.0,3.5385,7677,13.0,12.6
P422428,Hydra Zen Anti-Stress Moisturizing Face Cream,Lancôme,Skincare,Moisturizers,57.0,4.2692,5273,78.0,21.66
P500503,Le 8 Hypnôse Serum-Infused Volumizing Mascara,Lancôme,Makeup,Eye,33.0,4.158,6249,1329.0,13.86
P376135,Rénergie Lift Multi-Action Night Cream,Lancôme,Skincare,Moisturizers,160.0,4.3571,8299,56.0,60.8
P398675,La Vie Est Belle Body Lotion,Lancôme,Bath & Body,Body Moisturizers,52.0,4.6667,5110,15.0,20.8
P433461,Rose Sugar Scrub,Lancôme,Skincare,Cleansers,34.0,3.8049,7764,41.0,12.92
P379009,Rénergie Lift Multi-Action Day Cream with SPF 15 - All Skin Types,Lancôme,Skincare,Moisturizers,135.0,3.8108,3448,37.0,51.3
P403701,Mini HYPNÔSE DRAMA Mascara,Lancôme,Makeup,Eye,16.0,3.8627,4245,51.0,6.72
P447607,Rose Milk Re-Hydrating Mist,Lancôme,Skincare,Moisturizers,30.0,3.5517,5507,29.0,11.4
P447608,Rose Sorbet Cryo-Mask,Lancôme,Skincare,Masks,45.0,3.5185,3771,27.0,17.1
P432847,Mini DÉFINICILS - High Definition Mascara,Lancôme,Mini Size,Makeup,16.0,,3411,,7.2
P454029,Rènergie Lift Multi-Action Ultra Double-Wrapping Cream Face Mask,Lancôme,Skincare,Masks,68.0,4.7222,4838,18.0,25.84
P502840,Mini Advanced Génifique Radiance Boosting Face Serum,Lancôme,Mini Size,Skincare,60.0,5.0,2640,1.0,27.0
P502196,Priming Serum 24 Hour Hydrating Solid Smoothing Primer,Lancôme,Makeup,Face,46.0,4.6124,2413,178.0,19.32
P438362,Tonique Confort Hydrating & Toning Duo,Lancôme,Skincare,Value & Gift Sets,49.0,4.6667,11331,9.0,18.62
P451737,Advanced Génifique Face & Eye Serum Set,Lancôme,Skincare,Value & Gift Sets,130.0,3.875,10432,8.0,49.4
P505452,Clarifique Pro-Solution Brightening & Dark Spot Reducing Serum,Lancôme,Skincare,Treatments,85.0,4.4,23,5.0,32.3
P502823,Absolue The Serum,Lancôme,Skincare,Treatments,270.0,3.5,353,2.0,102.6
P504465,Genifique Routine Set,Lancôme,Skincare,Value & Gift Sets,165.0,,1173,,62.7
P501751,Absolue Rose 80 Brightening Toner with Salicylic Acid,Lancôme,Skincare,Cleansers,120.0,,1139,,45.6
P505457,Eyes to Idolize Set,Lancôme,Makeup,Eye,32.0,,32,,13.44
P505455,Glam Lashes on the Go Set,Lancôme,Makeup,Eye,32.0,,14,,13.44
P481823,ash Idôle Waterproof Mascara,Lancôme,Makeup,Eye,30.0,4.4611,0,347.0,12.6
P420652,Lip Sleeping Mask Intense Hydration with Vitamin C,LANEIGE,Skincare,Lip Balms & Treatments,24.0,4.3508,1081315,16118.0,9.12
P443563,Lip Glowy Balm,LANEIGE,Skincare,Lip Balms & Treatments,18.0,4.3923,471406,3722.0,6.84
P457508,Glowy Makeup Serum,LANEIGE,Makeup,Face,32.0,4.3589,118757,627.0,13.44
P446930,Cream Skin Toner & Moisturizer,LANEIGE,Skincare,Moisturizers,33.0,4.4481,143173,1859.0,12.54
P454313,Cica Sleeping Mask,LANEIGE,Skincare,Masks,34.0,4.6375,80111,971.0,12.92
P469490,Lip Treatment Balm,LANEIGE,Skincare,Lip Balms & Treatments,25.0,4.2128,93358,719.0,9.5
P482693,Water Bank Blue Hyaluronic Cream Moisturizer,LANEIGE,Skincare,Moisturizers,40.0,3.9928,48729,699.0,15.2
P466134,Radian-C Cream with Vitamin C,LANEIGE,Skincare,Moisturizers,35.0,4.4913,45923,631.0,13.3
P479330,Water Sleeping Mask with Squalane,LANEIGE,Skincare,Masks,32.0,4.3623,78940,472.0,12.16
P482692,Water Bank Blue Hyaluronic Serum,LANEIGE,Skincare,Treatments,45.0,4.7355,24759,310.0,17.1
P460514,Cream Skin Milk Oil Cleanser,LANEIGE,Skincare,Cleansers,34.0,4.3729,27415,303.0,12.92
P460513,Cream Skin Mist,LANEIGE,Skincare,Moisturizers,27.0,4.5739,43168,291.0,10.26
P503867,Retinol Firming Cream Treatment with Peptides + Hyaluronic Acid,LANEIGE,Skincare,Treatments,39.0,4.5728,8178,213.0,14.82
P501030,Radian-C Brightening Treatment Essence,LANEIGE,Skincare,Moisturizers,39.0,4.6995,10478,203.0,14.82
P504212,Berries n' Choco Kisses Set,LANEIGE,Skincare,Value & Gift Sets,26.0,4.5954,71206,173.0,9.88
P482695,Water Bank Blue Hyaluronic Gel Moisturizer,LANEIGE,Skincare,Moisturizers,40.0,4.0473,15636,169.0,15.2
P481825,Hydro UV Defense Sunscreen Broad Spectrum SPF 50+,LANEIGE,Skincare,Sunscreen,30.0,4.2583,19738,151.0,11.4
P482696,Water Bank Blue Hyaluronic Eye Cream,LANEIGE,Skincare,Eye Care,43.0,4.5385,16508,130.0,16.34
P484055,Water Bank Blue Hyaluronic Hydration Set,LANEIGE,Skincare,Value & Gift Sets,45.0,4.0192,40254,52.0,17.1
P459116,Mini Cream Skin Toner & Moisturizer,LANEIGE,Skincare,Mini Size,15.0,4.3077,17031,52.0,5.7
P504208,Midnight to Morning Hydration Set,LANEIGE,Skincare,Value & Gift Sets,21.0,4.2632,41957,38.0,7.98
P482694,Mini Water Bank Blue Hyaluronic Cream Moisturizer,LANEIGE,Skincare,Moisturizers,23.0,3.5135,13024,37.0,8.74
P500982,Water Bank Cleansing Foam,LANEIGE,Skincare,Cleansers,25.0,3.9286,7317,28.0,9.5
P503868,BTS |  Amorepacific Lip Sleeping Mask Lip & Pop Edition Set,LANEIGE,Skincare,Value & Gift Sets,35.0,4.3636,23044,22.0,13.3
P482698,Water Bank Blue Hyaluronic Exfoliating Toner,LANEIGE,Skincare,Cleansers,31.0,4.4118,8064,17.0,11.78
P482697,Water Bank Blue Hyaluronic Revitalizing Toner,LANEIGE,Skincare,Cleansers,31.0,4.0,8013,17.0,11.78
P503934,Besties Set,LANEIGE,Skincare,Value & Gift Sets,35.0,3.6667,6757,3.0,13.3
P109908,Translucent Loose Setting Powder,Laura Mercier,Makeup,Face,43.0,4.5029,813497,9335.0,18.06
P293605,Caviar Stick Eye Shadow,Laura Mercier,Makeup,Eye,32.0,4.4293,410184,4989.0,13.44
P422083,Mini Translucent Loose Setting Powder,Laura Mercier,Mini Size,Makeup,24.0,4.4659,315024,6431.0,10.8
P109936,Tinted Moisturizer Natural Skin Perfector Broad Spectrum SPF 30,Laura Mercier,Makeup,Face,53.0,4.0333,193421,2977.0,22.26
P140906,Tinted Moisturizer Oil Free Natural Skin Perfector Broad Spectrum SPF 20,Laura Mercier,Makeup,Face,53.0,4.3113,148908,6387.0,22.26
P379031,Matte Radiance Baked Powder Compact,Laura Mercier,Makeup,Face,48.0,4.5837,98093,1016.0,20.16
P433131,Blush Color Infusion,Laura Mercier,Makeup,Cheek,36.0,4.6951,96023,774.0,15.12
P109911,Secret Brightening Powder for Under Eyes,Laura Mercier,Makeup,Face,33.0,4.2645,95941,1747.0,13.86
P429050,Flawless Fusion Ultra Longwear Concealer,Laura Mercier,Makeup,Face,33.0,4.4189,93565,1900.0,13.86
P500622,Ultra-Blur Talc-Free Translucent Loose Setting Powder,Laura Mercier,Makeup,Face,48.0,4.5471,70676,541.0,20.16
P440268,Flawless Lumière Radiance-Perfecting Foundation,Laura Mercier,Makeup,Face,49.0,4.212,67983,1363.0,20.58
P422082,Tinted Moisturizer Natural Skin Perfector Broad Spectrum SPF 30 Mini,Laura Mercier,Mini Size,Makeup,29.0,3.6503,65458,469.0,13.05
P109931,Secret Camouflage Concealer,Laura Mercier,Makeup,Face,38.0,4.1251,52239,1814.0,15.96
P109906,Lip Glacé Lip Gloss,Laura Mercier,Makeup,Lip,29.0,4.552,52074,625.0,12.18
P110012,Velour Puff,Laura Mercier,Makeup,Brushes & Applicators,16.0,4.1512,48277,946.0,6.72
P473319,Caviar Stick Eye Shadow - Roseglow Collection,Laura Mercier,Makeup,Eye,32.0,4.5185,47382,785.0,13.44
P109927,Eye Basics Primer,Laura Mercier,Makeup,Eye,28.0,4.3261,43762,1475.0,11.76
P414034,Candleglow Sheer Perfecting Powder,Laura Mercier,Makeup,Face,39.0,4.0993,42979,423.0,16.38
P427041,Velour Extreme Matte Lipstick,Laura Mercier,Makeup,Lip,32.0,4.4915,41697,1176.0,13.44
P381714,Smooth Finish Foundation Powder,Laura Mercier,Makeup,Face,52.0,4.2029,40591,685.0,21.84
P482286,Tinted Moisturizer Blush,Laura Mercier,Makeup,Cheek,30.0,4.369,39633,588.0,12.6
P466665,Mini Tinted Moisturizer Oil Free Natural Skin Perfector Broad Spectrum SPF 20,Laura Mercier,Mini Size,Makeup,29.0,4.1967,39584,239.0,13.05
P467957,Secret Camouflage Correct and Brighten Concealer Duo Stick,Laura Mercier,Makeup,Face,36.0,4.2718,32009,1218.0,15.12
P443744,Rouge Essentiel Silky Cream Lipstick,Laura Mercier,Makeup,Lip,38.0,4.2411,28260,112.0,15.96
P454942,Pure Canvas Primer - Hydrating,Laura Mercier,Makeup,Face,47.0,4.4964,26101,1406.0,19.74
P480180,Jumbo Translucent Loose Setting Powder & Velour Puff,Laura Mercier,Makeup,Face,49.0,4.3571,25735,28.0,20.58
P285323,Tightline Cake Eye Liner,Laura Mercier,Makeup,Eye,28.0,4.2701,25358,422.0,11.76
P433852,Translucent Loose Setting Powder - Glow Finish,Laura Mercier,Makeup,Face,24.0,4.4055,24914,1445.0,10.08
P435359,Mini Translucent Loose Setting Powder Glow,Laura Mercier,Mini Size,Makeup,24.0,3.8941,22128,255.0,10.8
P475572,Translucent Loose Setting Powder Light Catcher,Laura Mercier,Makeup,Face,43.0,4.1326,21572,739.0,18.06
P380667,Almond Coconut Soufflé Body Crème,Laura Mercier,Bath & Body,Body Moisturizers,72.0,3.8969,20843,97.0,28.8
P433850,Translucent Pressed Setting Powder,Laura Mercier,Makeup,Face,42.0,4.2237,17875,76.0,17.64
P501817,Mini RoseGlow Caviar Stick Eyeshadow Trio,Laura Mercier,Makeup,Eye,29.0,4.2667,16611,15.0,12.18
P454941,Pure Canvas Primer - Blurring,Laura Mercier,Makeup,Face,47.0,4.1382,16113,1701.0,19.74
P453906,Mini Pure Canvas Primer - Hydrating,Laura Mercier,Makeup,Face,25.0,4.3521,15801,71.0,10.5
P501504,Petal Soft Lipstick Crayon,Laura Mercier,Makeup,Lip,32.0,4.3614,14803,451.0,13.44
P380682,Ambre Vanillé Soufflé Body Crème,Laura Mercier,Bath & Body,Body Moisturizers,72.0,4.1875,13641,32.0,28.8
P500437,RoseGlow Blush Color Infusion,Laura Mercier,Makeup,Cheek,36.0,4.625,13421,24.0,15.12
P454943,Pure Canvas Primer - Illuminating,Laura Mercier,Makeup,Face,47.0,3.7105,11964,38.0,19.74
P255110,Smooth Focus Pressed Setting Powder - Shine Control,Laura Mercier,Makeup,Face,39.0,3.9908,11865,542.0,16.38
P109941,Kohl Eye Pencil,Laura Mercier,Makeup,Eye,28.0,4.3006,11419,712.0,11.76
P443743,Longwear Lip Liner,Laura Mercier,Makeup,Lip,28.0,2.9143,11315,35.0,11.76
P454946,Mini Pure Canvas Primer - Blurring,Laura Mercier,Makeup,Face,25.0,3.0505,11259,99.0,10.5
P380664,Crème Brûlée Soufflé Body Crème,Laura Mercier,Bath & Body,Body Moisturizers,72.0,3.5152,10419,33.0,28.8
P479972,Tinted Moisturizer Light Revealer Natural Skin Illuminator Broad Spectrum SPF 25,Laura Mercier,Makeup,Face,53.0,4.2297,9644,714.0,22.26
P504012,Real Flawless Weightless Perfecting Foundation,Laura Mercier,Makeup,Face,48.0,4.1,9196,30.0,20.16
P109943,Eyebrow Pencil,Laura Mercier,Makeup,Eye,28.0,4.2556,8875,630.0,11.76
P444318,Artist Eyelash Curler,Laura Mercier,Makeup,Accessories,22.0,4.399,7767,762.0,9.24
P502987,Translucent Loose Setting Powder – Pink Tone-Up for Brightening,Laura Mercier,Makeup,Face,43.0,4.8889,6667,9.0,18.06
P467956,Mini Pure Canvas Primer Illuminating,Laura Mercier,Makeup,Face,25.0,3.6429,5635,14.0,10.5
P504190,Tinted Moisturizer Bronzer,Laura Mercier,Makeup,Cheek,30.0,2.7692,5268,13.0,12.6
P500414,RoseGlow Highlighting Powder,Laura Mercier,Makeup,Face,36.0,4.0,5025,6.0,15.12
P483668,Translucent Pure Setting Spray 16HR,Laura Mercier,Makeup,Face,40.0,3.4408,3760,574.0,16.8
P483669,Mini Translucent Pure Setting Spray 16HR,Laura Mercier,Makeup,Face,21.0,1.7727,2607,22.0,8.82
P461182,Mini Translucent Loose Setting Powder - Honey,Laura Mercier,Mini Size,Makeup,24.0,4.6503,0,386.0,10.8
P468175,Forget The Filler Lip Plumper Line Smoothing Gloss,LAWLESS,Makeup,Lip,26.0,4.0823,124667,1081.0,10.92
P480326,Forget The Filler Overnight Lip Plumping Mask,LAWLESS,Makeup,Lip,22.0,4.4308,91177,715.0,9.24
P504609,Forget the Filler Lip-Plumping Line-Smoothing Tinted Lip Balm,LAWLESS,Makeup,Lip,26.0,4.3879,63426,513.0,10.92
P450514,Mini The Little One Talc-Free Eyeshadow Palette,LAWLESS,Makeup,Eye,27.0,4.166,50218,259.0,11.34
P460814,Make Me Blush Talc-Free Velvet Blush,LAWLESS,Makeup,Cheek,29.0,4.745,35523,400.0,12.18
P461463,Mini The Baby One Talc-Free Eyeshadow Palette,LAWLESS,Mini Size,Makeup,25.0,4.7093,28599,258.0,11.25
P439204,The One Talc-Free Eyeshadow Palette,LAWLESS,Makeup,Eye,64.0,3.8482,27309,112.0,26.88
P483470,Mini Forget The Filler Lip Plumper Line Smoothing Gloss,LAWLESS,Mini Size,Makeup,15.0,3.4667,21646,30.0,6.75
P454981,Satin Luxe Classic Cream Lipstick,LAWLESS,Makeup,Lip,28.0,3.7042,20545,71.0,11.76
P482699,Conseal The Deal Lightweight Full Coverage Concealer with Caffeine,LAWLESS,Makeup,Face,26.0,4.5812,20130,191.0,10.92
P475128,Conseal The Deal Long-Wear Full-Coverage Foundation,LAWLESS,Makeup,Face,39.0,4.2183,19994,394.0,16.38
P468455,Forget The Filler Definer Lip Liner,LAWLESS,Makeup,Lip,21.0,4.5049,17009,103.0,8.82
P435713,Seal The Deal Talc-Free Loose Setting Powder,LAWLESS,Makeup,Face,36.0,4.0977,16319,174.0,15.12
P458546,Set The Stage Hydrating Primer Serum,LAWLESS,Skincare,Treatments,32.0,4.5976,12625,251.0,12.16
P449098,Summer Skin Talc-Free Velvet Matte Bronzer,LAWLESS,Makeup,Cheek,38.0,4.45,14596,60.0,15.96
P478722,Mini The Glam One Talc-Free Eyeshadow Palette,LAWLESS,Mini Size,Makeup,25.0,4.3,11113,10.0,11.25
P448148,Mini Seal The Deal Talc-Free Loose Setting Powder,LAWLESS,Mini Size,Makeup,23.0,3.5577,10829,52.0,10.35
P502170,Hold Up Soft Set Creamy Eyebrow Wax,LAWLESS,Makeup,Eye,21.0,4.7289,10006,284.0,8.82
P475127,Glam Guard Long-Wear Setting Spray,LAWLESS,Makeup,Face,20.0,4.3257,9523,218.0,8.4
P472317,The One & Done Volumizing Mascara,LAWLESS,Makeup,Eye,25.0,4.1337,7947,359.0,10.5
P502178,Shape Up Soft Fill Eyebrow Pencil,LAWLESS,Makeup,Eye,21.0,4.6968,4994,277.0,8.82
P483670,Mini The One & Done Volumizing Mascara,LAWLESS,Mini Size,Makeup,15.0,2.6667,2971,6.0,6.75
P464265,Satin Luxe Classic Cream Lipstick - Baby,LAWLESS,Makeup,Lip,28.0,5.0,2246,2.0,11.76
P505251,The Lavender One Talc-Free Eyeshadow Palette,LAWLESS,Makeup,Eye,27.0,,532,,11.34
P450886,Mini Lovingly Lip Tinted Lip Oil Duo,lilah b.,Makeup,Lip,22.0,4.0556,42501,72.0,9.24
P444317,Lovingly Lip Tinted Lip Oil Gloss,lilah b.,Makeup,Lip,30.0,4.0756,34905,119.0,12.6
P474342,Mini Lovingly Lip Nourish + Shine Lip Oil Set,lilah b.,Mini Size,Makeup,22.0,4.2,20954,5.0,9.9
P421444,Divine Duo Lip & Cheek Blush,lilah b.,Makeup,Lip,46.0,3.9048,20326,63.0,19.32
P472318,Lovingly Lip Hyaluronic Treatment Oil,lilah b.,Makeup,Lip,30.0,4.4242,19791,99.0,12.6
P421441,Aglow Hydrating + Setting Face Mist,lilah b.,Makeup,Face,48.0,4.1987,18509,156.0,20.16
P437317,Mini Aglow Hydrating + Setting Face Mist,lilah b.,Mini Size,Makeup,16.0,3.7895,12509,38.0,7.2
P427722,Glisten + Glow Highlighting Skin Illuminator,lilah b.,Makeup,Face,32.0,4.4722,12150,36.0,13.44
P421448,Virtuous Veil Concealer + Skin Perfector,lilah b.,Makeup,Face,38.0,3.9464,12110,56.0,15.96
P421445,Flawless Finish Pressed Setting Powder,lilah b.,Makeup,Face,48.0,3.8667,8418,45.0,20.16
P455190,Mini Aglow Priming Oil Serum,lilah b.,Makeup,Mini Size,25.0,4.2647,7466,34.0,10.5
P454771,Aglow Cleansing Butter,lilah b.,Skincare,Cleansers,14.0,4.5349,4469,86.0,5.32
P476514,Mini Aglow Golden Priming Oil,lilah b.,Mini Size,Makeup,25.0,3.8571,5900,7.0,11.25
P434534,Marvelous Matte Crème Foundation,lilah b.,Makeup,Face,54.0,3.975,5162,40.0,22.68
P454770,Aglow Priming Oil Serum,lilah b.,Makeup,Face,68.0,4.1316,5020,76.0,28.56
P476419,Aglow Golden Priming Oil,lilah b.,Makeup,Face,68.0,4.6207,4902,58.0,28.56
P455191,Mini Aglow Cleansing Butter,lilah b.,Skincare,Mini Size,14.0,3.5882,6802,17.0,5.32
P451888,Glisten & Glow Skin Illuminator- Mini,lilah b.,Makeup,Face,32.0,3.8846,0,26.0,13.44
P471256,Lilly Lashes Lite Faux Mink Lashes,Lilly Lashes,Makeup,Eye,20.0,4.726,27127,1175.0,8.4
P439212,Lilly Lashes Lite Mink,Lilly Lashes,Makeup,Eye,20.0,4.3434,26627,166.0,8.4
P471255,Lilly Lashes 3D Faux Mink Lashes,Lilly Lashes,Makeup,Eye,28.0,4.5734,20179,1111.0,11.76
P451195,Lilly Lashes Brush On Lash Adhesive,Lilly Lashes,Makeup,Eye,13.0,4.4886,19512,1230.0,5.46
P460844,Welcome to Miami Collection,Lilly Lashes,Makeup,Eye,20.0,4.1538,15657,13.0,8.4
P483672,Everyday Faux Mink Lashes,Lilly Lashes,Makeup,Eye,24.0,4.473,9977,518.0,10.08
P465812,Power Liner - Eyeliner and Lash Adhesive Hybrid,Lilly Lashes,Makeup,Eye,20.0,4.0803,7314,1145.0,8.4
P456006,Lilly Lashes Lash Curler,Lilly Lashes,Makeup,Accessories,16.0,3.5273,6169,55.0,6.72
P479331,Click Magnetic Faux Mink Eyelashes,Lilly Lashes,Makeup,Eye,30.0,2.8889,5454,9.0,12.6
P501299,Click Magnetic Faux Mink False Lash Collection,Lilly Lashes,Makeup,Eye,30.0,4.3157,3943,491.0,12.6
P456007,Lilly Lashes Brush On Lash Adhesive: Black,Lilly Lashes,Makeup,Eye,13.0,3.9977,3564,438.0,5.46
P504914,3D Faux Mink Butterfl'eye Half Eyelashes,Lilly Lashes,Makeup,Eye,20.0,4.0,3235,6.0,8.4
P502057,Click Magnetic Collection Starter Kit—Bestie,Lilly Lashes,Makeup,Eye,35.0,1.875,3034,32.0,14.7
P481826,Click Magnetic Value Set,Lilly Lashes,Makeup,Value & Gift Sets,35.0,4.3333,2552,3.0,14.7
P502413,Level Up Lash Serum Value Set,Lilly Lashes,Makeup,Eye,48.0,,2408,,20.16
P501302,Lilly Lashes Click Magnetic Felt Tip Eyeliner,Lilly Lashes,Makeup,Eye,26.0,4.3699,2298,292.0,10.92
P479332,Click Magnetic Liquid Eyeliner,Lilly Lashes,Makeup,Eye,34.0,2.5,2283,6.0,14.28
P501247,Level Up Lash Conditioning Serum,Lilly Lashes,Makeup,Eye,48.0,3.9502,1862,321.0,20.16
P399330,Perfect hair Day (PhD) Dry Shampoo,Living Proof,Hair,Hair Styling & Treatments,43.0,4.3469,126074,4024.0,19.35
P384533,Perfect Hair Day Shampoo,Living Proof,Hair,Shampoo & Conditioner,32.0,4.5474,47240,232.0,14.4
P383223,Perfect Hair Day (PhD) 5-in-1 Styling Treatment,Living Proof,Hair,Hair Styling & Treatments,32.0,4.1956,43047,1048.0,14.4
P415925,Restore Perfecting Spray,Living Proof,Hair,Hair Styling & Treatments,32.0,4.2955,36266,616.0,14.4
P270706,Full Shampoo,Living Proof,Hair,Shampoo & Conditioner,32.0,4.4714,35854,210.0,14.4
P437657,Scalp Care Dry Scalp Treatment,Living Proof,Hair,Hair Styling & Treatments,37.0,4.301,33713,309.0,16.65
P384534,Perfect Hair Day Conditioner,Living Proof,Hair,Shampoo & Conditioner,32.0,4.6787,31720,221.0,14.4
P296439,Restore Shampoo,Living Proof,Hair,Shampoo & Conditioner,32.0,4.6199,25836,221.0,14.4
P244509,No Frizz Shampoo,Living Proof,Hair,Shampoo & Conditioner,65.0,4.5721,25336,201.0,29.25
P296440,Restore Conditioner,Living Proof,Hair,Shampoo & Conditioner,32.0,4.6651,22192,209.0,14.4
P254603,Full Thickening Cream,Living Proof,Hair,Hair Styling & Treatments,30.0,4.1299,22117,2255.0,13.5
P501168,Triple Bond Complex Leave-in Hair Treatment,Living Proof,Hair,Hair Styling & Treatments,45.0,4.3859,21343,622.0,20.25
P244510,No Frizz Conditioner,Living Proof,Hair,Shampoo & Conditioner,32.0,4.67,21246,203.0,14.4
P270707,Full Conditioner,Living Proof,Hair,Shampoo & Conditioner,32.0,4.74,20984,200.0,14.4
P419620,Perfect Hair Day In-Shower Styler,Living Proof,Hair,Hair Styling & Treatments,30.0,3.8854,17090,567.0,13.5
P440977,Perfect hair Day (PhD) Triple Detox Shampoo,Living Proof,Hair,Shampoo & Conditioner,32.0,4.4595,13296,592.0,14.4
P426023,Mini Restore Perfecting Spray,Living Proof,Mini Size,Hair,17.0,4.5789,12919,19.0,7.65
P392308,Restore Repair Leave-In,Living Proof,Hair,Hair Styling & Treatments,31.0,4.3304,11781,115.0,13.95
P378142,Amp² Instant Texture Volumizer,Living Proof,Hair,Hair Styling & Treatments,30.0,4.0034,11134,295.0,13.5
P454059,Restore Repair Hair Mask,Living Proof,Hair,Hair Styling & Treatments,42.0,4.382,10489,521.0,18.9
P467774,Curl Definer Conditioning Cream,Living Proof,Hair,Hair Styling & Treatments,37.0,4.4411,10363,263.0,16.65
P467773,Curl Enhancer Conditioning Cream,Living Proof,Hair,Hair Styling & Treatments,37.0,4.2278,9383,259.0,16.65
P426026,Mini Perfect Hair Day In-Shower Styler,Living Proof,Mini Size,Hair,14.0,3.6769,8690,65.0,6.3
P457231,Mini Perfect Hair Day (PhD) 5-in-1 Styling Treatment,Living Proof,Hair,Hair Styling & Treatments,18.0,4.1429,8660,14.0,8.1
P468832,Scalp Care Revitalizing Treatment,Living Proof,Hair,Hair Styling & Treatments,35.0,4.0826,8465,121.0,15.75
P501160,Mini Triple Bond Complex Leave-in Hair Treatment,Living Proof,Mini Size,Hair,20.0,4.3859,8315,622.0,9.0
P439091,Mini Full Thickening Cream,Living Proof,Hair,Hair Styling & Treatments,17.0,3.9412,8315,17.0,7.65
P467777,Curl Defining Gel,Living Proof,Hair,Hair Styling & Treatments,31.0,4.3886,8103,211.0,13.95
P411028,Full Root Lift,Living Proof,Hair,Hair Styling & Treatments,30.0,3.8431,7701,51.0,13.5
P501315,No Frizz Vanishing Oil,Living Proof,Hair,Hair Styling & Treatments,32.0,4.6597,7663,429.0,14.4
P467771,Curl Shampoo,Living Proof,Hair,Shampoo & Conditioner,35.0,4.2236,6961,653.0,15.75
P454057,No Frizz Intense Moisture Hair Mask,Living Proof,Hair,Hair Styling & Treatments,42.0,3.9608,6740,255.0,18.9
P467772,Curl Conditioner,Living Proof,Hair,Shampoo & Conditioner,35.0,4.2829,6662,661.0,15.75
P467776,Curl Moisturizing Shine Oil,Living Proof,Hair,Hair Styling & Treatments,33.0,4.554,6474,213.0,14.85
P454058,Perfect Hair Day Weightless Mask,Living Proof,Hair,Hair Styling & Treatments,42.0,4.4355,5339,62.0,18.9
P480456,Mini Curl Definer Conditioning Cream,Living Proof,Hair,Hair Styling & Treatments,19.0,4.4411,4609,263.0,8.55
P425964,Mini Perfect Hair Day Conditioner,Living Proof,Mini Size,Hair,16.0,3.25,4135,4.0,7.2
P467775,Curl Elongator Conditioning Cream,Living Proof,Hair,Hair Styling & Treatments,42.0,4.1971,2592,208.0,18.9
P503224,Perfect hair Day Healthy Hair Perfector,Living Proof,Hair,Hair Styling & Treatments,32.0,4.8169,2523,71.0,14.4
P422037,Mini Perfect Hair Day Shampoo,Living Proof,Hair,Shampoo & Conditioner,16.0,3.5,2434,4.0,7.2
P503236,Mini Perfect hair Day Healthy Hair Perfector,Living Proof,Mini Size,Hair,18.0,3.0,1515,4.0,8.1
P504311,No Frizz Smooth Styling Cream,Living Proof,Hair,Hair Styling & Treatments,42.0,4.8221,1398,281.0,18.9
P480454,Mini Curl Shampoo,Living Proof,Hair,Shampoo & Conditioner,17.0,4.2236,1394,653.0,7.65
P504338,No Frizz Smooth Styling Spray,Living Proof,Hair,Hair Styling & Treatments,40.0,4.8358,1389,268.0,18.0
P480455,Mini Curl Conditioner,Living Proof,Hair,Shampoo & Conditioner,17.0,4.2829,1380,661.0,7.65
P504450,No Frizz S/C and Mini Styling Cream Set,Living Proof,Hair,Value & Gift Sets,50.0,4.64,1306,25.0,22.5
P504294,No Frizz Smooth Styling Serum,Living Proof,Hair,Hair Styling & Treatments,36.0,4.832,1175,256.0,16.2
P504287,Mini No Frizz Smooth Styling Cream,Living Proof,Mini Size,Hair,18.0,4.8221,1058,281.0,8.1
P505050,Perfect Hair Day Jumbo Set,Living Proof,Hair,Value & Gift Sets,99.0,,96,,44.55
P468384,Higher Standard Satin Matte Cream Blush,LYS Beauty,Makeup,Cheek,18.0,4.7471,82865,340.0,7.56
P468380,Triple Fix Serum Foundation,LYS Beauty,Makeup,Face,24.0,4.3079,64683,617.0,10.08
P500123,No Limits Cream Bronzer and Contour Stick,LYS Beauty,Makeup,Cheek,20.0,4.5256,49198,156.0,8.4
P480618,Triple Fix Brightening Concealer,LYS Beauty,Makeup,Face,19.0,4.3865,35749,251.0,7.98
P468383,No Limits Matte Bronzer,LYS Beauty,Makeup,Cheek,19.0,4.5248,33245,141.0,7.98
P468382,Triple Fix Setting Powder,LYS Beauty,Makeup,Face,19.0,4.2093,28006,86.0,7.98
P468385,Speak Love Glossy Lip Treatment Oil,LYS Beauty,Makeup,Lip,12.0,4.5556,22581,207.0,5.04
P503938,Speak Love Moisture Matte Lipstick,LYS Beauty,Makeup,Lip,20.0,4.6825,12468,63.0,8.4
P477199,Aim High Pressed Highlighter Powder,LYS Beauty,Makeup,Face,19.0,4.4348,12098,46.0,7.98
P468381,Secure Skin Gripping Serum Primer,LYS Beauty,Makeup,Face,20.0,3.6842,8137,95.0,8.4
P503895,Speak Love Lip Liner Pencil,LYS Beauty,Makeup,Lip,15.0,4.8857,7932,35.0,6.3
P476884,Aim High Multi-Use Liquid Highlighter,LYS Beauty,Makeup,Face,19.0,4.5278,6801,36.0,7.98
P505047,High Performance Face Serum with Vitamin C and Hyaluronic Acid,MACRENE actives,Skincare,Treatments,195.0,4.9268,254,41.0,74.1
P505140,Plumping High Performance Lip Filler with Hyaluronic Acid,MACRENE actives,Skincare,Lip Balms & Treatments,95.0,4.7692,422,26.0,36.1
P505142,High Performance Eye Cream for Dark Circles with Hyaluronic Acid,MACRENE actives,Skincare,Eye Care,135.0,4.8947,328,19.0,51.3
P505131,Moisturizing High Performance Face Cream with Peptides,MACRENE actives,Skincare,Moisturizers,225.0,4.9333,297,15.0,85.5
P505133,High Performance Face Cleanser for Clear Skin with Niacinamide,MACRENE actives,Skincare,Cleansers,85.0,4.9231,204,13.0,32.3
P431161,No.04 Bois de Balincourt Perfume Oil,Maison Louis Marie,Fragrance,Women,65.0,4.0769,24710,208.0,19.5
P431160,No.04 Bois de Balincourt Eau de Parfum,Maison Louis Marie,Fragrance,Women,93.0,3.872,20350,211.0,27.9
P431159,No.04 Bois de Balincourt Candle,Maison Louis Marie,Fragrance,Candles & Home Scents,38.0,3.3571,15464,84.0,11.4
P471051,Discovery Eau de Parfum Sampler Set,Maison Louis Marie,Fragrance,Value & Gift Sets,22.0,3.5862,14805,29.0,6.6
P443565,No.04 Bois de Balincourt Eau de Parfum Travel Spray,Maison Louis Marie,Fragrance,Women,32.0,3.4961,12540,129.0,9.6
P472320,No.04 Bois de Balincourt Perfume Oil Rollerball,Maison Louis Marie,Fragrance,Women,16.0,3.1129,12503,62.0,4.8
P451665,No. 04 Bois de Balincourt Luxury Perfume Gift Set,Maison Louis Marie,Fragrance,Value & Gift Sets,122.0,4.2826,10469,46.0,36.6
P464785,No.04 Bois de Balincourt Deodorant,Maison Louis Marie,Bath & Body,Body Care,20.0,3.9649,9707,114.0,8.0
P431168,No.09 Vallée de Farney Eau de Parfum,Maison Louis Marie,Fragrance,Women,93.0,4.5217,4445,23.0,27.9
P473846,No.03 L'Etang Noir Perfume Oil Rollerball,Maison Louis Marie,Bath & Body,Body Moisturizers,16.0,3.92,4244,25.0,6.4
P500316,Discovery Oil Sampler Set,Maison Louis Marie,Fragrance,Value & Gift Sets,54.0,4.6667,3830,6.0,16.2
P473847,No.09 Vallée de Farney Perfume Oil Rollerball,Maison Louis Marie,Bath & Body,Body Moisturizers,16.0,4.125,3515,8.0,6.4
P431164,No.02 Le Long Fond Perfume Oil,Maison Louis Marie,Bath & Body,Body Moisturizers,65.0,4.45,3431,20.0,26.0
P469491,No.12 Bousval Eau de Parfum,Maison Louis Marie,Fragrance,Women,93.0,3.9333,2863,30.0,27.9
P473822,Antidris Cassis Perfume Oil Rollerball,Maison Louis Marie,Bath & Body,Body Moisturizers,16.0,3.3077,2787,13.0,6.4
P431165,No.05 Kandilli Candle,Maison Louis Marie,Bath & Body,Candles & Home Scents,38.0,4.2143,2764,14.0,15.2
P431167,No.09 Vallée de Farney Perfume Oil,Maison Louis Marie,Bath & Body,Body Moisturizers,65.0,4.1111,2688,18.0,26.0
P447751,Antidris Cassis Candle,Maison Louis Marie,Fragrance,Candles & Home Scents,38.0,3.5333,2446,15.0,11.4
P473845,No.02 Le Long Fond Perfume Oil Rollerball,Maison Louis Marie,Bath & Body,Body Moisturizers,16.0,3.2727,2325,11.0,6.4
P447753,No.03 L'Etang Noir Perfume Oil,Maison Louis Marie,Bath & Body,Body Moisturizers,65.0,4.1724,2319,29.0,26.0
P431166,No.05 Kandilli Perfume Oil,Maison Louis Marie,Bath & Body,Body Moisturizers,65.0,3.5455,2232,11.0,26.0
P431158,Antidris Cassis Perfume Oil,Maison Louis Marie,Bath & Body,Body Moisturizers,65.0,3.8824,2226,17.0,26.0
P467032,No.04 Bois de Balincourt Body and Hand Wash,Maison Louis Marie,Bath & Body,Bath & Shower,29.0,3.6,2219,5.0,11.6
P431157,Antidris Cassis Eau de Parfum,Maison Louis Marie,Fragrance,Women,93.0,3.7778,2000,9.0,27.9
P468387,No.04 Bois de Balincourt Diffuser,Maison Louis Marie,Fragrance,Candles & Home Scents,92.0,3.8,1916,5.0,27.6
P447752,No. 09 Vallee de Farney Candle,Maison Louis Marie,Fragrance,Candles & Home Scents,38.0,3.875,1867,8.0,11.4
P467256,No.12 Bousval Perfume Oil,Maison Louis Marie,Bath & Body,Body Moisturizers,65.0,4.2727,1694,11.0,26.0
P447749,Antidris Lavender Candle,Maison Louis Marie,Fragrance,Candles & Home Scents,38.0,4.0,1468,4.0,11.4
P431163,No.02 Le Long Fond Eau de Parfum,Maison Louis Marie,Fragrance,Women,93.0,4.0,1285,9.0,27.9
P469492,No.12 Bousval Candle,Maison Louis Marie,Fragrance,Candles & Home Scents,38.0,4.2,1068,5.0,11.4
P404758,’REPLICA’ By the Fireplace,Maison Margiela,Fragrance,Women,160.0,4.3562,120369,2016.0,48.0
P385358,’REPLICA’ Beach Walk,Maison Margiela,Fragrance,Women,160.0,4.2097,98217,1645.0,48.0
P480182,REPLICA' Memory Box Perfume Set,Maison Margiela,Fragrance,Value & Gift Sets,39.0,3.966,76741,147.0,11.7
P385350,’REPLICA’ Jazz Club,Maison Margiela,Fragrance,Women,160.0,4.5857,62769,980.0,48.0
P385354,’REPLICA’ Lazy Sunday Morning,Maison Margiela,Fragrance,Women,160.0,4.1206,58695,423.0,48.0
P466135,REPLICA' Bubble Bath,Maison Margiela,Fragrance,Women,160.0,3.8528,51417,625.0,48.0
P440447,’REPLICA’ Beach Walk Travel Spray,Maison Margiela,Fragrance,Women,35.0,4.2097,46196,1645.0,10.5
P461184,REPLICA' Coffee Break Eau de Toilette,Maison Margiela,Fragrance,Women,160.0,3.9526,38579,612.0,48.0
P432622,’REPLICA’ By The Fireplace Travel Spray,Maison Margiela,Fragrance,Women,35.0,4.3562,38419,2016.0,10.5
P408227,’REPLICA’ Jazz Club Travel Spray,Maison Margiela,Fragrance,Women,35.0,4.5857,38153,980.0,10.5
P461185,REPLICA' Coffee Break Eau de Toilette Travel Spray,Maison Margiela,Fragrance,Women,35.0,3.9526,29546,612.0,10.5
P427008,’REPLICA’ Sailing Day,Maison Margiela,Fragrance,Women,160.0,4.2477,28790,218.0,48.0
P466136,REPLICA' Bubble Bath Travel Spray,Maison Margiela,Fragrance,Women,35.0,3.8528,28124,625.0,10.5
P440634,REPLICA' Under the Lemon Trees,Maison Margiela,Fragrance,Women,160.0,4.209,27964,531.0,48.0
P479498,REPLICA' When the Rain Stops,Maison Margiela,Fragrance,Women,160.0,3.9856,26606,277.0,48.0
P440635,REPLICA' Under the Lemon Trees Travel Spray,Maison Margiela,Fragrance,Women,35.0,4.209,26344,531.0,10.5
P440448,’REPLICA’ Lazy Sunday Morning Travel Spray,Maison Margiela,Fragrance,Women,35.0,4.1206,25702,423.0,10.5
P473175,REPLICA' Autumn Vibes,Maison Margiela,Fragrance,Women,160.0,3.7399,20416,569.0,48.0
P473176,REPLICA' Autumn Vibes Travel Spray,Maison Margiela,Fragrance,Women,35.0,3.7399,19867,569.0,10.5
P472168,REPLICA' Matcha Meditation,Maison Margiela,Fragrance,Women,160.0,4.2971,18770,276.0,48.0
P503905,’REPLICA’ On A Date,Maison Margiela,Fragrance,Women,160.0,3.9948,17536,382.0,48.0
P419511,REPLICA' By The Fireplace Scented Candle,Maison Margiela,Fragrance,Candles & Home Scents,70.0,4.0526,14722,76.0,21.0
P443390,’REPLICA’ Sailing Day Travel Spray,Maison Margiela,Fragrance,Women,35.0,4.3043,13540,69.0,10.5
P503924,’REPLICA’ On A Date Travel Spray,Maison Margiela,Fragrance,Women,35.0,3.3143,13337,35.0,10.5
P479499,REPLICA' When the Rain Stops Travel Spray,Maison Margiela,Fragrance,Women,35.0,3.9856,12729,277.0,10.5
P419513,REPLICA' Lazy Sunday Morning Scented Candle,Maison Margiela,Fragrance,Candles & Home Scents,70.0,3.8125,10846,16.0,21.0
P422045,’REPLICA’ Jazz Club Scented Candle,Maison Margiela,Fragrance,Candles & Home Scents,70.0,4.3333,8614,54.0,21.0
P503234,By the Fireplace and Beach Walk Perfume Duo Set,Maison Margiela,Fragrance,Value & Gift Sets,122.0,5.0,7213,4.0,36.6
P467127,REPLICA' Bubble Bath Scented Candle,Maison Margiela,Fragrance,Candles & Home Scents,70.0,3.25,5641,8.0,21.0
P466666,REPLICA' Beach Vibes Scented Candle,Maison Margiela,Fragrance,Candles & Home Scents,70.0,4.4667,4378,30.0,21.0
P468181,REPLICA' Springtime in a Park Scented Candle,Maison Margiela,Fragrance,Candles & Home Scents,65.0,5.0,4066,4.0,19.5
P502313,REPLICA' By The Fireplace Diffuser,Maison Margiela,Fragrance,Candles & Home Scents,95.0,4.7778,1307,18.0,28.5
P503939,’REPLICA’ On a Date Scented Candle,Maison Margiela,Fragrance,Candles & Home Scents,70.0,4.5,1253,22.0,21.0
P502411,REPLICA' Lazy Sunday Morning Diffuser,Maison Margiela,Fragrance,Candles & Home Scents,95.0,4.3684,1177,19.0,28.5
P503353,’REPLICA’ Jazz Club Refill Set,Maison Margiela,Fragrance,Value & Gift Sets,170.0,,1086,,51.0
P502384,REPLICA' Jazz Club Diffuser,Maison Margiela,Fragrance,Candles & Home Scents,95.0,,77,,28.5
P430969,"Artist Color Pencil Brow, Eye & Lip Liner",MAKE UP FOR EVER,Makeup,Eye,22.0,4.2698,303646,582.0,9.24
P427647,Artist Color Eye Shadow,MAKE UP FOR EVER,Makeup,Eye,19.0,4.2577,232369,815.0,7.98
P479712,HD Skin Undetectable Longwear Foundation,MAKE UP FOR EVER,Makeup,Face,45.0,4.0891,157773,2087.0,18.9
P398775,Ultra HD Invisible Cover Stick Foundation,MAKE UP FOR EVER,Makeup,Face,43.0,4.033,153959,2756.0,18.06
P183919,Aqua Lip Waterproof Lipliner Pencil,MAKE UP FOR EVER,Makeup,Lip,22.0,4.4419,150168,2091.0,9.24
P151107,Full Cover Concealer,MAKE UP FOR EVER,Makeup,Face,34.0,4.3574,120132,4885.0,14.28
P421281,"Artist Face Color Highlight, Sculpt and Blush Powder",MAKE UP FOR EVER,Makeup,Face,25.0,4.5547,97905,750.0,10.5
P439652,Ultra HD Self-Setting Medium Coverage Concealer,MAKE UP FOR EVER,Makeup,Face,30.0,4.2324,81885,938.0,12.6
P415958,Star Lit Powder,MAKE UP FOR EVER,Makeup,Face,21.0,4.5889,77563,253.0,8.82
P454035,Reboot Active Care Revitalizing Foundation,MAKE UP FOR EVER,Makeup,Face,42.0,4.1626,69171,898.0,17.64
P434023,Matte Velvet Skin Full Coverage Foundation,MAKE UP FOR EVER,Makeup,Face,40.0,3.8216,64524,2007.0,16.8
P462883,Rouge Artist Lipstick,MAKE UP FOR EVER,Makeup,Lip,25.0,4.4403,62686,561.0,10.5
P421291,Artist Color Refillable Makeup Palette,MAKE UP FOR EVER,Makeup,Makeup Palettes,4.0,4.73,57439,263.0,1.68
P219411,Flash Color Palette Multi-use Cream Color Palette,MAKE UP FOR EVER,Makeup,Makeup Palettes,99.0,4.4317,53311,278.0,41.58
P437364,Star Lit Diamond Powder,MAKE UP FOR EVER,Makeup,Eye,26.0,4.4359,51702,39.0,10.92
P460730,Aqua Resist Color Pencil Eyeliner,MAKE UP FOR EVER,Makeup,Eye,24.0,4.1205,47839,614.0,10.08
P417171,Ultra HD Microfinishing Pressed Powder,MAKE UP FOR EVER,Makeup,Face,39.0,3.9823,42291,226.0,16.38
P379925,Smoky Extravagant Mascara,MAKE UP FOR EVER,Makeup,Eye,25.0,4.0931,40328,1966.0,10.5
P460729,Matte Velvet Skin High Coverage Multi-Use Concealer,MAKE UP FOR EVER,Makeup,Face,30.0,4.3733,39326,584.0,12.6
P417172,Ultra HD Microfinishing Loose Powder,MAKE UP FOR EVER,Makeup,Face,39.0,3.7262,34374,431.0,16.38
P500323,Mini HD Skin Undetectable Longwear Foundation,MAKE UP FOR EVER,Makeup,Face,22.0,3.8684,34004,38.0,9.24
P504432,HD Skin Matte Velvet Undetectable Longwear Blurring Powder Foundation,MAKE UP FOR EVER,Makeup,Face,43.0,4.3464,33682,511.0,18.06
P382443,250 Extra Fine Eyeliner Brush,MAKE UP FOR EVER,Makeup,Brushes & Applicators,18.0,4.5664,31516,113.0,7.56
P171101,Sens’Eyes - Waterproof Sensitive Eye Cleanser,MAKE UP FOR EVER,Makeup,Accessories,25.0,4.3658,29284,2231.0,10.5
P460731,Aqua Resist Smoky Eyeshadow Stick,MAKE UP FOR EVER,Makeup,Eye,27.0,3.9661,27955,59.0,11.34
P404776,Pro Sculpting Face Palette,MAKE UP FOR EVER,Makeup,Cheek,45.0,4.497,26462,169.0,18.9
P169812,Aqua Seal,MAKE UP FOR EVER,Makeup,Eye,21.0,4.1444,25949,374.0,8.82
P476574,Ultra HD Matte Setting Powder,MAKE UP FOR EVER,Makeup,Face,39.0,4.4434,24849,557.0,16.38
P428677,Ultra HD Underpainting Color Correction Palette,MAKE UP FOR EVER,Makeup,Face,42.0,4.1087,23037,46.0,17.64
P440956,Ultra HD Invisible Cover Cream Foundation Palette,MAKE UP FOR EVER,Makeup,Face,110.0,4.186,22356,43.0,46.2
P425604,Mini Ultra HD Microfinishing Pressed Powder,MAKE UP FOR EVER,Mini Size,Makeup,23.0,4.0968,21465,62.0,10.35
P468185,Step 1 Primer Color Corrector - Redness Corrector,MAKE UP FOR EVER,Makeup,Face,39.0,4.295,19428,505.0,16.38
P500992,Rouge Artist For Ever Matte 24HR Longwear Liquid Lipstick,MAKE UP FOR EVER,Makeup,Lip,25.0,4.1005,19148,209.0,10.5
P483474,Aqua Resist Color Ink 24HR Waterproof  Liquid Eyeliner,MAKE UP FOR EVER,Makeup,Eye,26.0,3.7487,16234,199.0,10.92
P382379,158 Double Ended Sculpting Brush,MAKE UP FOR EVER,Makeup,Brushes & Applicators,53.0,4.5763,16231,321.0,22.26
P422221,Mini Ultra HD Microfinishing Loose Powder,MAKE UP FOR EVER,Mini Size,Makeup,20.0,3.5833,15982,84.0,9.0
P382378,130 Large Powder Brush,MAKE UP FOR EVER,Makeup,Brushes & Applicators,55.0,4.8511,15548,94.0,23.1
P468191,Mini Step 1 Primer Pore Minimizer,MAKE UP FOR EVER,Makeup,Mini Size,20.0,4.4144,14821,263.0,8.4
P382399,216 Medium Precision Eye Blender Brush,MAKE UP FOR EVER,Makeup,Brushes & Applicators,25.0,4.8367,14817,49.0,10.5
P387211,Professional Bag,MAKE UP FOR EVER,Tools & Brushes,Beauty Accessories,125.0,4.5102,14446,49.0,62.5
P468186,Color Correcting Step 1 Primers,MAKE UP FOR EVER,Makeup,Face,39.0,4.2937,12984,504.0,16.38
P417174,Ultra HD Skin Booster,MAKE UP FOR EVER,Makeup,Face,41.0,4.0452,11657,155.0,17.22
P446310,MiniMist & Fix Hydrating Setting Spray,MAKE UP FOR EVER,Mini Size,Makeup,15.0,3.7632,10239,38.0,6.75
P468182,Step 1 Primer Pore Minimizer,MAKE UP FOR EVER,Makeup,Face,39.0,4.4844,9957,225.0,16.38
P476549,Rouge Artist Shine On Lipstick,MAKE UP FOR EVER,Makeup,Lip,25.0,4.0909,9649,22.0,10.5
P468193,Mini Step 1 Primer Hydra Booster,MAKE UP FOR EVER,Makeup,Mini Size,20.0,4.467,9473,227.0,8.4
P422218,Mini Sens’Eyes - Waterproof Sensitive Eye Cleanser,MAKE UP FOR EVER,Mini Size,Makeup,13.0,3.6395,8613,86.0,5.85
P382404,274 Double Ended Eyebrow Brush,MAKE UP FOR EVER,Makeup,Brushes & Applicators,28.0,4.234,8449,94.0,11.76
P382377,126 Medium Powder Brush,MAKE UP FOR EVER,Makeup,Brushes & Applicators,55.0,4.5,8336,16.0,23.1
P428676,Ultra HD Soft Light Liquid Highlighter,MAKE UP FOR EVER,Makeup,Face,29.0,4.3239,8166,71.0,12.18
P382383,124 Powder Kabuki Brush,MAKE UP FOR EVER,Makeup,Brushes & Applicators,52.0,4.8222,8166,45.0,21.84
P454975,Buffing Foundation Brush 112,MAKE UP FOR EVER,Makeup,Brushes & Applicators,43.0,4.85,8051,20.0,18.06
P382431,226 Medium Eye Shader Brush,MAKE UP FOR EVER,Makeup,Brushes & Applicators,25.0,4.6154,8048,26.0,10.5
P454728,Mini Light Velvet Air Shine-Control Refreshing Spray,MAKE UP FOR EVER,Makeup,Face,15.0,4.0323,7829,31.0,6.3
P382409,160 Blush Brush,MAKE UP FOR EVER,Makeup,Brushes & Applicators,45.0,4.5357,7772,28.0,18.9
P468192,Mini Step 1 Primer Shine Control,MAKE UP FOR EVER,Makeup,Mini Size,20.0,3.9444,7576,252.0,8.4
P382438,156 Large Flat Blush Brush,MAKE UP FOR EVER,Makeup,Brushes & Applicators,37.0,4.25,7109,28.0,15.54
P468184,Step 1 Primer Hydra Booster,MAKE UP FOR EVER,Makeup,Face,39.0,4.4902,6677,204.0,16.38
P502974,Supreme Nude Lips Rouge Artist Lipstick Duo,MAKE UP FOR EVER,Makeup,Lip,29.0,4.5714,6550,7.0,12.18
P386652,Aqua Smoky Extravagant Waterproof Mascara,MAKE UP FOR EVER,Makeup,Eye,25.0,2.8291,6297,357.0,10.5
P454727,Light Velvet Air Shine-Control Refreshing Spray,MAKE UP FOR EVER,Makeup,Face,29.0,4.0566,6206,53.0,12.18
P468183,Step 1 Primer Shine Control,MAKE UP FOR EVER,Makeup,Face,39.0,4.1196,5632,209.0,16.38
P481719,#109 HD Skin Foundation Brush,MAKE UP FOR EVER,Makeup,Brushes & Applicators,45.0,4.8235,5613,17.0,18.9
P483473,Aqua Resist Graphic Pen 24HR Waterproof Intense Eyeliner,MAKE UP FOR EVER,Makeup,Eye,24.0,4.3165,5423,278.0,10.08
P472989,Aqua Resist Waterproof Tinted Eyebrow Gel,MAKE UP FOR EVER,Makeup,Eye,25.0,4.3548,5331,217.0,10.5
P501505,The Professionall 24HR Double-Ended Lifting & Volumizing Mascara,MAKE UP FOR EVER,Makeup,Eye,28.0,4.1111,4563,270.0,11.76
P472988,Aqua Resist Waterproof Eyebrow Definer Pencil,MAKE UP FOR EVER,Makeup,Eye,25.0,4.4511,4072,235.0,10.5
P504180,Mini Step 1 Primer Color Corrector – 24HR Redness Control & Hydrating Primer,MAKE UP FOR EVER,Mini Size,Makeup,20.0,4.25,3908,4.0,9.0
P472990,Aqua Resist Waterproof Eyebrow Filler Pencil,MAKE UP FOR EVER,Makeup,Eye,25.0,4.3957,1998,235.0,10.5
P504862,HD Skin Sponge,MAKE UP FOR EVER,Makeup,Brushes & Applicators,18.0,4.8,1623,5.0,7.56
P504860,Mist & Fix 24HR Hydrating Setting Spray,MAKE UP FOR EVER,Makeup,Face,33.0,4.0,1039,2.0,13.86
P504863,Mini Mist & Fix 24HR Hydrating Setting Spray,MAKE UP FOR EVER,Makeup,Mini Size,15.0,,981,,6.3
P504859,Mini Gentle Eye Gel Waterproof Eye & Lip Makeup Remover,MAKE UP FOR EVER,Makeup,Mini Size,15.0,,729,,6.3
P504861,Gentle Eye Gel Waterproof Eye & Lip Makeup Remover,MAKE UP FOR EVER,Skincare,Cleansers,29.0,,1031,,11.02
P481114,MoistureGlow Plumping Lip Serum,MAKEUP BY MARIO,Makeup,Lip,24.0,3.7357,239935,541.0,10.08
P472327,SoftSculpt Shaping Stick,MAKEUP BY MARIO,Makeup,Face,30.0,3.9188,204467,345.0,12.6
P503679,SurrealSkin Liquid Foundation,MAKEUP BY MARIO,Makeup,Face,42.0,3.5156,151804,642.0,17.64
P98364786,Master Mattes Eyeshadow Palette,MAKEUP BY MARIO,Makeup,Eye,50.0,3.8672,134621,482.0,21.0
P477838,Ultra Suede Sculpting Lip Pencil,MAKEUP BY MARIO,Makeup,Lip,24.0,4.717,131018,106.0,10.08
P472324,Soft Pop Blush Stick,MAKEUP BY MARIO,Makeup,Cheek,30.0,4.4064,126546,283.0,12.6
P500452,SoftSculpt Transforming Skin Enhancer,MAKEUP BY MARIO,Makeup,Face,30.0,4.4878,110274,410.0,12.6
P477837,Ultra Suede Lipstick,MAKEUP BY MARIO,Makeup,Lip,26.0,4.2609,87541,138.0,10.92
P501527,Ethereal Eyes Eyeshadow Palette,MAKEUP BY MARIO,Makeup,Eye,68.0,4.0391,81473,128.0,28.56
P472325,Soft Pop Powder Blush,MAKEUP BY MARIO,Makeup,Cheek,26.0,4.5283,74765,106.0,10.92
P472326,SoftSculpt Bronzer,MAKEUP BY MARIO,Makeup,Cheek,30.0,4.193,68020,114.0,12.6
P39853698,Master Pigment Pro Eyeliner Pencil,MAKEUP BY MARIO,Makeup,Eye,24.0,3.6923,67716,312.0,10.08
P33257988,Master Crystal Reflector,MAKEUP BY MARIO,Makeup,Eye,26.0,3.7719,62075,228.0,10.92
P500403,SoftSculpt Transforming Skin Perfector,MAKEUP BY MARIO,Makeup,Cheek,34.0,3.8906,56932,128.0,14.28
P481720,Ultra Suede️ Cozy Lip Creme,MAKEUP BY MARIO,Makeup,Lip,26.0,3.7717,49082,92.0,10.92
P472328,Soft Glow Highlighter,MAKEUP BY MARIO,Makeup,Face,30.0,4.2429,34208,70.0,12.6
P503698,Surreal Foundation F4 Brush,MAKEUP BY MARIO,Makeup,Brushes & Applicators,30.0,4.0,31191,34.0,12.6
P04456664,Master Eye Prep & Set,MAKEUP BY MARIO,Makeup,Eye,30.0,3.5946,29675,111.0,12.6
P13211222,Master Secret Glow Highlighter,MAKEUP BY MARIO,Makeup,Face,24.0,2.9794,27578,194.0,10.08
P64197382,Master Metals Eyeshadow Palette,MAKEUP BY MARIO,Makeup,Eye,50.0,4.4203,27304,69.0,21.0
P472322,F1 Makeup Brush,MAKEUP BY MARIO,Makeup,Brushes & Applicators,30.0,4.9167,26145,24.0,12.6
P02318798,Master Metallics Eyeshadow Palette,MAKEUP BY MARIO,Makeup,Eye,50.0,3.4063,25738,96.0,21.0
P472323,F2 Makeup Brush,MAKEUP BY MARIO,Makeup,Brushes & Applicators,30.0,4.3571,20234,14.0,12.6
P472321,F3 Makeup Brush,MAKEUP BY MARIO,Makeup,Brushes & Applicators,30.0,4.25,18434,12.0,12.6
P465781,Pro Volume Lip Gloss,MAKEUP BY MARIO,Makeup,Lip,22.0,3.95,18322,40.0,9.24
P475575,Master Hold Brow Gel,MAKEUP BY MARIO,Makeup,Eye,22.0,3.9151,17465,106.0,9.24
P46587789,EF 1 Makeup Brush,MAKEUP BY MARIO,Makeup,Brushes & Applicators,24.0,3.9286,16423,28.0,10.08
P01018539,Master Mattes Liquid Eyeliner,MAKEUP BY MARIO,Makeup,Eye,24.0,3.8428,13625,159.0,10.08
P475576,Master Blade Brow Pencil,MAKEUP BY MARIO,Makeup,Eye,24.0,2.9688,8858,32.0,10.08
P07778978,EF 2 Makeup Brush,MAKEUP BY MARIO,Makeup,Brushes & Applicators,24.0,4.2143,7881,14.0,10.08
P477805,Perfecting Lip Scrub,MAKEUP BY MARIO,Makeup,Lip,24.0,4.4828,7335,29.0,10.08
P64581325,E 3 Makeup Brush,MAKEUP BY MARIO,Makeup,Brushes & Applicators,24.0,5.0,6840,5.0,10.08
P74789566,E 5 Makeup Brush,MAKEUP BY MARIO,Makeup,Brushes & Applicators,24.0,4.7143,6214,7.0,10.08
P97512348,E 4 Makeup Brush,MAKEUP BY MARIO,Makeup,Brushes & Applicators,24.0,3.8333,4871,6.0,10.08
P87788965,Gentle Makeup Remover Wipes,MAKEUP BY MARIO,Makeup,Accessories,15.0,3.0,3877,20.0,6.3
P503992,Chia + Moringa Algae Enzyme Cleansing Oil,MARA,Skincare,Cleansers,58.0,4.8839,4444,224.0,22.04
P503991,Algae + Moringa Universal Hydrating Face Oil,MARA,Skincare,Moisturizers,72.0,4.9009,1595,111.0,27.36
P504026,Mini Algae + Moringa Universal Face Oil,MARA,Skincare,Moisturizers,40.0,4.9009,1333,111.0,15.2
P504016,Mini Evening Primrose + Green Tea Algae Retinol Face Oil,MARA,Skincare,Moisturizers,66.0,4.9487,1039,78.0,25.08
P504031,Evening Primrose + Green Tea Algae Retinol Face Oil,MARA,Skincare,Moisturizers,120.0,4.9487,940,78.0,45.6
P504059,Chlorella + Reishi Sea Vitamin C Sérum,MARA,Skincare,Treatments,96.0,4.9032,1554,62.0,36.48
P504199,Plankton + PHAFlower Acid Algae Serum,MARA,Skincare,Treatments,74.0,4.8846,1159,52.0,28.12
P504134,Sea Silk Lip Balm,MARA,Skincare,Lip Balms & Treatments,26.0,4.4444,6580,36.0,9.88
P504023,Algae + Zinc Sea Kale Mineral Sunscreen Sérum SPF 30,MARA,Skincare,Treatments,52.0,4.5714,1323,28.0,19.76
P504040,Spirulina + Ashwagandha Volcanic Sea Clay Detox Masque,MARA,Skincare,Masks,54.0,4.8519,1713,27.0,20.52
P191858,Daisy,Marc Jacobs Fragrances,Fragrance,Women,128.0,4.4946,141969,2800.0,38.4
P442304,Mini Daisy Perfume Set,Marc Jacobs Fragrances,Fragrance,Value & Gift Sets,25.0,4.4766,108057,128.0,7.5
P281424,Daisy Eau so Fresh Eau de Toilette,Marc Jacobs Fragrances,Fragrance,Women,139.0,4.4982,62440,1389.0,41.7
P460871,Perfect Eau de Parfum,Marc Jacobs Fragrances,Fragrance,Women,149.0,4.341,49603,1047.0,44.7
P431151,Daisy Love Eau de Toilette,Marc Jacobs Fragrances,Fragrance,Women,128.0,4.5216,38065,1135.0,38.4
P442513,Daisy Love Eau So Sweet,Marc Jacobs Fragrances,Fragrance,Women,128.0,4.4223,36509,296.0,38.4
P387562,Daisy Dream,Marc Jacobs Fragrances,Fragrance,Women,95.0,4.2077,35756,313.0,28.5
P377464,Daisy Rollerball,Marc Jacobs Fragrances,Fragrance,Women,34.0,4.4943,18057,2786.0,10.2
P460872,Perfect Eau de Parfum Travel Spray,Marc Jacobs Fragrances,Fragrance,Women,34.0,4.341,17081,1047.0,10.2
P431153,Daisy Love Eau de Toilette Pen Spray,Marc Jacobs Fragrances,Fragrance,Women,34.0,4.5216,15857,1135.0,10.2
P387564,Daisy Dream Rollerball,Marc Jacobs Fragrances,Fragrance,Women,34.0,4.4375,15570,144.0,10.2
P501021,Daisy Ever So Fresh Eau de Parfum,Marc Jacobs Fragrances,Fragrance,Women,163.0,4.2781,14931,356.0,48.9
P474346,Perfect Intense Eau de Parfum,Marc Jacobs Fragrances,Fragrance,Women,156.0,4.3029,11080,525.0,46.8
P471261,Daisy Eau So Intense Eau de Parfum,Marc Jacobs Fragrances,Fragrance,Women,116.0,4.3281,9217,759.0,34.8
P501267,Mini Daisy Perfume Gift Set,Marc Jacobs Fragrances,Fragrance,Value & Gift Sets,69.0,4.0,7644,4.0,20.7
P377465,Daisy Eau so Fresh Eau de Toilette Rollerball,Marc Jacobs Fragrances,Fragrance,Women,34.0,4.4982,6678,1389.0,10.2
P474347,Perfect Intense Eau de Parfum Travel Spray,Marc Jacobs Fragrances,Fragrance,Women,34.0,4.3029,5686,525.0,10.2
P503831,Daisy Paradise Eau de Toilette,Marc Jacobs Fragrances,Fragrance,Women,90.0,4.5636,5002,236.0,27.0
P504454,Mini Perfect Eau de Parfum Set,Marc Jacobs Fragrances,Fragrance,Value & Gift Sets,35.0,5.0,4861,3.0,10.5
P503592,Daisy Penspray Trio Set,Marc Jacobs Fragrances,Fragrance,Value & Gift Sets,55.0,5.0,4440,4.0,16.5
P501034,Daisy Ever So Fresh Eau de Parfum Penspray,Marc Jacobs Fragrances,Fragrance,Women,34.0,3.5,4403,4.0,10.2
P504279,Daisy Love Paradise Eau de Toilette,Marc Jacobs Fragrances,Fragrance,Women,90.0,4.5597,4346,159.0,27.0
P453666,Daisy Dream Daze,Marc Jacobs Fragrances,Fragrance,Women,86.0,4.25,3739,4.0,25.8
P504682,Perfect Eau de Toilette,Marc Jacobs Fragrances,Fragrance,Women,128.0,4.2083,3024,336.0,38.4
P459165,Daisy Dream Petals,Marc Jacobs Fragrances,Fragrance,Women,50.0,4.2077,2679,313.0,15.0
P504168,Daisy Eau So Fresh Paradise Eau de Toilette,Marc Jacobs Fragrances,Fragrance,Women,104.0,4.5278,1951,180.0,31.2
P505217,Mini Daisy Perfume Set,Marc Jacobs Fragrances,Fragrance,Value & Gift Sets,35.0,5.0,1818,1.0,10.5
P504857,Daisy Perfume Set,Marc Jacobs Fragrances,Fragrance,Value & Gift Sets,75.0,5.0,1235,1.0,22.5
P442514,Daisy Love Eau So Sweet Penspray,Marc Jacobs Fragrances,Fragrance,Women,34.0,,0,,10.2
P440498,Drying Lotion,Mario Badescu,Skincare,Treatments,17.0,4.0955,57039,398.0,6.46
P440482,"Facial Spray with Aloe, Herbs and Rosewater",Mario Badescu,Skincare,Moisturizers,7.0,3.7567,42146,300.0,2.66
P440503,Lip Balm,Mario Badescu,Skincare,Lip Balms & Treatments,8.0,4.2515,32609,167.0,3.04
P440483,"Facial Spray with Aloe, Cucumber and Green Tea",Mario Badescu,Skincare,Moisturizers,7.0,3.9603,19617,126.0,2.66
P444967,"Mini Facial Spray with Aloe, Herbs and Rosewater",Mario Badescu,Skincare,Mini Size,5.0,4.1138,32572,123.0,1.9
P440484,"Facial Spray with Aloe, Chamomile and Lavender",Mario Badescu,Skincare,Moisturizers,7.0,4.4396,16337,91.0,2.66
P440490,Acne Facial Cleanser,Mario Badescu,Skincare,Cleansers,15.0,3.7625,13045,80.0,5.7
P440502,Hyaluronic Eye Cream,Mario Badescu,Skincare,Eye Care,18.0,3.24,10678,75.0,6.84
P440486,Glycolic Acid Toner,Mario Badescu,Skincare,Cleansers,18.0,4.1507,14598,73.0,6.84
P440485,Enzyme Cleansing Gel,Mario Badescu,Skincare,Cleansers,14.0,3.75,6291,72.0,5.32
P444968,"Mini Facial Spray with Aloe, Cucumber and Green Tea",Mario Badescu,Skincare,Mini Size,5.0,3.8382,16475,68.0,1.9
P440489,Glycolic Foaming Cleanser,Mario Badescu,Skincare,Cleansers,16.0,4.129,8640,62.0,6.08
P440501,Seaweed Night Cream,Mario Badescu,Skincare,Moisturizers,22.0,3.8387,7833,62.0,8.36
P440494,Vitamin C Serum,Mario Badescu,Skincare,Treatments,45.0,4.0816,10060,49.0,17.1
P444969,"Mini Facial Spray with Aloe, Chamomile and Lavender",Mario Badescu,Skincare,Mini Size,5.0,3.8511,11554,47.0,1.9
P440496,Buffering Lotion,Mario Badescu,Skincare,Cleansers,19.0,3.9512,4679,41.0,7.22
P468690,Rose Body Soap,Mario Badescu,Bath & Body,Bath & Shower,8.0,4.1053,4870,19.0,3.2
P440491,Botanical Exfoliating Scrub,Mario Badescu,Skincare,Cleansers,26.0,4.5405,6646,37.0,9.88
P440492,Buttermilk Moisturizer,Mario Badescu,Skincare,Moisturizers,18.0,3.9714,5546,35.0,6.84
P444615,Witch Hazel & Rosewater Toner,Mario Badescu,Skincare,Cleansers,14.0,4.0882,12154,34.0,5.32
P440499,Silver Powder,Mario Badescu,Skincare,Treatments,12.0,4.3939,6384,33.0,4.56
P455909,Facial Spray with Aloe Sage & Orange Blossom,Mario Badescu,Skincare,Moisturizers,7.0,4.4375,6786,32.0,2.66
P440493,Oil Free Moisturizer Broad Spectrum SPF 30,Mario Badescu,Skincare,Moisturizers,28.0,3.6452,4935,31.0,10.64
P440500,Super Collagen Mask,Mario Badescu,Skincare,Masks,18.0,4.0,9986,21.0,6.84
P460756,Hyaluronic Dew Cream,Mario Badescu,Skincare,Moisturizers,26.0,3.2,1647,15.0,9.88
P474964,"Facial Spray with Aloe Adaptogens, and Coconut Water",Mario Badescu,Skincare,Moisturizers,9.0,4.2857,3932,14.0,3.42
P479973,"Mini Facial Spray with Aloe Adaptogens, and Coconut Water",Mario Badescu,Skincare,Moisturizers,7.0,3.6,5440,10.0,2.66
P462378,Anti-Aging Regimen Kit,Mario Badescu,Skincare,Value & Gift Sets,30.0,4.3,2962,10.0,11.4
P462381,Glycolic Eye Cream,Mario Badescu,Skincare,Eye Care,20.0,4.1111,2932,9.0,7.6
P479974,Brightening Eye Serum,Mario Badescu,Skincare,Eye Care,24.0,3.2857,2532,7.0,9.12
P462379,Witch Hazel & Lavender Toner,Mario Badescu,Skincare,Cleansers,14.0,4.0,2138,6.0,5.32
P462375,Hyaluronic Dew Drops Hydrating Serum,Mario Badescu,Skincare,Treatments,30.0,3.5,2112,6.0,11.4
P462384,Spritz. Mist. Glow. Facial Spray Trio,Mario Badescu,Skincare,Value & Gift Sets,21.0,3.0,5387,5.0,7.98
P468196,The Glow Up,Mario Badescu,Skincare,Value & Gift Sets,49.0,2.5,2710,4.0,18.62
P462383,Flower & Tonic Clay Mask,Mario Badescu,Skincare,Masks,18.0,4.5,2333,4.0,6.84
P460757,Brightening Mask with Vitamin C,Mario Badescu,Skincare,Masks,22.0,3.5,2200,4.0,8.36
P462386,Drying Cream,Mario Badescu,Skincare,Treatments,17.0,3.75,1635,4.0,6.46
P471784,Gentle Foaming Cleanser,Mario Badescu,Skincare,Cleansers,14.0,4.0,2867,3.0,5.32
P502709,Mini Mist Collection,Mario Badescu,Skincare,Value & Gift Sets,20.0,4.5,2768,2.0,7.6
P500256,Mineral Sunscreen SPF 30,Mario Badescu,Skincare,Sunscreen,28.0,5.0,983,2.0,10.64
P462377,Acne Repair Kit,Mario Badescu,Skincare,Value & Gift Sets,46.0,,2124,,17.48
P480330,Grab and Go Set,Mario Badescu,Skincare,Value & Gift Sets,22.0,,787,,8.36
P481123,burn - jojoba oil massage candle,maude,Bath & Body,Body Care,18.0,4.7264,13945,106.0,7.2
P481118,Wash - pH-balanced body wash and bubble bath,maude,Bath & Body,Body Care,22.0,4.7405,9925,158.0,8.8
P481117,"Shine - ultra-hydrating, organic aloe-based personal lubricant",maude,Bath & Body,Body Care,10.0,4.7836,7732,171.0,4.0
P481115,Vibe - 3-speed flutter-tip vibrator,maude,Bath & Body,Body Care,49.0,4.6722,5406,180.0,19.6
P481122,Soak - vitamin-rich mineral bath salts,maude,Bath & Body,Body Care,18.0,4.6782,5401,87.0,7.2
P481119,"Oil - 100% organic, cold-pressed body and bath oil",maude,Bath & Body,Body Care,35.0,4.8983,4652,59.0,14.0
P481120,"Wipe - water-activated, biodegradable wipes",maude,Bath & Body,Body Care,12.0,4.8846,4611,52.0,4.8
P481126,Tub Kit - mineral bath salt soak and coconut milk bath set,maude,Bath & Body,Body Care,36.0,4.7083,4473,96.0,14.4
P502859,"spot—5-speed, internal vibrator",maude,Bath & Body,Body Care,79.0,4.7179,2937,117.0,31.6
P481121,Clean - hydrating hand sanitizing spray with coconut oil,maude,Bath & Body,Body Care,10.0,4.6538,2532,52.0,4.0
P481116,Drop - 3-speed all-over vibrator,maude,Bath & Body,Body Care,49.0,4.4174,1827,115.0,19.6
P503335,burn trio—massage candle gift set,maude,Fragrance,Candles & Home Scents,54.0,5.0,1189,1.0,16.2
P477464,Multi-Use Softening Leave In Conditioner,Melanin Haircare,Hair,Hair Styling & Treatments,23.0,4.4348,8760,69.0,10.35
P477463,Multi-Use Pure Oil Blend,Melanin Haircare,Hair,Hair Styling & Treatments,22.0,4.303,8674,33.0,9.9
P477384,African Black Soap Reviving Shampoo,Melanin Haircare,Hair,Shampoo & Conditioner,20.0,4.5938,5605,32.0,9.0
P477493,Twist-Elongating Style Cream,Melanin Haircare,Hair,Hair Styling & Treatments,20.0,4.6667,4608,24.0,9.0
P500477,Plumping Deep Conditioner,Melanin Haircare,Hair,Shampoo & Conditioner,32.0,4.6,3873,25.0,14.4
P444444,Smoke Sessions Eyeshadow Palette,Melt Cosmetics,Makeup,Eye,48.0,4.2561,61838,289.0,20.16
P468389,Cream Blushlight,Melt Cosmetics,Makeup,Cheek,24.0,4.4798,49720,173.0,10.08
P444548,Liquid Lipstick,Melt Cosmetics,Makeup,Lip,19.0,3.8091,42989,110.0,7.98
P452685,Ultra Matte Gel Eyeliner,Melt Cosmetics,Makeup,Eye,22.0,4.1935,28605,124.0,9.24
P444545,Digital Dust Highlight,Melt Cosmetics,Makeup,Face,39.0,4.5217,25338,69.0,16.38
P472478,Ultra-Matte Lipstick,Melt Cosmetics,Makeup,Lip,22.0,3.582,24907,122.0,9.24
P462718,Digital Dust Duo Blush,Melt Cosmetics,Makeup,Cheek,39.0,4.5672,23551,67.0,16.38
P481127,Slick Waterline Eye Pencil,Melt Cosmetics,Makeup,Eye,19.0,4.075,20703,40.0,7.98
P457824,Four Twenty Eyeshadow Palette,Melt Cosmetics,Makeup,Eye,58.0,4.043,18496,93.0,24.36
P444446,Twenty-Seven Eyeshadow Palette,Melt Cosmetics,Makeup,Eye,58.0,4.36,18311,50.0,24.36
P444547,Blushlight,Melt Cosmetics,Makeup,Cheek,22.0,4.4412,18058,34.0,9.24
P459150,She's In Parties Eyeshadow Palette,Melt Cosmetics,Makeup,Eye,48.0,4.2703,16498,74.0,20.16
P501445,Mini Bad Side Zodiac Eyeshadow Palette,Melt Cosmetics,Makeup,Eye,38.0,4.3333,16465,12.0,15.96
P456964,Rust Eyeshadow Palette,Melt Cosmetics,Makeup,Eye,58.0,4.8,16452,75.0,24.36
P471559,Mary Jane Eyeshadow Palette,Melt Cosmetics,Makeup,Eye,58.0,3.5455,15410,132.0,24.36
P455560,Millennial Pinx Eyeshadow Palette,Melt Cosmetics,Makeup,Eye,58.0,3.3956,13403,91.0,24.36
P444546,Blush,Melt Cosmetics,Makeup,Cheek,22.0,3.587,11874,46.0,9.24
P455561,Crushed Glitter Lip Gloss,Melt Cosmetics,Makeup,Lip,16.0,3.3864,11258,44.0,6.72
P483477,Gemini Eyeshadow Palette 1,Melt Cosmetics,Makeup,Eye,58.0,4.7059,10900,17.0,24.36
P476886,Monarca Blush Palette – Amor y Mariposas Collection,Melt Cosmetics,Makeup,Cheek,58.0,4.5263,10646,19.0,24.36
P483478,Gemini Eyeshadow Palette 2,Melt Cosmetics,Makeup,Eye,58.0,3.4865,10404,37.0,24.36
P474348,SexFoil Liquid Highlighter,Melt Cosmetics,Makeup,Face,39.0,4.3636,10124,22.0,16.38
P477201,Perfectionist Lip Pencil,Melt Cosmetics,Makeup,Lip,19.0,3.1905,9381,21.0,7.98
P473121,Brunet Eyeshadow Palette,Melt Cosmetics,Makeup,Eye,48.0,3.9565,7382,23.0,20.16
P462885,The Deep Cream Bronzer and Contour Sculpt Stack,Melt Cosmetics,Makeup,Face,48.0,4.5,4639,6.0,20.16
P478296,Supernatural Lash Mascara,Melt Cosmetics,Makeup,Eye,24.0,3.8,3266,35.0,10.08
P502025,Ultra-Matte Bronzer,Melt Cosmetics,Makeup,Cheek,39.0,4.0,2123,7.0,16.38
P504916,Perfectionist Brow Gel,Melt Cosmetics,Makeup,Eye,25.0,4.6667,1507,3.0,10.5
P504920,Perfectionist Brow Ultra-Fine Pen,Melt Cosmetics,Makeup,Eye,24.0,4.1667,1305,6.0,10.08
P504891,Perfectionist Brow Pencil,Melt Cosmetics,Makeup,Eye,22.0,3.0,1095,4.0,9.24
P468691,Shade Slick Tinted Lip Oil,MERIT,Makeup,Lip,24.0,4.3081,171427,779.0,10.08
P468693,Flush Balm Cream Blush,MERIT,Makeup,Cheek,28.0,4.5074,166231,946.0,11.76
P468694,The Minimalist Perfecting Complexion Foundation and Concealer Stick,MERIT,Makeup,Face,38.0,4.056,134395,500.0,15.96
P481403,Signature Lip Lightweight Lipstick,MERIT,Makeup,Lip,26.0,4.4573,121993,586.0,10.92
P501766,Bronze Balm Sheer Sculpting Bronzer,MERIT,Makeup,Cheek,30.0,4.6625,98474,397.0,12.6
P468696,Day Glow Dewy Highlighting Balm,MERIT,Makeup,Face,30.0,4.3953,65710,516.0,12.6
P468697,Brush No. 1 Tapered Blending Brush,MERIT,Makeup,Brushes & Applicators,30.0,4.6041,41611,197.0,12.6
P502966,Great Skin Instant Glow Serum with Niacinamide and Hyaluronic Acid,MERIT,Skincare,Treatments,38.0,4.6486,45008,481.0,14.44
P468692,Clean Lash Lengthening Tubing Mascara,MERIT,Makeup,Eye,26.0,4.1034,23122,290.0,10.92
P468695,Brow 1980 Volumizing Eyebrow Pomade Gel,MERIT,Makeup,Eye,24.0,4.192,16883,224.0,10.08
P441813,Hydro Grip Hydrating Makeup Primer,MILK MAKEUP,Makeup,Face,38.0,4.1158,325001,5680.0,15.96
P441814,Mini Hydro Grip Hydrating Makeup Primer,MILK MAKEUP,Makeup,Mini Size,20.0,3.661,270077,1401.0,8.4
P437097,Lip + Cheek Cream Blush Stick,MILK MAKEUP,Makeup,Cheek,24.0,4.2705,251478,1667.0,10.08
P404797,Matte Cream Bronzer Stick,MILK MAKEUP,Makeup,Cheek,24.0,3.9843,221334,1658.0,10.08
P429903,KUSH High Volumizing Mascara,MILK MAKEUP,Makeup,Eye,28.0,3.8976,130385,10231.0,11.76
P463071,Hydro Grip Setting + Refreshing Spray,MILK MAKEUP,Makeup,Face,38.0,4.523,117502,1868.0,15.96
P463072,Mini Hydro Grip Setting + Refreshing Spray,MILK MAKEUP,Makeup,Mini Size,22.0,3.8702,104038,262.0,9.24
P410176,Sunshine Skin Tint Clean SPF 30 Foundation,MILK MAKEUP,Makeup,Face,42.0,4.1277,102036,705.0,17.64
P411508,Holographic Stick,MILK MAKEUP,Makeup,Face,24.0,3.9036,96845,674.0,10.08
P453253,Vegan Milk Moisturizer,MILK MAKEUP,Skincare,Moisturizers,38.0,4.2213,35156,1672.0,14.44
P433125,KUSH Fiber Eyebrow Gel,MILK MAKEUP,Makeup,Eye,22.0,4.3577,86371,1451.0,9.24
P404795,Cooling Water,MILK MAKEUP,Skincare,Moisturizers,28.0,3.6775,107607,1327.0,10.64
P404798,Cream Highlighter Stick,MILK MAKEUP,Makeup,Face,24.0,3.8355,69527,602.0,10.08
P500448,Future Fluid All Over Medium Coverage Hydrating Concealer,MILK MAKEUP,Makeup,Face,29.0,4.3944,66767,573.0,12.18
P432232,Mini KUSH High Volumizing Mascara,MILK MAKEUP,Mini Size,Makeup,15.0,3.7667,65563,9897.0,6.75
P425737,Mini Holographic Stick,MILK MAKEUP,Mini Size,Makeup,24.0,3.8278,60757,389.0,10.8
P448151,Flex Foundation Stick,MILK MAKEUP,Makeup,Face,36.0,4.1264,51881,1123.0,15.12
P483675,Mini Pore Eclipse Mattifying + Blurring Makeup Primer,MILK MAKEUP,Makeup,Face,20.0,4.4828,51686,841.0,8.4
P404793,Sunshine Vitamin C + Squalane Face Oil,MILK MAKEUP,Skincare,Moisturizers,39.0,4.3713,22337,967.0,14.82
P446824,KUSH Lash + Brow Enhancing Serum,MILK MAKEUP,Makeup,Eye,52.0,3.7877,48673,457.0,21.84
P476713,Hydro Grip Eyeshadow and Concealer Primer,MILK MAKEUP,Makeup,Eye,25.0,3.9111,48381,765.0,10.5
P503903,Sculpt Cream Contour Stick,MILK MAKEUP,Makeup,Face,24.0,4.4381,43129,315.0,10.08
P456126,Vegan Milk Cleanser,MILK MAKEUP,Skincare,Cleansers,30.0,4.4259,17898,789.0,11.4
P475966,Sunshine Under Eye Brightening Light Coverage Concealer,MILK MAKEUP,Makeup,Face,28.0,4.3609,40244,640.0,11.76
P483674,Pore Eclipse Mattifying + Blurring Makeup Primer,MILK MAKEUP,Makeup,Face,38.0,4.6054,38136,626.0,15.96
P428235,Luminous Blur Stick Primer,MILK MAKEUP,Makeup,Face,36.0,4.1845,30932,1073.0,15.12
P476712,Bionic Liquid Blush with Hyaluronic Acid,MILK MAKEUP,Makeup,Cheek,24.0,4.3404,30519,1034.0,10.08
P468863,Electric Glossy Lip Plumper,MILK MAKEUP,Makeup,Lip,25.0,4.0122,26730,1062.0,10.5
P481128,Bionic Sunkissed Liquid Bronzer with Hyaluronic Acid,MILK MAKEUP,Makeup,Cheek,30.0,4.5578,25405,389.0,12.6
P433124,KUSH Clear Brow Gel,MILK MAKEUP,Makeup,Eye,22.0,3.8917,22116,277.0,9.24
P468864,Color Chalk Multi-Use Powder Pigment,MILK MAKEUP,Makeup,Eye,18.0,3.3947,19826,76.0,7.56
P443308,KUSH Lash Primer,MILK MAKEUP,Makeup,Eye,28.0,3.9871,17973,389.0,11.76
P501572,Infinity Long Lasting Waterproof Eyeliner Pencil,MILK MAKEUP,Makeup,Eye,22.0,4.6209,17788,211.0,9.24
P444400,Mini KUSH Waterproof Mascara,MILK MAKEUP,Makeup,Mini Size,15.0,2.4578,17062,509.0,6.3
P430903,Watermelon Brightening Serum,MILK MAKEUP,Skincare,Treatments,36.0,3.7258,38968,299.0,13.68
P404794,Hydrating Oil Stick,MILK MAKEUP,Skincare,Moisturizers,32.0,3.8478,40465,276.0,12.16
P481384,Mini RISE Lifting + Lengthening Mascara,MILK MAKEUP,Mini Size,Makeup,15.0,4.0784,15195,1582.0,6.75
P447742,Mini KUSH Lash Primer,MILK MAKEUP,Mini Size,Makeup,15.0,3.033,14342,91.0,6.75
P443307,KUSH Waterproof Mascara,MILK MAKEUP,Makeup,Eye,15.0,2.8077,13155,780.0,6.3
P437098,Mini Luminous Blur Stick Primer,MILK MAKEUP,Mini Size,Makeup,20.0,3.1628,12669,43.0,9.0
P479643,RISE Lifting + Lengthening Mascara,MILK MAKEUP,Makeup,Eye,28.0,4.1868,11446,1124.0,11.76
P481129,Bionic Glow Illuminating Liquid Highlighter with Hyaluronic Acid,MILK MAKEUP,Makeup,Face,36.0,4.6786,11333,140.0,15.12
P500102,Hydro Ungrip Makeup Removing Cleansing Balm,MILK MAKEUP,Skincare,Cleansers,36.0,4.6829,17719,164.0,13.68
P500101,Hydro Ungrip Makeup Remover + Cleansing Water,MILK MAKEUP,Skincare,Cleansers,32.0,4.6475,14632,139.0,12.16
P461472,KUSH Liquid Eyeliner,MILK MAKEUP,Makeup,Eye,22.0,3.2864,6524,618.0,9.24
P500131,Hydro Ungrip Reusable Makeup Remover Pads,MILK MAKEUP,Makeup,Accessories,25.0,1.0,5101,3.0,10.5
P471786,Sunshine Skin Tint Clean SPF 30 Foundation Refill,MILK MAKEUP,Makeup,Face,32.0,3.8333,4468,6.0,13.44
P504886,Pore Eclipse Mattifying + Blurring Setting Spray,MILK MAKEUP,Makeup,Face,38.0,4.8528,4079,197.0,15.96
P505005,The Travel Stash Makeup Set,MILK MAKEUP,Makeup,Value & Gift Sets,32.0,,658,,13.44
P455850,25 Miracle Milk Heat Protectant Leave-In Conditioner,Mizani,Hair,Hair Styling & Treatments,40.0,4.4251,43419,2171.0,18.0
P468843,Wonder Crown Scalp Clarifying Foaming Pre-Cleanse,Mizani,Hair,Hair Styling & Treatments,25.0,4.5264,19078,946.0,11.25
P455842,25 Miracle Nourishing Hair Oil,Mizani,Hair,Hair Styling & Treatments,25.0,4.4792,12785,505.0,11.25
P468841,Coco Dew Curl Pre-Styling & Restyling Refresher Spray,Mizani,Hair,Hair Styling & Treatments,25.0,4.2522,10040,452.0,11.25
P455843,Scalp Care Soothing Scalp Lotion,Mizani,Hair,Hair Styling & Treatments,24.0,4.4474,8592,266.0,10.8
P455846,Scalp Care Anti-Dandruff Shampoo,Mizani,Hair,Shampoo & Conditioner,30.0,4.4615,6488,273.0,13.5
P455839,True Textures Moroccan Clay Steam Hair Mask,Mizani,Hair,Hair Styling & Treatments,40.0,4.6786,5972,28.0,18.0
P467960,Moisture Fusion Intense Moisturizing Hair Mask,Mizani,Hair,Hair Styling & Treatments,36.0,4.612,5526,250.0,16.2
P455835,25 Miracle Leave-In Cream,Mizani,Hair,Hair Styling & Treatments,25.0,4.3531,5483,286.0,11.25
P455838,Styling Foam Hair Mousse,Mizani,Hair,Hair Styling & Treatments,25.0,3.5882,4885,17.0,11.25
P468842,Heat Screen Hair Protectant Spray,Mizani,Hair,Hair Styling & Treatments,25.0,4.2025,4161,479.0,11.25
P455841,Scalp Care Anti-Dandruff Conditioner,Mizani,Hair,Shampoo & Conditioner,32.0,4.431,3963,239.0,14.4
P474352,"Press Agent Smoothing, Frizz Control Blow Dry Styling Serum",Mizani,Hair,Hair Styling & Treatments,25.0,4.1667,3457,138.0,11.25
P455844,True Textures Perfect Coil Oil Gel,Mizani,Hair,Hair Styling & Treatments,25.0,3.9882,3203,255.0,11.25
P468844,Mini 25 Miracle Cream,Mizani,Hair,Mini Size,13.5,4.3531,3008,286.0,6.07
P455849,True Textures Moisture Replenish Shampoo,Mizani,Hair,Shampoo & Conditioner,20.0,3.8,2522,5.0,9.0
P467961,Moisture Fusion Gentle Clarifying Shampoo,Mizani,Hair,Shampoo & Conditioner,30.0,4.4684,2421,237.0,13.5
P467958,Moisture Fusion Moisture Rich Shampoo,Mizani,Hair,Shampoo & Conditioner,46.0,4.5164,2382,275.0,20.7
P455840,True Textures Cream Cleansing Conditioner,Mizani,Hair,Shampoo & Conditioner,32.0,3.4615,2289,13.0,14.4
P474351,"Press Agent Smoothing, Frizz Control Blow Dry Styling Cream",Mizani,Hair,Hair Styling & Treatments,25.0,4.0,2137,143.0,11.25
P474349,Press Agent Smoothing Sulfate-Free Shampoo,Mizani,Hair,Shampoo & Conditioner,22.0,4.2346,1791,179.0,9.9
P474350,Press Agent Smoothing Sulfate-Free Conditioner,Mizani,Hair,Shampoo & Conditioner,25.0,4.3165,1767,158.0,11.25
P504204,True Textures Curl Enhancing Cream,Mizani,Hair,Hair Styling & Treatments,25.0,4.5227,1437,352.0,11.25
P503818,True Textures Sleek Holding Hair Gel,Mizani,Hair,Hair Styling & Treatments,25.0,4.3972,590,214.0,11.25
P504209,True Textures Curl Define Styling Cream,Mizani,Hair,Hair Styling & Treatments,25.0,4.3333,418,6.0,11.25
P503826,Mini True Textures Sleek Holding Hair Gel,Mizani,Mini Size,Hair,13.5,4.3972,342,214.0,6.07
P504611,Texture Love Hair Kit,Mizani,Hair,Value & Gift Sets,28.0,,279,,12.6
P503822,Mini True Textures Coil Stretching & Styling Curl Cream,Mizani,Mini Size,Hair,13.5,4.39,225,100.0,6.07
P503811,True Textures Coil Stretching & Styling Curl Cream,Mizani,Hair,Hair Styling & Treatments,25.0,4.39,196,100.0,11.25
P504217,Artful Edges Edge Tamer,Mizani,Hair,Hair Styling & Treatments,19.0,4.2549,159,204.0,8.55
P504224,True Textures Twist and Coil Jelly,Mizani,Hair,Hair Styling & Treatments,25.0,3.5,145,6.0,11.25
P505029,True Textures Moisture Replenish Shampoo,Mizani,Hair,Shampoo & Conditioner,32.0,,24,,14.4
P505046,True Textures Moisture Replenish Conditioner,Mizani,Hair,Shampoo & Conditioner,35.0,,22,,15.75
P468845,Mini 25 Miracle Milk Leave-In Conditioner,Mizani,Hair,Hair Styling & Treatments,13.5,4.4251,0,2171.0,6.07
P375713,Legend Eau de Toilette,Montblanc,Fragrance,Men,98.0,4.5868,8831,881.0,29.4
P450810,Explorer Eau de Parfum,Montblanc,Fragrance,Men,115.0,4.9231,4658,26.0,34.5
P401768,Legend Travel Spray,Montblanc,Fragrance,Men,35.0,4.625,3551,16.0,10.5
P405416,Legend Spirit Eau de Toilette,Montblanc,Fragrance,Men,80.0,4.8125,2831,32.0,24.0
P464268,Legend Eau de Parfum,Montblanc,Fragrance,Men,115.0,4.3448,1990,29.0,34.5
P390708,Legend Body Spray,Montblanc,Bath & Body,Body Care,25.0,4.871,1653,31.0,10.0
P428446,Legend Night,Montblanc,Fragrance,Men,78.0,4.875,1281,8.0,23.4
P481130,Legend Red Eau de Parfum,Montblanc,Fragrance,Men,85.0,2.6667,508,3.0,25.5
P432049,SuperYou Daily Stress Management,Moon Juice,Skincare,Wellness,49.0,4.5584,17924,505.0,18.62
P454799,Mini SuperYou Daily Stress Management,Moon Juice,Skincare,Mini Size,25.0,4.5749,5313,494.0,9.5
P435800,Acid Potion AHA + BHA Resurfacing Exfoliator,Moon Juice,Skincare,Treatments,42.0,4.547,43083,404.0,15.96
P444047,SuperHair  Daily Hair Nutrition Supplement,Moon Juice,Hair,Hair Styling & Treatments,60.0,4.3648,13616,244.0,27.0
P432831,Plump Jelly Hyaluronic Serum,Moon Juice,Skincare,Treatments,58.0,4.2605,12648,215.0,22.04
P423157,Sex Dust   Adaptogens For Fire*,Moon Juice,Skincare,Wellness,38.0,3.8529,14485,136.0,14.44
P454090,Cosmic Cream Collagen Protecting Moisturizer,Moon Juice,Skincare,Moisturizers,58.0,3.4667,4295,75.0,22.04
P457002,SuperBeauty Daily Antioxidant SkinSupplement,Moon Juice,Skincare,Wellness,60.0,4.8696,6806,69.0,22.8
P477202,Ting Energy + Metabolism Non-Stim Supplement With Ginseng,Moon Juice,Skincare,Wellness,42.0,4.5932,3042,59.0,15.96
P452009,Magnesi-Om,Moon Juice,Bath & Body,Beauty Supplements,42.0,4.3146,5894,89.0,16.8
P423159,Brain Dust,Moon Juice,Skincare,Wellness,38.0,3.9608,6912,51.0,14.44
P454315,Milk Cleanse Gentle Foaming Cleanser,Moon Juice,Skincare,Cleansers,32.0,4.4043,2902,47.0,12.16
P454798,"Collagen Protect Vegan Creamer for Hair, Skin & Nails",Moon Juice,Hair,Hair Styling & Treatments,58.0,4.0794,3376,63.0,26.1
P503944,Mini Acid Potion AHA + BHA Resurfacing Exfoliator,Moon Juice,Skincare,Treatments,15.0,3.5,4454,4.0,5.7
P469193,Supers Set,Moon Juice,Skincare,Wellness,75.0,1.25,1614,4.0,28.5
P468390,Ashwagandha Organic Root Extract,Moon Juice,Skincare,Wellness,38.0,5.0,2514,3.0,14.44
P470538,SuperPower Immune Support Supplement,Moon Juice,Skincare,Wellness,38.0,5.0,820,1.0,14.44
P412090,Moroccanoil Treatment Hair Oil,Moroccanoil,Hair,Hair Styling & Treatments,48.0,4.6131,206601,1853.0,21.6
P426011,Mini Moroccanoil Treatment,Moroccanoil,Mini Size,Hair,16.0,4.6131,89562,1853.0,7.2
P412097,Intense Hydrating Mask,Moroccanoil,Hair,Hair Styling & Treatments,42.0,4.603,71851,1786.0,18.9
P412096,Hydrating Styling Cream,Moroccanoil,Hair,Hair Styling & Treatments,36.0,4.5601,56128,1439.0,16.2
P412095,Curl Defining Cream,Moroccanoil,Hair,Hair Styling & Treatments,36.0,4.0681,52924,1160.0,16.2
P462387,All in One Leave-In Conditioner,Moroccanoil,Hair,Hair Styling & Treatments,30.0,4.5997,51662,1931.0,13.5
P412087,Hydrating Shampoo,Moroccanoil,Hair,Shampoo & Conditioner,26.0,4.3145,46604,1790.0,11.7
P412091,Moroccanoil Treatment Light Hair Oil,Moroccanoil,Hair,Hair Styling & Treatments,34.0,4.7153,43376,1377.0,15.3
P412086,Hydrating Conditioner,Moroccanoil,Hair,Shampoo & Conditioner,26.0,4.5304,43064,1563.0,11.7
P425242,Perfect Defense Heat Protectant,Moroccanoil,Hair,Hair Styling & Treatments,30.0,3.5573,42407,131.0,13.5
P412085,Moisture Repair Shampoo,Moroccanoil,Hair,Shampoo & Conditioner,26.0,4.2736,38629,1049.0,11.7
P427311,Restorative Hair Mask,Moroccanoil,Hair,Hair Styling & Treatments,42.0,4.3989,38517,188.0,18.9
P412098,Dry Shampoo Dark Tones,Moroccanoil,Hair,Hair Styling & Treatments,12.0,4.2877,36787,431.0,5.4
P425008,Mending Infusion Styling Hair Serum,Moroccanoil,Hair,Hair Styling & Treatments,30.0,4.7514,32654,1078.0,13.5
P447378,Mini Color Depositing Mask,Moroccanoil,Hair,Hair Styling & Treatments,8.0,3.5338,31250,1124.0,3.6
P447377,Color Depositing Mask,Moroccanoil,Hair,Hair Styling & Treatments,30.0,3.6638,31196,931.0,13.5
P412084,Moisture Repair Conditioner,Moroccanoil,Hair,Shampoo & Conditioner,26.0,4.3845,30845,853.0,11.7
P463074,Mini All in One Leave-In Conditioner,Moroccanoil,Hair,Hair Styling & Treatments,14.0,4.2128,29112,47.0,6.3
P412093,Dry Texture Spray,Moroccanoil,Hair,Hair Styling & Treatments,30.0,4.2746,28464,193.0,13.5
P412099,Dry Shampoo Light Tones,Moroccanoil,Hair,Hair Styling & Treatments,12.0,4.6351,27852,359.0,5.4
P412115,Dry Body Oil,Moroccanoil,Bath & Body,Body Moisturizers,48.0,4.1271,26874,181.0,19.2
P427317,Dry Scalp Treatment,Moroccanoil,Hair,Hair Styling & Treatments,40.0,4.4484,25523,252.0,18.0
P432032,Protect & Prevent Spray,Moroccanoil,Hair,Hair Styling & Treatments,30.0,4.5935,25280,1808.0,13.5
P412092,Luminous Hairspray Strong Finish,Moroccanoil,Hair,Hair Styling & Treatments,26.0,3.975,24514,120.0,11.7
P435939,Night Body Serum,Moroccanoil,Bath & Body,Body Moisturizers,62.0,4.6836,24381,531.0,24.8
P458508,Blonde Perfecting Purple Shampoo,Moroccanoil,Hair,Shampoo & Conditioner,26.0,4.5647,23154,3030.0,11.7
P426012,Mini Moroccanoil Treatment Light,Moroccanoil,Mini Size,Hair,16.0,4.4503,22385,151.0,7.2
P474353,Hair & Body Fragrance Mist,Moroccanoil,Fragrance,Women,32.0,4.4344,21105,815.0,9.6
P426013,Mini Dry Shampoo Dark Tones,Moroccanoil,Mini Size,Hair,12.0,3.9638,20397,138.0,5.4
P481721,Body Lotion Moisturizer,Moroccanoil,Bath & Body,Body Moisturizers,28.0,4.6079,19024,1941.0,11.2
P412107,Glimmer Shine,Moroccanoil,Hair,Hair Styling & Treatments,30.0,3.9636,18430,55.0,13.5
P425007,Intense Hydrating Mask Packette,Moroccanoil,Hair,Hair Styling & Treatments,8.0,4.3841,18344,138.0,3.6
P474354,Mini Hair & Body Fragrance Mist,Moroccanoil,Fragrance,Women,18.0,3.6105,17651,95.0,5.4
P427316,Intense Curl Cream,Moroccanoil,Hair,Hair Styling & Treatments,36.0,3.6125,17592,80.0,16.2
P427319,Blow-Dry Concentrate,Moroccanoil,Hair,Hair Styling & Treatments,30.0,4.5429,17083,70.0,13.5
P432283,Mini Protect & Prevent Spray,Moroccanoil,Mini Size,Hair,14.0,3.6765,16793,34.0,6.3
P452428,Mini Intense Hydrating Mask,Moroccanoil,Hair,Hair Styling & Treatments,18.0,4.5238,16592,21.0,8.1
P427320,Luminous Hairspray Medium Hold,Moroccanoil,Hair,Hair Styling & Treatments,26.0,4.3111,16238,45.0,11.7
P427313,Weightless Hydrating Mask,Moroccanoil,Hair,Hair Styling & Treatments,42.0,4.6559,14520,1398.0,18.9
P427307,Clarifying Shampoo,Moroccanoil,Hair,Shampoo & Conditioner,26.0,4.1525,14246,59.0,11.7
P477823,Shower Gel Cleanser,Moroccanoil,Bath & Body,Bath & Shower,20.0,4.4915,13604,295.0,8.0
P426014,Mini Dry Shampoo Light Tones,Moroccanoil,Mini Size,Hair,12.0,4.2154,13139,65.0,5.4
P425012,Smoothing Lotion,Moroccanoil,Hair,Hair Styling & Treatments,36.0,4.2787,13096,61.0,16.2
P427331,Mini Hydrating Shampoo,Moroccanoil,Mini Size,Hair,12.0,2.9375,12575,32.0,5.4
P427332,Mini Hydrating Conditioner,Moroccanoil,Mini Size,Hair,12.0,3.4706,12418,17.0,5.4
P427336,Mini Luminous Hairspray Strong Hold,Moroccanoil,Mini Size,Hair,12.0,3.1633,12364,49.0,5.4
P412089,Extra Volume Shampoo,Moroccanoil,Hair,Shampoo & Conditioner,26.0,3.3564,12161,101.0,11.7
P427321,Root Boost,Moroccanoil,Hair,Hair Styling & Treatments,30.0,4.0167,11899,60.0,13.5
P426711,Mini Moisture Repair Shampoo,Moroccanoil,Mini Size,Hair,12.0,3.4667,11395,45.0,5.4
P412108,Shimmering Body Oil,Moroccanoil,Bath & Body,Body Moisturizers,48.0,3.7241,11311,29.0,19.2
P458509,Mini Blonde Perfecting Purple Shampoo,Moroccanoil,Hair,Shampoo & Conditioner,12.0,3.7742,11202,62.0,5.4
P426712,Mini Moisture Repair Conditioner,Moroccanoil,Mini Size,Hair,12.0,3.7586,10957,29.0,5.4
P412114,Pure Argan Oil,Moroccanoil,Bath & Body,Body Moisturizers,52.0,4.2581,10489,31.0,20.8
P412088,Extra Volume Conditioner,Moroccanoil,Hair,Shampoo & Conditioner,26.0,4.087,9873,46.0,11.7
P427338,Mini Smoothing Lotion,Moroccanoil,Mini Size,Hair,16.0,3.9583,9555,24.0,7.2
P438602,Moroccanoil Body Soap,Moroccanoil,Bath & Body,Bath & Shower,14.0,3.7424,9369,66.0,5.6
P429254,Mini Dry Body Oil,Moroccanoil,Bath & Body,Body Moisturizers,29.0,4.5,9361,18.0,11.6
P427318,Oily Scalp Treatment,Moroccanoil,Hair,Hair Styling & Treatments,40.0,4.5046,9291,216.0,18.0
P477717,Body Butter Moisturizer,Moroccanoil,Bath & Body,Body Moisturizers,38.0,4.5,9240,44.0,15.2
P427324,Volumizing Mousse,Moroccanoil,Hair,Hair Styling & Treatments,30.0,3.8947,9000,19.0,13.5
P463075,Ceramic Paddle Brush,Moroccanoil,Hair,Tools,30.0,4.3158,8670,38.0,13.5
P427314,Curl Control Mousse,Moroccanoil,Hair,Hair Styling & Treatments,30.0,3.4146,7535,41.0,13.5
P502746,Hand Cream,Moroccanoil,Bath & Body,Body Moisturizers,22.0,4.3958,7341,854.0,8.8
P477718,Body Souffle Moisturizer,Moroccanoil,Bath & Body,Body Moisturizers,38.0,4.3844,6933,718.0,15.2
P481722,Hand Wash,Moroccanoil,Bath & Body,Body Care,20.0,4.8367,6453,349.0,8.0
P427328,"Ionic Ceramic Thermal Brush - 55mm / 2-1/8""",Moroccanoil,Hair,Tools,30.0,3.3462,6453,26.0,13.5
P504321,Hydrating Shampoo & Conditioner Half-Liter Duo,Moroccanoil,Hair,Value & Gift Sets,80.0,3.0,6379,9.0,36.0
P427312,Smoothing Mask,Moroccanoil,Hair,Hair Styling & Treatments,42.0,4.4737,5988,19.0,18.9
P427323,Thickening Lotion,Moroccanoil,Hair,Hair Styling & Treatments,30.0,3.9333,5341,30.0,13.5
P477204,Blonde Perfecting Purple Conditioner,Moroccanoil,Hair,Shampoo & Conditioner,26.0,4.5623,5299,907.0,11.7
P463073,Volumizing Mist,Moroccanoil,Hair,Hair Styling & Treatments,30.0,3.5,5074,22.0,13.5
P427310,Curl Enhancing Conditioner,Moroccanoil,Hair,Shampoo & Conditioner,26.0,3.8182,4759,11.0,11.7
P455868,Perfectly Polished Titanium Flat Iron,Moroccanoil,Hair,Tools,160.0,3.6,3976,10.0,72.0
P427322,Texture Clay,Moroccanoil,Hair,Hair Styling & Treatments,30.0,4.3571,3423,14.0,13.5
P467967,Mini Color Depositing Mask Copper,Moroccanoil,Hair,Hair Styling & Treatments,8.0,3.6429,3371,28.0,3.6
P504305,Moisture Repair Shampoo & Conditioner Half-Liter Duo,Moroccanoil,Hair,Value & Gift Sets,80.0,3.4,2940,5.0,36.0
P455866,Smart Styling Infrared Hair Dryer,Moroccanoil,Hair,Tools,190.0,4.1111,2799,9.0,85.5
P481723,Mediterranean Escape: Volume Hair Set,Moroccanoil,Hair,Value & Gift Sets,58.0,1.5,2677,2.0,26.1
P502662,Body Polishing Scrub,Moroccanoil,Bath & Body,Bath & Shower,32.0,3.8,2456,30.0,12.8
P460738,Ceramic Brush 45mm,Moroccanoil,Hair,Tools,30.0,2.1429,2372,7.0,13.5
P455869,Everlasting Curl Titanium Curling Iron,Moroccanoil,Hair,Tools,160.0,3.75,2340,4.0,72.0
P467966,Mini Lilac Hair Color Depositing Mask,Moroccanoil,Hair,Mini Size,8.0,2.8333,2335,12.0,3.6
P460737,Ceramic Brush 25mm,Moroccanoil,Hair,Tools,30.0,3.7143,2032,7.0,13.5
P504816,Dive Into Hydration Head-to-Toe Set,Moroccanoil,Hair,Value & Gift Sets,44.0,5.0,1550,1.0,19.8
P473827,Ceramic Brush 35 mm,Moroccanoil,Hair,Tools,30.0,,1424,,13.5
P504812,Volume Travel Hair Set,Moroccanoil,Hair,Value & Gift Sets,52.0,,1074,,23.4
P504827,Hydration Travel Hair Set,Moroccanoil,Hair,Value & Gift Sets,52.0,,792,,23.4
P504835,Color Care Shampoo,Moroccanoil,Hair,Shampoo & Conditioner,26.0,4.8363,708,171.0,11.7
P504792,Mini Color Care Shampoo,Moroccanoil,Mini Size,Hair,12.0,4.8363,221,171.0,5.4
P504824,Color Care Conditioner,Moroccanoil,Hair,Shampoo & Conditioner,26.0,4.848,221,171.0,11.7
P504797,Mini Color Care Conditioner,Moroccanoil,Mini Size,Hair,12.0,4.848,163,171.0,5.4
P432823,Gua Sha Facial Lifting Tool,Mount Lai,Skincare,High Tech Tools,30.0,4.1254,93790,303.0,11.4
P432824,De-Puffing Jade Facial Roller,Mount Lai,Skincare,Wellness,36.0,3.8771,32471,179.0,13.68
P501518,Calming Herbal Repair Overnight Recovery Balm for Skin Barrier Support,Mount Lai,Skincare,Treatments,60.0,4.0875,2516,160.0,22.8
P434340,De-Puffing Rose Quartz Facial Roller,Mount Lai,Skincare,Wellness,40.0,4.0,18840,75.0,15.2
P440309,Amethyst Roller,Mount Lai,Skincare,Wellness,46.0,4.3774,13390,53.0,17.48
P444470,De-Puffing Rose Quartz Eye Treatment Tool,Mount Lai,Skincare,Wellness,30.0,4.7241,9940,29.0,11.4
P446639,Massaging Jade Textured Facial Roller,Mount Lai,Skincare,Wellness,36.0,3.8276,5375,29.0,13.68
P467635,Jade Tension Melting Massager for Face & Neck,Mount Lai,Skincare,Wellness,72.0,4.0909,6912,22.0,27.36
P447604,De-Puffing Jade Eye Treatment Tool,Mount Lai,Skincare,Wellness,30.0,4.7368,8818,19.0,11.4
P196516,Alien Eau de Parfum,Mugler,Fragrance,Women,150.0,4.48,52161,1102.0,45.0
P475134,Alien Goddess Eau de Parfum Travel Spray,Mugler,Fragrance,Women,35.0,4.6171,39854,3259.0,10.5
P475133,Alien Goddess Eau de Parfum,Mugler,Fragrance,Women,180.0,4.6171,37095,3259.0,54.0
P9864,Angel Eau de Parfum,Mugler,Fragrance,Women,95.0,4.0626,32020,1231.0,28.5
P433658,Alien Eau de Parfum Travel Spray,Mugler,Fragrance,Women,35.0,4.48,29343,1102.0,10.5
P500768,Alien Goddess Eau de Parfum Intense,Mugler,Fragrance,Women,180.0,4.5776,17709,715.0,54.0
P433659,Angel Eau de Parfum Travel Spray,Mugler,Fragrance,Women,35.0,4.0626,15289,1231.0,10.5
P502069,Mini Alien Perfume Gift Set,Mugler,Fragrance,Value & Gift Sets,30.0,3.4667,11733,15.0,9.0
P468699,Angel Nova Eau de Parfum Travel Spray,Mugler,Fragrance,Women,32.0,4.339,11523,643.0,9.6
P468698,Angel Nova Eau de Parfum,Mugler,Fragrance,Women,120.0,4.339,10307,643.0,36.0
P481135,Angel Nova Eau de Toilette,Mugler,Fragrance,Women,115.0,4.5911,5120,944.0,34.5
P502467,Alien Goddess Eau De Parfum Solar Floral Fragrance Set,Mugler,Fragrance,Value & Gift Sets,125.0,,4197,,37.5
P504299,Alien Goddess Eau de Parfum Perfume Set,Mugler,Fragrance,Value & Gift Sets,125.0,,0,,37.5
P4016,Acne Control Clarifying Cleanser,Murad,Skincare,Cleansers,36.0,4.2348,56973,2572.0,13.68
P440651,Mini Acne Control Clarifying Cleanser,Murad,Skincare,Mini Size,14.0,4.236,12651,2449.0,5.32
P411365,Retinol Youth Renewal Serum,Murad,Skincare,Treatments,92.0,4.5878,38145,1031.0,34.96
P440650,Mini Retinol Youth Renewal Serum,Murad,Skincare,Mini Size,32.0,4.6089,16664,987.0,12.16
P254720,Acne Control Clarifying Cream Cleanser,Murad,Skincare,Cleansers,39.0,4.3477,32202,906.0,14.82
P4015,Clarifying Toner,Murad,Skincare,Cleansers,30.0,4.318,21951,890.0,11.4
P9940,Essential-C Day Moisture Broad Spectrum SPF 30 PA+++,Murad,Skincare,Moisturizers,68.0,4.2485,24570,829.0,25.84
P4010,AHA/BHA Exfoliating Cleanser,Murad,Skincare,Cleansers,46.0,4.4981,54926,789.0,17.48
P394397,Invisiblur Perfecting Shield Broad Spectrum SPF 30 PA+++,Murad,Skincare,Treatments,71.0,3.9547,36774,773.0,26.98
P471788,Mini AHA/BHA Exfoliating Cleanser,Murad,Skincare,Mini Size,17.0,4.4898,10438,733.0,6.46
P446423,InvisiScar Post-Acne Resurfacing Treatment,Murad,Skincare,Treatments,38.0,4.1167,43504,711.0,14.44
P466673,Rapid Dark Spot Correcting Serum,Murad,Skincare,Treatments,83.0,4.3876,19264,663.0,31.54
P34402,Acne Control Clarifying Body Spray,Murad,Skincare,Treatments,48.0,4.2898,16688,635.0,18.24
P427638,Nutrient-Charged Water Gel,Murad,Skincare,Moisturizers,71.0,4.4755,21135,633.0,26.98
P421432,Rapid Relief Acne Spot Treatment,Murad,Skincare,Treatments,26.0,3.9253,41475,589.0,9.88
P446934,Oil and Pore Control Mattifier Broad Spectrum SPF 45 PA++++,Murad,Skincare,Moisturizers,49.0,3.9357,17782,544.0,18.62
P500857,Deep Relief Acne Treatment with Salicylic Acid,Murad,Skincare,Treatments,45.0,4.7074,15103,516.0,17.1
P7365,Pure Skin Clarifying Dietary Supplement,Murad,Skincare,Wellness,50.0,4.0723,12516,512.0,19.0
P479645,Targeted Wrinkle Corrector,Murad,Skincare,Treatments,79.0,4.7252,10901,484.0,30.02
P482540,Correct & Protect Broad Spectrum SPF 45| PA++++,Murad,Skincare,Sunscreen,69.0,4.7366,5581,467.0,26.22
P268700,Hydro-Dynamic Ultimate Moisture,Murad,Skincare,Moisturizers,83.0,4.3565,17680,446.0,31.54
P47517,Acne Body Wash,Murad,Bath & Body,Bath & Shower,48.0,3.9934,22065,458.0,19.2
P9941,Essential-C Cleanser,Murad,Skincare,Cleansers,44.0,4.4962,18246,391.0,16.72
P480461,Retinol Youth Renewal Eye Masks,Murad,Skincare,Eye Care,42.0,4.6294,20483,367.0,15.96
P453928,Retinol Youth Renewal Eye Serum,Murad,Skincare,Eye Care,89.0,4.5278,27356,360.0,33.82
P470227,Vitamin C Triple Exfoliating Facial,Murad,Skincare,Treatments,85.0,4.7306,7452,360.0,32.3
P444970,Replenishing Multi-Acid Peel,Murad,Skincare,Treatments,79.0,4.6106,8621,357.0,30.02
P456571,Vitamin C Glycolic Brightening Serum,Murad,Skincare,Treatments,88.0,4.2621,28653,351.0,33.44
P417980,City Skin Age Defense Broad Spectrum SPF 50 PA++++,Murad,Skincare,Sunscreen,69.0,4.3219,26245,351.0,26.22
P475135,Mini Vitamin C Glycolic Brightening Serum,Murad,Skincare,Mini Size,30.0,4.2621,10296,351.0,11.4
P474075,AHA/BHA/Retinoid Daily Clarifying Peel,Murad,Skincare,Treatments,44.0,4.739,7135,341.0,16.72
P453929,Retinol Youth Renewal Night Cream,Murad,Skincare,Moisturizers,88.0,4.6078,21491,334.0,33.44
P4032,Hydrating Toner,Murad,Skincare,Cleansers,42.0,4.2934,15366,317.0,15.96
P434550,Revitalixir Recovery Serum,Murad,Skincare,Treatments,97.0,4.3693,7556,306.0,36.86
P456572,Vitamin C Dark Circle Correcting Eye Serum,Murad,Skincare,Eye Care,67.0,4.0687,23093,291.0,25.46
P9939,Essential-C Toner,Murad,Skincare,Cleansers,42.0,4.3088,15154,272.0,15.96
P433143,Outsmart Acne Clarifying Treatment,Murad,Skincare,Treatments,49.0,4.1923,10030,260.0,18.62
P38217,Renewing Cleansing Cream,Murad,Skincare,Cleansers,45.0,4.4646,7682,254.0,17.1
P107306,Renewing Eye Cream,Murad,Skincare,Eye Care,89.0,4.0316,13212,253.0,33.82
P4039,Perfecting Day Cream Broad Spectrum SPF 30 PA+++,Murad,Skincare,Moisturizers,65.0,4.1724,7792,174.0,24.7
P476526,Mini Rapid Dark Spot Correcting Serum,Murad,Mini Size,Skincare,27.0,4.3879,10029,660.0,12.15
P377178,Rapid Collagen Infusion,Murad,Skincare,Treatments,89.0,4.128,10417,125.0,33.82
P429526,Multi-Vitamin Infusion Oil,Murad,Skincare,Moisturizers,85.0,4.4272,5518,103.0,32.3
P454514,"Youth Renewal Retinol Trial Kit for Smoother, Younger-Looking Skin",Murad,Skincare,Value & Gift Sets,59.0,3.7879,17238,33.0,22.42
P467129,Acne Control 30-Day Trial Kit for Clearer Skin,Murad,Skincare,Value & Gift Sets,36.0,3.5333,4471,15.0,13.68
P501003,Clarifying Water Gel Moisturizer with Hyaluronic Acid,Murad,Skincare,Moisturizers,49.0,3.0,1415,8.0,18.62
P479646,Mini City Skin Age Defense Broad Spectrum SPF 50 PA++++,Murad,Skincare,Sunscreen,25.0,4.3333,5567,3.0,9.5
P479696,Brighten Trial Kit,Murad,Skincare,Value & Gift Sets,52.0,5.0,3779,2.0,19.76
P504438,Retinal Rescuplt Overnight Treatment,Murad,Skincare,Treatments,105.0,,71,,39.9
P505343,Retinol Youth Renewal Value Duo,Murad,Skincare,Value & Gift Sets,126.0,,18,,47.88
P388615,Nail Polish,NAILS INC.,Makeup,Nail,15.0,4.1035,49608,396.0,6.3
P394851,Gel Nail Polish,NAILS INC.,Makeup,Nail,15.0,3.6771,38856,96.0,6.3
P419467,Unicorn Nail Polish Duo,NAILS INC.,Makeup,Nail,15.0,4.6338,36600,314.0,6.3
P460419,73% Plant Power Nail Polish,NAILS INC.,Makeup,Nail,10.0,3.6364,24221,77.0,4.2
P388616,NAILKALE - Superfood Base Coat,NAILS INC.,Makeup,Nail,15.0,4.4575,23868,247.0,6.3
P457823,Naked In Neon Nail Polish set,NAILS INC.,Makeup,Nail,22.0,4.4851,13067,134.0,9.24
P454979,Retinol 45 Second Top Coat,NAILS INC.,Makeup,Nail,15.0,4.0114,12454,88.0,6.3
P460629,Manicure & Pedicure Must Haves Set,NAILS INC.,Makeup,Nail,37.5,4.1765,12003,51.0,15.75
P482049,Glow Naturale Nail Polish Duo,NAILS INC.,Makeup,Nail,15.0,4.4583,6503,24.0,6.3
P458940,Peachy and Perky Lip Gloss and Nail Polish Set,NAILS INC.,Makeup,Nail,15.0,3.8333,6182,18.0,6.3
P501802,Artificial Press-On Nails,NAILS INC.,Makeup,Nail,8.99,2.7778,6042,9.0,3.78
P458939,Freshly Juiced Nail Polish Duo,NAILS INC.,Makeup,Nail,15.0,4.3226,5785,31.0,6.3
P471789,Choose Plant Nail Polish Duo,NAILS INC.,Makeup,Nail,15.0,2.6364,5072,11.0,6.3
P482047,Feeling So Fly Duo and Sticker Nail Polish Set,NAILS INC.,Makeup,Nail,16.0,3.3333,4520,3.0,6.72
P500441,On The Horizon Nail Set,NAILS INC.,Makeup,Nail,22.0,4.2,4017,5.0,9.24
P500418,Made in Mykonos Nail Set With Stickers,NAILS INC.,Makeup,Nail,16.0,3.75,3827,4.0,6.72
P406503,NAILPURE- Base Coat,NAILS INC.,Makeup,Nail,15.0,3.8,3823,10.0,6.3
P421252,NailPure Top Coat,NAILS INC.,Makeup,Nail,15.0,3.0435,3788,23.0,6.3
P423310,Gel-less Gel Nail Polish Remover Kit,NAILS INC.,Makeup,Nail,19.0,3.4167,3648,12.0,7.98
P501815,Caught in Camo Nail Polish Quad Set,NAILS INC.,Makeup,Nail,22.0,4.4,2951,5.0,9.24
P461187,NailKale Superfood Nail Oil Capsules,NAILS INC.,Makeup,Nail,20.0,4.1111,2921,9.0,8.4
P502857,French Mani Hack Nail Polish Set,NAILS INC.,Makeup,Nail,16.0,2.0,2604,4.0,6.72
P505041,Glazing Over Nail Polish Duo Set,NAILS INC.,Makeup,Nail,15.0,5.0,2386,2.0,6.3
P505011,Serving Swirls Nail Polish Quad Set,NAILS INC.,Makeup,Nail,22.0,5.0,1443,2.0,9.24
P505010,Maniplex Nail Treatment,NAILS INC.,Makeup,Nail,15.0,2.3333,1267,3.0,6.3
P441206,Pure Musc Eau de Parfum,Narciso Rodriguez,Fragrance,Women,70.0,4.3934,10488,61.0,21.0
P377873,Radiant Creamy Concealer,NARS,Makeup,Face,32.0,4.308,1153594,12887.0,13.44
P2855,Blush,NARS,Makeup,Cheek,32.0,4.6643,840076,18127.0,13.44
P422077,Mini Radiant Creamy Concealer,NARS,Mini Size,Makeup,15.0,4.1253,444366,1708.0,6.75
P78834,Velvet Matte Lipstick Pencil,NARS,Makeup,Lip,27.0,4.4391,422598,5463.0,11.34
P416200,Soft Matte Complete Concealer,NARS,Makeup,Face,32.0,4.4704,412271,2668.0,13.44
P387906,Audacious Lipstick,NARS,Makeup,Lip,34.0,4.6191,330693,2032.0,14.28
P427301,Natural Radiant Longwear Foundation,NARS,Makeup,Face,50.0,3.6654,308305,3724.0,21.0
P479338,Light Reflecting Advanced Skincare Foundation,NARS,Makeup,Face,50.0,4.1005,281913,1393.0,21.0
P247355,Sheer Glow Foundation,NARS,Makeup,Face,47.0,4.2189,260149,5336.0,19.74
P421485,Powermatte Lip Pigment,NARS,Makeup,Lip,30.0,4.4027,257219,1619.0,12.6
P302923,Pure Radiant Tinted Moisturizer Broad Spectrum SPF 30,NARS,Makeup,Face,46.0,4.356,207445,3312.0,19.32
P419506,Liquid Blush,NARS,Makeup,Cheek,30.0,4.1694,197432,1157.0,12.6
P13046537,Afterglow Lip Balm,NARS,Makeup,Lip,28.0,4.0064,181587,1095.0,11.76
P448502,Lipstick,NARS,Makeup,Lip,26.0,4.1729,156297,428.0,10.92
P12790,Bronzer Powder,NARS,Makeup,Cheek,38.0,4.676,155043,3645.0,15.96
P462720,Soft Matte Complete Foundation,NARS,Makeup,Face,42.0,4.1135,152923,1851.0,17.64
P2866,"The Multiple Cream Blush, Lip and Eye Stick",NARS,Makeup,Cheek,39.0,4.3353,147621,2821.0,16.38
P261211,Pro-Prime Smudge Proof Eyeshadow Base,NARS,Makeup,Eye,26.0,4.5911,114299,2526.0,10.92
P377757,Light Reflecting Pressed Setting Powder,NARS,Makeup,Face,40.0,4.0612,92878,817.0,16.8
P441810,Mini Voyageur Eyeshadow Palette,NARS,Makeup,Eye,32.0,4.0297,79696,101.0,13.44
P471270,Laguna Bronzing Cream,NARS,Makeup,Cheek,38.0,4.633,79029,267.0,15.96
P479337,Afterglow Lip Shine Gloss,NARS,Makeup,Lip,26.0,4.5504,78803,278.0,10.92
P462721,Mini Afterglow Lip Balm Duo,NARS,Mini Size,Makeup,22.0,3.7375,77793,80.0,9.9
P501583,Powermatte Long-Lasting Lipstick,NARS,Makeup,Lip,34.0,4.4923,74993,260.0,14.28
P104006,Blush/Bronzer Duo,NARS,Makeup,Cheek,42.0,4.4884,74741,2586.0,17.64
P474358,Air Matte Liquid Lipstick,NARS,Makeup,Lip,28.0,4.272,68969,261.0,11.76
P468392,Soft Matte Tinted Lip Balm,NARS,Makeup,Lip,28.0,4.6048,64605,248.0,11.76
P465783,Mini Orgasm Blush,NARS,Mini Size,Makeup,17.0,3.7808,61502,73.0,7.65
P84818,Pencil Sharpener,NARS,Tools & Brushes,Beauty Tools,7.0,4.6264,59164,910.0,3.5
P377756,Light Reflecting Loose Setting Powder,NARS,Makeup,Face,40.0,4.0589,39697,509.0,16.8
P465784,Mini Orgasm X Blush,NARS,Mini Size,Makeup,17.0,4.5909,39398,44.0,7.65
P422078,Mini Blush/Bronzer Duo,NARS,Mini Size,Makeup,24.0,3.4328,35089,201.0,10.8
P468700,Air Matte Sheer Cream Blush,NARS,Makeup,Cheek,30.0,3.5361,34293,97.0,12.6
P457302,Afterglow Lip Balm - Laguna Collection,NARS,Makeup,Lip,28.0,4.3604,34226,222.0,11.76
P457632,Mini Laguna Getaway Bronzer Powder,NARS,Makeup,Mini Size,18.0,4.0933,32868,75.0,7.56
P482702,Mini Afterglow Lip Shine Gloss Set,NARS,Makeup,Lip,25.0,3.6471,31895,17.0,10.5
P422073,Precision Lip Liner,NARS,Makeup,Lip,24.0,4.4615,31089,65.0,10.08
P457304,Matte Bronzer Powder,NARS,Makeup,Cheek,38.0,3.88,30481,100.0,15.96
P473173,Radiant Creamy Liquid Color Corrector,NARS,Makeup,Face,30.0,3.5045,28551,111.0,12.6
P504202,Soft Matte Advanced Perfecting Powder,NARS,Makeup,Face,36.0,3.9524,24010,42.0,15.12
P2856,Monoi Body Glow I,NARS,Makeup,Cheek,59.0,3.9669,20453,181.0,24.78
P448503,High-Pigment Longwear Eyeliner,NARS,Makeup,Eye,24.0,2.2627,19169,236.0,10.08
P503582,Mini Shine On Dolce Vita Lip Duo Set,NARS,Mini Size,Value & Gift Sets,25.0,4.625,18880,8.0,11.25
P434385,Climax Mascara,NARS,Makeup,Eye,13.0,3.2924,18814,660.0,5.46
P422079,Mini Blush Duo,NARS,Makeup,Cheek,24.0,3.9808,18522,156.0,10.08
P480462,Mini Light Reflecting Setting Powder,NARS,Makeup,Face,20.0,3.5294,16083,17.0,8.4
P415965,Radiance Primer Broad Spectrum SPF 35 Sunscreen,NARS,Makeup,Face,36.0,4.0353,15709,85.0,15.12
P440527,Mini Climax Mascara,NARS,Mini Size,Makeup,13.0,3.4078,14816,179.0,5.85
P433123,Sheer Glow Foundation Pump,NARS,Makeup,Face,6.0,3.1515,12645,66.0,2.52
P504808,Mini Orgasm Blush and Lip Gloss Duo Set,NARS,Makeup,Mini Size,27.0,4.3333,12134,3.0,11.34
P504836,"Orgasm The Multiple Cream Blush, Lip and Eye Stick",NARS,Makeup,Cheek,39.0,2.9231,11446,13.0,16.38
P504821,Orgasm Rising Eyeshadow Palette,NARS,Makeup,Makeup Palettes,49.0,4.8182,11286,11.0,20.58
P463090,#11 Soft Matte Complete Concealer Brush,NARS,Makeup,Brushes & Applicators,26.0,4.9,9671,20.0,10.92
P504832,"Orgasm Four Play Blush, Contour, and Highlighter Palette",NARS,Makeup,Cheek,45.0,3.7143,7161,7.0,18.9
P475138,Soft Matte Face Primer,NARS,Makeup,Face,36.0,3.7857,5892,14.0,15.12
P475139,Climax Waterproof Liquid Eyeliner,NARS,Makeup,Eye,24.0,3.3934,5879,61.0,10.08
P463092,Yachiyo Kabuki Brush,NARS,Makeup,Brushes & Applicators,40.0,3.6364,5275,11.0,16.8
P504830,Orgasm Thrills Lip Balm and Blush Set,NARS,Makeup,Value & Gift Sets,49.0,,5120,,20.58
P463091,ITA Kabuki Brush,NARS,Makeup,Brushes & Applicators,40.0,2.8182,4734,11.0,16.8
P504081,Lunar New Year Light Reflecting Pressed Setting Powder and Puff,NARS,Makeup,Face,42.0,3.0,2971,1.0,17.64
P505043,Mini Radiant Creamy Concealer and Afterglow Lip Shine Gloss Customizable Set,NARS,Makeup,Value & Gift Sets,25.0,,2535,,10.5
P467033,#10 Radiant Creamy Concealer Brush,NARS,Makeup,Brushes & Applicators,26.0,5.0,2130,4.0,10.92
P504068,#15 Precision Powder Brush,NARS,Makeup,Brushes & Applicators,34.0,,927,,14.28
P504066,#16 Blush Brush,NARS,Makeup,Brushes & Applicators,36.0,,754,,15.12
P505364,Afterglow Sensual Shine Hydrating Lipstick,NARS,Makeup,Lip,32.0,,688,,13.44
P504061,#22 Blending Brush,NARS,Makeup,Brushes & Applicators,28.0,,628,,11.76
P504039,#20 Allover Eyeshadow Brush,NARS,Makeup,Brushes & Applicators,28.0,,602,,11.76
P461188,Glam Eyeshadow Palette,Natasha Denona,Makeup,Eye,69.0,4.5045,108565,557.0,28.98
P411826,Eyeshadow Palette 5,Natasha Denona,Makeup,Eye,48.0,4.0902,82399,244.0,20.16
P440313,Mini Nude Eyeshadow Palette,Natasha Denona,Makeup,Eye,27.0,4.5207,73763,434.0,11.34
P459829,Bronze Eyeshadow Palette,Natasha Denona,Makeup,Eye,69.0,4.5815,63706,356.0,28.98
P475969,Retro Eyeshadow Palette,Natasha Denona,Makeup,Eye,69.0,4.3802,58254,192.0,28.98
P436273,Mini Star Eyeshadow Palette,Natasha Denona,Makeup,Eye,25.0,3.6311,46425,534.0,10.5
P453218,Mini Glam Eyeshadow Palette,Natasha Denona,Makeup,Eye,27.0,4.1667,44125,222.0,11.34
P478018,Glam Face & Eye Palette,Natasha Denona,Makeup,Face,62.0,4.0171,42069,175.0,26.04
P457653,Mini Retro Eyeshadow Palette,Natasha Denona,Makeup,Mini Size,27.0,4.4227,40708,220.0,11.34
P413523,Star Eyeshadow Palette,Natasha Denona,Makeup,Eye,25.0,4.0628,39880,239.0,10.5
P450057,Mini Gold Eyeshadow Palette,Natasha Denona,Makeup,Eye,27.0,4.312,38357,250.0,11.34
P502079,My Dream Eyeshadow Palette,Natasha Denona,Makeup,Eye,69.0,4.7524,36292,311.0,28.98
P444024,Mini Bronze & Glow Cheek Duo,Natasha Denona,Makeup,Cheek,20.0,4.0545,32576,110.0,8.4
P482292,Pastel Eyeshadow Palette,Natasha Denona,Makeup,Eye,69.0,3.9697,30069,99.0,28.98
P479976,Mini Biba Eyeshadow Palette,Natasha Denona,Mini Size,Makeup,27.0,4.4091,29327,66.0,12.15
P471790,Zendo Eyeshadow Palette,Natasha Denona,Makeup,Eye,69.0,3.7553,28341,94.0,28.98
P468701,Mini Love Eyeshadow Palette,Natasha Denona,Makeup,Mini Size,27.0,4.42,28086,100.0,11.34
P441872,Bloom Cheek Palette,Natasha Denona,Makeup,Cheek,59.0,4.6331,26992,308.0,24.78
P501473,Retro Glam Eyeshadow Palette,Natasha Denona,Makeup,Eye,69.0,4.7652,25468,264.0,28.98
P464791,Mini Zendo Eyeshadow Palette,Natasha Denona,Makeup,Eye,27.0,4.3913,22387,92.0,11.34
P444921,Tan Bronze & Glow Palette,Natasha Denona,Makeup,Cheek,59.0,4.5074,21961,136.0,24.78
P500627,Mini Bronze Eyeshadow Palette,Natasha Denona,Mini Size,Makeup,27.0,4.6875,19440,16.0,12.15
P500263,Hy-Gen Skinglass Energizing & Hydrating Primer Serum,Natasha Denona,Makeup,Face,48.0,4.6136,17260,264.0,20.16
P434566,Transformatte Pore Vanishing Matte Foundation,Natasha Denona,Makeup,Face,45.0,3.3209,16477,134.0,18.9
P472992,Puff Paint Liquid Blush,Natasha Denona,Makeup,Cheek,24.0,4.1333,16005,45.0,10.08
P481728,I Need A Rose Cream Lipstick,Natasha Denona,Makeup,Lip,27.0,4.6555,13740,119.0,11.34
P442957,Foundation X+,Natasha Denona,Makeup,Face,45.0,3.6753,12582,77.0,18.9
P502073,"My Dream Cheek Trio - Cream Blush, Glow Cream Base and Glow Powder Highlighter",Natasha Denona,Makeup,Cheek,48.0,4.6948,11716,213.0,20.16
P482051,I Need A Rose Long Lasting Easy Glide Lip Pencil,Natasha Denona,Makeup,Lip,24.0,4.8122,11491,229.0,10.08
P444034,Transfix Matte Concealer,Natasha Denona,Makeup,Face,28.0,2.7031,10437,64.0,11.76
P503993,Mini Pastel Eyeshadow Palette,Natasha Denona,Makeup,Eye,27.0,4.5,7673,8.0,11.34
P482052,I Need A Rose Lipgloss,Natasha Denona,Makeup,Lip,27.0,4.6296,7366,81.0,11.34
P502442,My Dream Lipstick - Creamy Lip Color,Natasha Denona,Makeup,Lip,27.0,4.687,7079,131.0,11.34
P502303,My Dream Lip Crayon - Long Lasting Easy Glide Lip Liner,Natasha Denona,Makeup,Lip,24.0,4.8597,6060,221.0,10.08
P502353,My Dream Lip Gloss - Soft & Hydrating Lip Shine,Natasha Denona,Makeup,Lip,27.0,4.7107,5635,121.0,11.34
P475142,Work & Set Gel Eyeliner,Natasha Denona,Makeup,Eye,26.0,3.2667,5576,15.0,10.92
P475141,Macro Tech Eyeliner Crayon,Natasha Denona,Makeup,Eye,24.0,3.6333,4617,30.0,10.08
P474359,Macro Blade Liquid Eyeliner,Natasha Denona,Makeup,Eye,27.0,3.4643,2801,56.0,11.34
P505250,Love Face Eyeshadow & Cheek Essential Palette,Natasha Denona,Makeup,Makeup Palettes,62.0,3.3,2532,10.0,26.04
P502350,Travel Brush Set & Makeup Pouch,Natasha Denona,Makeup,Brushes & Applicators,139.0,3.7143,2327,7.0,58.38
P433973,Get Even Cold-Pressed Peel Pads,Naturally Serious,Skincare,Treatments,32.0,4.7217,8129,230.0,12.16
P473133,Fruit-Tox Resurfacing Facial Remedy,Naturally Serious,Skincare,Treatments,27.0,4.6,1467,195.0,10.26
P444216,After-Dark Natural Peptide Sleeping Cream,Naturally Serious,Skincare,Moisturizers,37.0,4.4407,6996,177.0,14.06
P433971,Skin Warrior Moisture Rescue Cream,Naturally Serious,Skincare,Moisturizers,35.0,4.1905,3211,168.0,13.3
P473148,Mask-imum Revival Hydra-Plumping Mask,Naturally Serious,Skincare,Masks,27.0,4.381,978,126.0,10.26
P433975,Zero Baggage Anti-Dark Circle Eye Cream,Naturally Serious,Skincare,Eye Care,26.0,4.2155,6994,116.0,9.88
P433974,Supercharge Anti-Oxidant Moisture Serum,Naturally Serious,Skincare,Treatments,39.0,4.5758,3597,99.0,14.82
P450587,Illumi-nation Anti-Fatigue Power Serum,Naturally Serious,Skincare,Treatments,39.0,4.6705,2843,88.0,14.82
P500160,Mineral Sun Defense Moisturizer Broad Spectrum SPF 30,Naturally Serious,Skincare,Sunscreen,36.0,4.3766,647,77.0,13.68
P478020,Lemon-Aid Makeup-Removing Cleansing Gel,Naturally Serious,Skincare,Cleansers,19.0,4.5522,2017,67.0,7.22
P478021,Sleepover Retin-Oil Nighttime Treatment,Naturally Serious,Skincare,Treatments,39.0,4.7656,3771,64.0,14.82
P459727,"The Body Wash - With Niacinamide, Vitamins + Plant Surfactants",Nécessaire,Bath & Body,Bath & Shower,25.0,4.4633,115691,1157.0,10.0
P459138,"The Body Lotion - With Niacinamide, Vitamins + Peptides",Nécessaire,Bath & Body,Body Moisturizers,28.0,4.6814,73234,1271.0,11.2
P474847,"The Body Serum - With Hyaluronic Acid, Niacinamide + Ceramide",Nécessaire,Bath & Body,Body Moisturizers,45.0,4.7424,50726,590.0,18.0
P459728,The Body Exfoliator - With Bamboo Charcoal,Nécessaire,Bath & Body,Bath & Shower,30.0,4.3193,46772,119.0,12.0
P480463,The Deodorant Gel - With 5% Alpha Hydroxy Acid (AHA) and Niacinamide,Nécessaire,Bath & Body,Body Care,15.0,4.1638,45229,525.0,6.0
P474360,The Body Ritual,Nécessaire,Bath & Body,Value & Gift Sets,45.0,4.0,41758,55.0,18.0
P460570,The Hand Cream - With Peptide,Nécessaire,Bath & Body,Body Moisturizers,20.0,4.1983,30687,116.0,8.0
P500993,"The Sunscreen - 100% Mineral, Broad Spectrum SPF 30 with 20% Non-Nano Zinc, Hyaluronic Acid and Niacinamide",Nécessaire,Skincare,Sunscreen,25.0,4.5322,11896,451.0,9.5
P503143,The Scalp Serum - With 5% Biomimetic Peptide Blend For Hair Growth,Nécessaire,Hair,Hair Styling & Treatments,58.0,4.6881,21308,420.0,26.1
P502707,"The Shampoo- Balancing Cleanse With Hyaluronic Acid, Niacinamide + Panthenol",Nécessaire,Hair,Shampoo & Conditioner,28.0,4.6772,19732,412.0,12.6
P474076,The Body Oil - 100% Organic. 100% Cold-Pressed.,Nécessaire,Bath & Body,Body Moisturizers,40.0,4.037,18823,27.0,16.0
P502757,"The Conditioner- Hydrating Cream with Hyaluronic Acid, Niacinamide + Panthenol",Nécessaire,Hair,Shampoo & Conditioner,28.0,4.6471,14582,408.0,12.6
P500039,The Neck Serum - With 5 Peptides | 9% Peptide Blend,Nécessaire,Skincare,Moisturizers,60.0,4.6903,21558,226.0,22.8
P504029,"The Body Cream - With 5 Ceramides, Colloidal Oatmeal + Niacinamide",Nécessaire,Bath & Body,Body Moisturizers,45.0,4.8619,10314,420.0,18.0
P503875,"The Body Bar - With 2% Physical Exfoliant, 5 Ceramides + Niacinamide",Nécessaire,Bath & Body,Bath & Shower,12.0,4.1333,7824,15.0,4.8
P504054,"Mini The Body Lotion - With Niacinamide, Vitamins + Peptides",Nécessaire,Bath & Body,Body Moisturizers,15.0,3.9298,3232,57.0,6.0
P504074,"The Body Wash - With Niacinamide, Vitamins + Plant Surfactants Refill",Nécessaire,Bath & Body,Bath & Shower,40.0,3.7463,3163,67.0,16.0
P385317,Indigo Eau de Parfum,NEST New York,Fragrance,Women,86.0,4.5041,33308,607.0,25.8
P470232,Madagascar Vanilla Perfume Oil,NEST New York,Fragrance,Women,98.0,4.0165,32060,242.0,29.4
P470233,Madagascar Vanilla Perfume Oil Rollerball,NEST New York,Fragrance,Women,35.0,4.0165,30771,242.0,10.5
P480334,Mini Fragrance Discovery Set,NEST New York,Fragrance,Value & Gift Sets,40.0,4.4468,24381,47.0,12.0
P385319,Indigo Eau de Parfum Travel Spray,NEST New York,Fragrance,Women,30.0,4.4944,22366,267.0,9.0
P415763,Black Tulip Eau de Parfum,NEST New York,Fragrance,Women,86.0,4.5013,20649,377.0,25.8
P440637,Wild Poppy Eau de Parfum,NEST New York,Fragrance,Women,86.0,4.4568,17162,278.0,25.8
P454827,Sunkissed Hibiscus Eau de Parfum,NEST New York,Fragrance,Women,86.0,4.2291,15471,275.0,25.8
P480332,Golden Nectar Eau de Parfum,NEST New York,Fragrance,Women,86.0,4.2,14849,185.0,25.8
P470045,Mini Perfume Oil Set,NEST New York,Fragrance,Women,48.0,3.7627,14648,59.0,14.4
P469170,Seville Orange Perfume Oil Rollerball,NEST New York,Fragrance,Women,35.0,4.3542,12967,192.0,10.5
P454828,Sunkissed Hibiscus Eau de Parfum Travel Spray,NEST New York,Fragrance,Women,30.0,4.2291,12472,275.0,9.0
P503925,Balinese Coconut Perfume Oil,NEST New York,Fragrance,Women,98.0,4.5714,12449,161.0,29.4
P470236,Turkish Rose Perfume Oil,NEST New York,Fragrance,Women,98.0,4.3351,12024,194.0,29.4
P406775,Citrine Eau de Parfum,NEST New York,Fragrance,Women,86.0,4.4343,11845,297.0,25.8
P480331,Golden Nectar Eau de Parfum Travel Spray,NEST New York,Fragrance,Women,30.0,4.2,11574,185.0,9.0
P480335,Perfume Rollerball Set,NEST New York,Fragrance,Value & Gift Sets,23.0,4.5217,11277,23.0,6.9
P440638,Wild Poppy Eau de Parfum Travel Spray,NEST New York,Fragrance,Women,30.0,4.4568,11193,278.0,9.0
P470237,Turkish Rose Perfume Oil Rollerball,NEST New York,Fragrance,Women,35.0,4.3351,10755,194.0,10.5
P467037,Seville Orange Perfume Oil,NEST New York,Fragrance,Women,98.0,4.3542,10512,192.0,29.4
P470231,Indian Jasmine Perfume Oil Rollerball,NEST New York,Fragrance,Women,35.0,4.3115,8789,122.0,10.5
P427608,Wisteria Blue Eau de Parfum,NEST New York,Fragrance,Women,86.0,4.5208,8765,96.0,25.8
P470230,Indian Jasmine Perfume Oil,NEST New York,Fragrance,Women,98.0,4.3115,8658,122.0,29.4
P415765,Black Tulip Eau de Parfum Travel Spray,NEST New York,Fragrance,Women,30.0,4.5013,8620,377.0,9.0
P406776,Citrine Eau de Parfum Travel Spray,NEST New York,Fragrance,Women,30.0,4.28,8435,100.0,9.0
P381768,Grapefruit Candle,NEST New York,Fragrance,Candles & Home Scents,46.0,4.4242,8372,66.0,13.8
P503898,Balinese Coconut Perfume Oil Rollerball,NEST New York,Fragrance,Women,35.0,4.5714,8290,161.0,10.5
P502931,Madagascar Vanilla Perfume Oil Set,NEST New York,Fragrance,Value & Gift Sets,100.0,3.9,7946,10.0,30.0
P470229,Mini Perfume Oil Set,NEST New York,Fragrance,Value & Gift Sets,25.0,4.1538,6392,13.0,7.5
P427607,Wisteria Blue Eau de Parfum Travel Spray,NEST New York,Fragrance,Women,30.0,4.3288,6276,73.0,9.0
P463480,Mini Ornament Holiday Candle,NEST New York,Fragrance,Candles & Home Scents,18.0,4.5,5632,14.0,5.4
P461189,Mini Festive Candle Set,NEST New York,Fragrance,Candles & Home Scents,48.0,4.1667,5525,6.0,14.4
P440639,Rose Noir & Oud Candle,NEST New York,Fragrance,Candles & Home Scents,46.0,4.7431,5474,109.0,13.8
P381767,Grapefruit Reed Diffuser,NEST New York,Fragrance,Candles & Home Scents,58.0,4.3448,5275,29.0,17.4
P463474,Holiday Candle,NEST New York,Fragrance,Candles & Home Scents,46.0,4.4231,5205,26.0,13.8
P382348,Moroccan Amber Candle,NEST New York,Fragrance,Candles & Home Scents,46.0,4.0811,5141,37.0,13.8
P440640,Rose Noir & Oud Reed Diffuser,NEST New York,Fragrance,Candles & Home Scents,58.0,4.5833,4935,24.0,17.4
P470234,South Pacific Sandalwood Perfume Oil,NEST New York,Fragrance,Women,98.0,4.2568,4592,74.0,29.4
P470235,South Pacific Sandalwood Perfume Oil Rollerball,NEST New York,Fragrance,Women,35.0,4.2568,4440,74.0,10.5
P396423,Moroccan Amber Reed Diffuser,NEST New York,Fragrance,Candles & Home Scents,58.0,4.6667,3947,21.0,17.4
P381777,Bamboo Candle,NEST New York,Fragrance,Candles & Home Scents,46.0,4.5818,3925,110.0,13.8
P454966,Amalfi Lemon & Mint Candle,NEST New York,Fragrance,Candles & Home Scents,18.0,3.6818,3918,22.0,5.4
P469882,Wild Mint & Eucalyptus Candle,NEST New York,Fragrance,Candles & Home Scents,46.0,4.75,3910,80.0,13.8
P381776,Bamboo Reed Diffuser,NEST New York,Fragrance,Candles & Home Scents,58.0,4.125,3776,24.0,17.4
P502899,Sunkissed Hibiscus Fine Fragrance Set,NEST New York,Fragrance,Value & Gift Sets,86.0,4.2,3736,5.0,25.8
P474362,Pumpkin Chai Candle,NEST New York,Fragrance,Candles & Home Scents,46.0,4.4821,3659,56.0,13.8
P474361,Mini Pumpkin Chai Candle,NEST New York,Fragrance,Candles & Home Scents,18.0,4.4821,3397,56.0,5.4
P469883,Wild Mint & Eucalyptus Reed Diffuser,NEST New York,Fragrance,Candles & Home Scents,58.0,3.6,2845,20.0,17.4
P456973,Pura Smart Home Fragrance Diffuser Set,NEST New York,Fragrance,Candles & Home Scents,85.0,2.64,2752,25.0,25.5
P463479,Festive Petite Diffuser Trio Set,NEST New York,Fragrance,Candles & Home Scents,58.0,2.5,2742,12.0,17.4
P504319,Golden Nectar Perfume Set,NEST New York,Fragrance,Value & Gift Sets,86.0,4.1667,2443,6.0,25.8
P416384,Ocean Mist & Sea Salt Reed Diffuser,NEST New York,Fragrance,Candles & Home Scents,58.0,3.2727,2421,11.0,17.4
P463476,Birchwood Pine Candle,NEST New York,Fragrance,Candles & Home Scents,78.0,4.6364,2411,11.0,23.4
P467034,Grapefruit Votive Candle,NEST New York,Fragrance,Candles & Home Scents,18.0,4.7333,2411,45.0,5.4
P408726,Apricot Tea Scented Candle,NEST New York,Fragrance,Candles & Home Scents,46.0,3.4545,2347,22.0,13.8
P468393,Wild Poppy Perfume Set,NEST New York,Fragrance,Value & Gift Sets,84.0,4.5833,2306,12.0,25.2
P483676,Himalayan Salt & Rosewater Candle,NEST New York,Fragrance,Candles & Home Scents,46.0,4.9841,2304,63.0,13.8
P472484,Smart Home Pura Diffuser Refills,NEST New York,Fragrance,Candles & Home Scents,36.0,2.3333,2212,3.0,10.8
P463481,Mini Birchwood Pine Candle,NEST New York,Fragrance,Candles & Home Scents,18.0,3.8,2203,5.0,5.4
P409732,Sicilian Tangerine Scented Candle,NEST New York,Fragrance,Candles & Home Scents,46.0,4.6667,2187,9.0,13.8
P483677,Mini Himalayan Salt & Rosewater Candle,NEST New York,Fragrance,Candles & Home Scents,18.0,5.0,2154,2.0,5.4
P505138,Mini Perfume Oil Discovery Sampler Set,NEST New York,Fragrance,Value & Gift Sets,25.0,,2150,,7.5
P416574,Cedar Leaf & Lavender Reed Diffuser,NEST New York,Fragrance,Candles & Home Scents,58.0,3.4545,1881,11.0,17.4
P441635,Velvet Pear Candle,NEST New York,Fragrance,Candles & Home Scents,18.0,4.4286,1862,7.0,5.4
P454967,Amalfi Lemon & Mint Reed Diffuser,NEST New York,Fragrance,Candles & Home Scents,58.0,4.4444,1829,9.0,17.4
P428070,Linen Scented Candle,NEST New York,Fragrance,Candles & Home Scents,18.0,4.4286,1821,7.0,5.4
P409733,Ocean Mist & Sea Salt Scented Candle,NEST New York,Fragrance,Candles & Home Scents,46.0,4.25,1672,8.0,13.8
P408727,Apricot Tea Reed Diffuser,NEST New York,Fragrance,Candles & Home Scents,58.0,3.4167,1655,12.0,17.4
P483678,Himalayan Salt & Rosewater Diffuser,NEST New York,Fragrance,Candles & Home Scents,58.0,5.0,1630,2.0,17.4
P463475,Holiday Reed Diffuser,NEST New York,Fragrance,Candles & Home Scents,58.0,4.4444,1616,9.0,17.4
P450838,Holiday & Birchwood Pine Candle Duo Set,NEST New York,Fragrance,Candles & Home Scents,76.0,5.0,1529,2.0,22.8
P480623,Driftwood & Chamomile Candle,NEST New York,Fragrance,Candles & Home Scents,46.0,4.7143,1526,49.0,13.8
P460869,Grapefruit Hand Soap,NEST New York,Bath & Body,Bath & Shower,22.0,5.0,1424,1.0,8.8
P500462,Mini Wild Mint & Eucalyptus Candle,NEST New York,Fragrance,Candles & Home Scents,18.0,,1337,,5.4
P505122,Mini Perfume Oil Set,NEST New York,Fragrance,Value & Gift Sets,48.0,5.0,1333,1.0,14.4
P502276,Wellness Votive Trio Set,NEST New York,Fragrance,Candles & Home Scents,48.0,5.0,1279,1.0,14.4
P463477,Birchwood Pine Reed Diffuser,NEST New York,Fragrance,Candles & Home Scents,58.0,4.4,1256,5.0,17.4
P381775,Bamboo Liquid Hand Soap,NEST New York,Bath & Body,Bath & Shower,22.0,4.2857,1177,7.0,8.8
P467035,Mini Moroccan Amber Candle,NEST New York,Fragrance,Candles & Home Scents,18.0,5.0,1170,2.0,5.4
P502676,Crystallized Ginger & Vanilla Bean Candle,NEST New York,Fragrance,Candles & Home Scents,46.0,4.7841,1077,88.0,13.8
P500463,Mini Driftwood & Chamomile Candle,NEST New York,Fragrance,Candles & Home Scents,18.0,4.25,990,4.0,5.4
P482293,Wild Mint & Eucalyptus Misting Diffuser Set,NEST New York,Fragrance,Candles & Home Scents,98.0,,985,,29.4
P480333,Mini Wellness Candle Duo,NEST New York,Fragrance,Candles & Home Scents,54.0,,910,,16.2
P503596,Wall Diffuser Festive Set,NEST New York,Fragrance,Candles & Home Scents,38.0,2.5,898,2.0,11.4
P442310,Mini Velvet Pear Candle,NEST New York,Fragrance,Candles & Home Scents,18.0,3.25,896,4.0,5.4
P419419,Citrine Body Cream,NEST New York,Bath & Body,Body Moisturizers,55.0,5.0,885,2.0,22.0
P504703,Lime Zest & Matcha Votive Candle,NEST New York,Fragrance,Candles & Home Scents,18.0,5.0,816,3.0,5.4
P482294,Wild Mint & Eucalyptus Misting Diffuser Oil,NEST New York,Fragrance,Candles & Home Scents,32.0,4.6667,715,3.0,9.6
P448841,Pumpkin Chai Reed Diffuser,NEST New York,Fragrance,Candles & Home Scents,58.0,1.75,685,4.0,17.4
P500267,Charcoal Woods Candle,NEST New York,Fragrance,Candles & Home Scents,46.0,4.5231,661,65.0,13.8
P500258,Mini Charcoal Woods Candle,NEST New York,Fragrance,Candles & Home Scents,18.0,,659,,5.4
P482706,Driftwood & Chamomile Misting Diffuser Oil,NEST New York,Fragrance,Candles & Home Scents,32.0,5.0,645,1.0,9.6
P480624,Driftwood & Chamomile Diffuser,NEST New York,Fragrance,Candles & Home Scents,58.0,4.0,598,4.0,17.4
P501007,Pumpkin Chai Liquid Soap,NEST New York,Bath & Body,Body Care,22.0,,550,,8.8
P484062,Gray Malin Ocean Mist & Sea Salt Candle,NEST New York,Fragrance,Candles & Home Scents,48.0,3.0,517,1.0,14.4
P503632,Holiday Wall Diffuser Refill,NEST New York,Fragrance,Candles & Home Scents,28.0,5.0,501,1.0,8.4
P467036,Mini Linen Scented Candle,NEST New York,Fragrance,Candles & Home Scents,18.0,,371,,5.4
P504685,Lime Zest & Matcha Candle,NEST New York,Fragrance,Candles & Home Scents,78.0,4.8553,358,76.0,23.4
P505155,Lime Zest & Matcha Diffuser,NEST New York,Fragrance,Candles & Home Scents,58.0,,326,,17.4
P504705,Lime Zest & Matcha Misting Diffuser Oil,NEST New York,Fragrance,Candles & Home Scents,32.0,,303,,9.6
P484061,Gray Malin Ocean Mist & Sea Salt Reed Diffuser,NEST New York,Fragrance,Candles & Home Scents,46.0,,298,,13.8
P503233,Himalayan Salt & Rosewater Luxury Candle,NEST New York,Fragrance,Candles & Home Scents,180.0,,290,,54.0
P500242,Charcoal Woods Reed Diffuser,NEST New York,Fragrance,Candles & Home Scents,58.0,,205,,17.4
P502897,Birchwood Pine PURA Refill,NEST New York,Fragrance,Candles & Home Scents,36.0,,203,,10.8
P503235,Driftwood & Chamomile Wall Diffuser Refill,NEST New York,Fragrance,Candles & Home Scents,28.0,,191,,8.4
P503228,Driftwood & Chamomile  Luxury Candle,NEST New York,Fragrance,Candles & Home Scents,180.0,,139,,54.0
P504691,Lime Zest & Matcha Pura Refill,NEST New York,Fragrance,Candles & Home Scents,36.0,,128,,10.8
P505432,Wilderness Midnight Moss & Vetiver Reed Diffuser,NEST New York,Fragrance,Candles & Home Scents,58.0,,13,,17.4
P502893,Birchwood Pine Reed Diffuser,NEST New York,Fragrance,Candles & Home Scents,58.0,,0,,17.4
P504038,Smart Home Wall Diffuser Refills,NEST New York,Fragrance,Candles & Home Scents,28.0,,0,,8.4
P500335,Driftwood & Chamomile Misting Diffuser Oil,NEST New York,Fragrance,Candles & Home Scents,32.0,,0,,9.6
P500324,Wild Mint & Eucalyptus Misting Diffuser Oil,NEST New York,Fragrance,Candles & Home Scents,32.0,,0,,9.6
P441634,Rose Noir & Oud Votive Candle,NEST New York,Fragrance,Candles & Home Scents,18.0,3.3333,0,3.0,5.4
P455878,Amalfi Lemon & Mint Votive Candle,NEST New York,Fragrance,Candles & Home Scents,18.0,,0,,5.4
P500337,Misting Diffuser Set with Wild Mint & Eucalyptus,NEST New York,Fragrance,Candles & Home Scents,98.0,,0,,29.4
P419107,Nudies Matte Cream Blush,NUDESTIX,Makeup,Cheek,35.0,4.493,135758,570.0,14.7
P388953,Magnetic Eye Color,NUDESTIX,Makeup,Eye,27.0,4.1453,87604,358.0,11.34
P428673,Nude Metallics For Eyes,NUDESTIX,Makeup,Eye,30.0,4.0865,55750,266.0,12.6
P444609,Nudies Bloom All Over Dewy Color,NUDESTIX,Makeup,Cheek,35.0,4.2869,48597,352.0,14.7
P478523,Mini NUDIES Roses 'N Honey Nudes 3pc Kit,NUDESTIX,Mini Size,Makeup,29.0,4.3026,40664,152.0,13.05
P405290,Intense Matte Lip + Cheek Pencil,NUDESTIX,Makeup,Lip,27.0,4.3484,39658,221.0,11.34
P431758,Tinted Blur Foundation Stick,NUDESTIX,Makeup,Face,32.0,3.6797,32176,459.0,13.44
P417912,Nudies All Over Face Color Bronze + Glow,NUDESTIX,Makeup,Face,35.0,4.2261,29544,283.0,14.7
P457828,Sunset Nudes 3-piece Set,NUDESTIX,Makeup,Face,27.0,4.3953,27995,43.0,11.34
P416774,Magnetic Matte Lip Color,NUDESTIX,Makeup,Lip,27.0,3.6989,24916,362.0,11.34
P408286,Gel Color Lip + Cheek Balm,NUDESTIX,Makeup,Lip,27.0,4.4444,23368,99.0,11.34
P444920,Nude Plumping Lip Glace,NUDESTIX,Makeup,Lip,28.0,4.411,15479,73.0,11.76
P448152,Tinted Cover Skin Tint Foundation,NUDESTIX,Makeup,Face,36.0,4.0,15218,5.0,15.12
P482056,Mini Nudefix Cream Concealer,NUDESTIX,Mini Size,Makeup,9.0,4.3333,14631,3.0,4.05
P501811,Mini Soft & Warm Nudes 3-Piece Kit,NUDESTIX,Makeup,Face,29.0,4.0,13934,5.0,12.18
P400017,Eyebrow Stylus Pencil & Gel,NUDESTIX,Makeup,Eye,27.0,4.1958,13714,240.0,11.34
P500480,Nudies Matte Cream Bronzer,NUDESTIX,Makeup,Cheek,35.0,4.3312,11631,308.0,14.7
P501183,Nudies Matte Lux All-Over Face Blush,NUDESTIX,Makeup,Cheek,35.0,4.6076,11406,288.0,14.7
P463098,Nudefix Cream Concealer,NUDESTIX,Makeup,Face,28.0,4.3333,11390,3.0,11.76
P481828,Nudescreen Daily Mineral Veil SPF 30,NUDESTIX,Skincare,Moisturizers,36.0,4.0789,5697,152.0,13.68
P448856,Blend & Buff Brush,NUDESTIX,Makeup,Brushes & Applicators,26.0,4.2821,9888,39.0,10.92
P501155,Tinted Blur Contour Sculpting Stick,NUDESTIX,Makeup,Face,32.0,4.3162,9751,136.0,13.44
P463096,Glowy Nude Skin 2pcs,NUDESTIX,Makeup,Cheek,47.0,4.0,9078,4.0,19.74
P501177,Blot & Blur Matte Stick,NUDESTIX,Makeup,Face,34.0,4.2796,8743,186.0,14.28
P501780,Mini 90's Nude Lips 3-Piece Kit,NUDESTIX,Makeup,Lip,29.0,4.2222,8456,9.0,12.18
P463099,Pretty Nude Skin 2pcs,NUDESTIX,Makeup,Cheek,47.0,3.4545,8148,11.0,19.74
P476894,NUDESKIN Lemon-Aid Detox & Glow Micro-Peel,NUDESTIX,Skincare,Treatments,35.0,4.4691,1215,81.0,13.3
P476893,NUDESKIN Citrus-C Mask & Daily Moisturizer,NUDESTIX,Skincare,Moisturizers,39.0,4.2603,653,73.0,14.82
P475143,NUDESKIN 3-Step: Citrus Renew Set For Makeup,NUDESTIX,Skincare,Value & Gift Sets,29.0,3.7639,1520,72.0,11.02
P502770,"No Edit, No Filter, Just Glam 3-Piece Glamzilla Set",NUDESTIX,Makeup,Face,69.0,3.5,6267,8.0,28.98
P482054,Euphoric Nudes 7pc Festival Palette,NUDESTIX,Makeup,Eye,79.0,4.5429,5890,105.0,33.18
P472178,Brow Set Gel XL,NUDESTIX,Makeup,Eye,28.0,4.0088,4599,114.0,11.76
P388950,Lash Lengthening Mascara,NUDESTIX,Makeup,Eye,28.0,3.8355,3843,152.0,11.76
P482055,Hydra-Peptide Lip Butter with Mini Intense Matte Lip + Cheek Pencil,NUDESTIX,Makeup,Lip,18.0,4.6019,3748,103.0,7.56
P501789,Mini Trendy Blush 3-Piece Kit,NUDESTIX,Makeup,Face,29.0,4.5,3532,4.0,12.18
P478511,Brows & Lashes 3pc Kit,NUDESTIX,Makeup,Value & Gift Sets,32.0,4.3152,3226,92.0,13.44
P504874,Nudescreen Lip Primer SPF 30 Natural,NUDESTIX,Makeup,Lip,18.0,4.3333,2800,6.0,7.56
P504873,Nude Earth Eye Palette 6 Pc Kit,NUDESTIX,Makeup,Eye,69.0,5.0,2567,4.0,28.98
P472179,Vegan Splashproof Mascara,NUDESTIX,Makeup,Eye,28.0,4.3254,1639,209.0,11.76
P476892,NUDESKIN Citrus Clean Balm & Make-Up Melt,NUDESTIX,Makeup,Accessories,35.0,5.0,602,1.0,14.7
P504322,Gentle Hydra-Gel Face Cleanser,NUDESTIX,Skincare,Cleansers,19.0,5.0,177,1.0,7.22
P504330,5% Citrus Fruit & Glycolic Glow Toner,NUDESTIX,Skincare,Cleansers,29.0,,793,,11.02
P504306,Citrus Clean Balm & Makeup Melt,NUDESTIX,Makeup,Accessories,35.0,,0,,14.7
P407080,Love is Louder Lip + Cheek Pencil,NUDESTIX,Makeup,Lip,27.0,4.377,0,61.0,11.34
P504286,Nudestix Lemon-Aid Detox & Glow Micro-Peel,NUDESTIX,Skincare,Treatments,35.0,,0,,13.3
P502852,NuFACE Mini+ Petite Facial Toning Device,NuFACE,Skincare,High Tech Tools,245.0,4.5314,11514,175.0,93.1
P385320,Trinity + Eye and Lip Enhancer Attachment Bundle,NuFACE,Skincare,High Tech Tools,449.0,3.4381,16672,105.0,170.62
P402992,Trinity + Eye and Lip Enhancer Attachment Bundle,NuFACE,Skincare,High Tech Tools,429.0,3.4381,4122,105.0,163.02
P474968,NuFACE Hydrating Aqua Gel,NuFACE,Skincare,Moisturizers,39.0,4.3182,5336,22.0,14.82
P428005,NuBODY Skin Toning Device,NuFACE,Skincare,High Tech Tools,399.0,4.25,6851,20.0,151.62
P474967,NuFACE Firming and Brightening Silk Crème,NuFACE,Skincare,Moisturizers,69.0,4.5625,2299,16.0,26.22
P383182,Wrinkle Reducer Trinity Attachment,NuFACE,Skincare,High Tech Tools,159.0,2.7143,4948,14.0,60.42
P393600,Trinity Facial Toning Device + Wrinkle Reducer Attachment Bundle,NuFACE,Skincare,High Tech Tools,449.0,3.5385,5875,13.0,170.62
P481138,FIX  Line Smoothing Device,NuFACE,Skincare,High Tech Tools,159.0,2.0,2054,12.0,60.42
P402993,Trinity Facial Toning Device + Wrinkle Reducer Attachment Bundle,NuFACE,Skincare,High Tech Tools,429.0,3.6667,2112,9.0,163.02
P500464,NuBODY - Body Toning Device,NuFACE,Skincare,High Tech Tools,399.0,1.0,1312,2.0,151.62
P504221,Trinity+ Starter Kit,NuFACE,Skincare,High Tech Tools,395.0,5.0,1085,2.0,150.1
P504676,NuFACE Trinity+ & Effective Lip and Eye Attachment,NuFACE,Skincare,High Tech Tools,495.0,,760,,188.1
P481137,FIX Line Smoothing Serum,NuFACE,Skincare,Treatments,49.0,,540,,18.62
P504706,NuFACE Effective Lip & Eye Attachment,NuFACE,Skincare,High Tech Tools,160.0,,205,,60.8
P504148,WOMEN Clinically Proven Hair Growth Supplement for Thinning,Nutrafol,Hair,Hair Styling & Treatments,88.0,4.6882,9780,186.0,39.6
P504161,Women’s Lightweight Thickening-Hair Serum for Thinning Hair,Nutrafol,Hair,Hair Styling & Treatments,69.0,4.7047,6674,193.0,31.05
P504173,WOMEN’S BALANCE 45+ Clinically Proven Hair Growth Supplement for Thinning,Nutrafol,Hair,Hair Styling & Treatments,88.0,4.8286,3606,70.0,39.6
P504186,Root Purifier Scalp Shampoo for Thinning Hair,Nutrafol,Hair,Shampoo & Conditioner,44.0,4.6872,3120,195.0,19.8
P504184,Strand Defender Lightweight Strengthening Conditioner for Thinning Hair,Nutrafol,Hair,Shampoo & Conditioner,44.0,4.6791,1893,187.0,19.8
P504155,Build-Up Blocker Scalp Exfoliating Hair Mask with AHAs and Jojoba Esters,Nutrafol,Hair,Hair Styling & Treatments,49.0,4.7354,1724,189.0,22.05
P504130,WOMEN’S VEGAN Clinically Proven Hair Growth Supplement for Thinning,Nutrafol,Hair,Hair Styling & Treatments,88.0,4.7033,1473,182.0,39.6
P504157,Stress Reliever Soothing Serum for Dry & Sensitive Scalps,Nutrafol,Hair,Hair Styling & Treatments,59.0,4.6471,1398,187.0,26.55
P504172,MEN Clinically Proven Hair Growth Supplement for Thinning,Nutrafol,Hair,Hair Styling & Treatments,88.0,5.0,868,2.0,39.6
P504165,POSTPARTUM OBGYN-Formulated Hair Growth Supplement for Thinning & Full-Body Recovery Support,Nutrafol,Hair,Hair Styling & Treatments,88.0,4.5714,852,42.0,39.6
P428224,No. 3 Hair Repair Perfector,Olaplex,Hair,Hair Styling & Treatments,30.0,4.328,527201,3908.0,13.5
P447376,No. 7 Bonding Hair Oil,Olaplex,Hair,Hair Styling & Treatments,30.0,4.1018,302328,1336.0,13.5
P433172,No. 4 Bond Maintenance Shampoo,Olaplex,Hair,Shampoo & Conditioner,30.0,3.7813,259602,1843.0,13.5
P441831,No. 6 Bond Smoother Reparative Styling Creme,Olaplex,Hair,Hair Styling & Treatments,30.0,4.3311,258870,1169.0,13.5
P433173,No. 5 Bond Maintenance Conditioner,Olaplex,Hair,Shampoo & Conditioner,30.0,4.0582,255670,1237.0,13.5
P461483,No. 0 Intensive Bond Building Hair Treatment,Olaplex,Hair,Hair Styling & Treatments,30.0,4.1482,171482,1734.0,13.5
P469856,No. 8 Bond Intense Moisture Hair Mask,Olaplex,Hair,Hair Styling & Treatments,30.0,4.3818,151505,1197.0,13.5
P443331,Mini No. 5 Bond Maintenance Conditioner,Olaplex,Hair,Shampoo & Conditioner,15.0,3.8848,79016,217.0,6.75
P443332,Mini No. 4 Bond Maintenance Shampoo,Olaplex,Hair,Shampoo & Conditioner,15.0,3.822,75009,264.0,6.75
P482541,No. 9 Bond Protector Nourishing Hair Serum,Olaplex,Hair,Hair Styling & Treatments,30.0,4.6358,73936,1233.0,13.5
P476895,No.4P Blonde Enhancer Toning Purple Shampoo,Olaplex,Hair,Shampoo & Conditioner,30.0,3.9027,54656,401.0,13.5
P500624,No. 4C Bond Maintenance Clarifying Shampoo,Olaplex,Hair,Shampoo & Conditioner,30.0,4.7719,46900,1140.0,13.5
P480336,No. 3 & No. 8 Hair Repair Remedies Set,Olaplex,Hair,Value & Gift Sets,56.0,4.0938,45509,32.0,25.2
P504622,No.4D Clean Volume Detox Dry Shampoo,Olaplex,Hair,Hair Styling & Treatments,30.0,4.4835,25199,1212.0,13.5
P430337,C-Rush Vitamin C Gel Moisturizer,OLEHENRIKSEN,Skincare,Moisturizers,51.0,4.3404,105730,2961.0,19.38
P439061,Glow2OH Dark Spot Toner,OLEHENRIKSEN,Skincare,Cleansers,35.0,4.1922,182201,2955.0,13.3
P448207,PHAT Glow Facial Mask,OLEHENRIKSEN,Skincare,Masks,52.0,4.3854,49921,1785.0,19.76
P416816,Balancing Force Oil Control Toner,OLEHENRIKSEN,Skincare,Cleansers,35.0,4.3017,98160,1674.0,13.3
P431848,Cold Plunge Pore Mask,OLEHENRIKSEN,Skincare,Masks,41.0,4.5335,102859,1522.0,15.58
P473322,Dewtopia 20% Acid Night Treatment,OLEHENRIKSEN,Skincare,Treatments,60.0,4.5614,39989,1466.0,22.8
P416815,Find Your Balance Oil Control Cleanser,OLEHENRIKSEN,Skincare,Cleansers,33.0,4.4299,72479,1447.0,12.54
P466142,Lemonade Smoothing Scrub,OLEHENRIKSEN,Skincare,Cleansers,35.0,4.5795,42708,1277.0,13.3
P434545,Glow Cycle Retin-ALT Power Serum,OLEHENRIKSEN,Skincare,Treatments,60.0,4.2873,43324,1239.0,22.8
P456566,Banana Bright 15% Vitamin C Serum,OLEHENRIKSEN,Skincare,Treatments,71.0,3.9404,88410,1041.0,26.98
P472050,Cold Plunge Pore Remedy Moisturizer with BHA/LHA,OLEHENRIKSEN,Skincare,Moisturizers,51.0,4.3959,23082,1033.0,19.38
P442012,Banana Bright Face Primer,OLEHENRIKSEN,Makeup,Face,40.0,4.3071,53172,1781.0,16.8
P469213,Wrinkle Blur Bakuchiol Eye Gel Crème,OLEHENRIKSEN,Skincare,Eye Care,52.0,4.3939,26008,886.0,19.76
P418872,Pore-Balance Facial Sauna Scrub,OLEHENRIKSEN,Skincare,Cleansers,35.0,4.5597,69759,879.0,13.3
P479339,Strength Trainer Peptide Boost Moisturizer,OLEHENRIKSEN,Skincare,Moisturizers,51.0,4.5522,47908,862.0,19.38
P483679,Truth Barrier Booster Orange Ferment Vitamin C Essence,OLEHENRIKSEN,Skincare,Moisturizers,48.0,4.814,24293,602.0,18.24
P500613,Banana Bright+ Vitamin C Eye Crème,OLEHENRIKSEN,Skincare,Eye Care,42.0,4.2017,45414,575.0,15.96
P453227,Truth Juice Daily Cleanser,OLEHENRIKSEN,Skincare,Cleansers,33.0,4.2372,48054,527.0,12.54
P459133,Mini Truth Juice Daily Cleanser,OLEHENRIKSEN,Skincare,Mini Size,16.0,4.2372,6786,527.0,6.08
P434546,Goodnight Glow Bakuchiol Sleeping Crème,OLEHENRIKSEN,Skincare,Moisturizers,60.0,3.8817,55708,524.0,22.8
P503651,Dewtopia 5% AHA Firming Night Crème,OLEHENRIKSEN,Skincare,Moisturizers,60.0,4.8319,10448,339.0,22.8
P504639,Banana Bright+ Vitamin CC Eye Sticks,OLEHENRIKSEN,Skincare,Eye Care,34.0,4.604,17823,298.0,12.92
P504043,Hydrabarrier Nourishing Face Oil,OLEHENRIKSEN,Skincare,Moisturizers,58.0,4.8186,14652,204.0,22.04
P500033,Firmly Yours Dry Body Oil with Peptides,OLEHENRIKSEN,Bath & Body,Body Moisturizers,45.0,4.4734,9801,395.0,18.0
P470240,Truth Serum Vitamin C Serum,OLEHENRIKSEN,Skincare,Treatments,56.0,4.1875,38002,128.0,21.28
P503878,Pout Preserve Peptide Lip Treatment,OLEHENRIKSEN,Skincare,Lip Balms & Treatments,22.0,4.5727,20729,110.0,8.36
P501586,Mini Strength Trainer Peptide Boost Moisturizer,OLEHENRIKSEN,Mini Size,Skincare,20.0,4.1818,8349,11.0,9.0
P459131,3 Mega Wonders,OLEHENRIKSEN,Skincare,Value & Gift Sets,65.0,4.2346,22166,81.0,24.7
P500047,BeamCream Smoothing Body Moisturizer with AHAs,OLEHENRIKSEN,Bath & Body,Body Moisturizers,38.0,4.415,6892,400.0,15.2
P471566,Mini Lemonade Smoothing Scrub,OLEHENRIKSEN,Skincare,Mini Size,18.0,4.1923,13714,52.0,6.84
P473323,Acids Done Bright Smoothing Skincare Set,OLEHENRIKSEN,Men,Value & Gift Sets,44.0,4.8182,4370,11.0,18.48
P502976,Stay in Touch Restorative Hand Crème,OLEHENRIKSEN,Bath & Body,Body Moisturizers,22.0,4.541,4043,61.0,8.8
P472180,Balance It All Oil Control & Pore-Refining Set,OLEHENRIKSEN,Skincare,Value & Gift Sets,40.0,3.6364,6808,22.0,15.2
P503572,Let's Get Luminous Brightening Essentials Set,OLEHENRIKSEN,Skincare,Value & Gift Sets,46.0,3.4444,11164,9.0,17.48
P454800,Mini Glow2OH Dark Spot Toner,OLEHENRIKSEN,Skincare,Mini Size,19.0,4.5,0,8.0,7.22
P503933,The Night Time Edit- Jenna Rennert X OLEHENRIKSEN,OLEHENRIKSEN,Skincare,Value & Gift Sets,65.0,3.4,1927,5.0,24.7
P503876,OLE Glow Icons Skincare Set,OLEHENRIKSEN,Skincare,Value & Gift Sets,62.0,3.75,1997,4.0,23.56
P504035,Mini BeamCream Smoothing Body Moisturizer with AHAs,OLEHENRIKSEN,Bath & Body,Body Moisturizers,20.0,4.0,1034,1.0,8.0
P504032,Glow Strong Mini Moisturizer + Eye Cream Duo,OLEHENRIKSEN,Skincare,Value & Gift Sets,25.0,,64,,9.5
P469953,Turn Up The Base Versatile Powder Foundation,ONE/SIZE by Patrick Starrr,Makeup,Face,38.0,4.2276,107001,637.0,15.96
P482709,Cheek Clapper 3D Blush Trio Palette,ONE/SIZE by Patrick Starrr,Makeup,Cheek,38.0,4.7403,95820,335.0,15.96
P466143,Mini Ultimate Blurring Setting Powder,ONE/SIZE by Patrick Starrr,Makeup,Mini Size,18.0,4.3026,56904,1170.0,7.56
P466144,Ultimate Blurring Setting Powder,ONE/SIZE by Patrick Starrr,Makeup,Face,34.0,4.3138,56615,1144.0,14.28
P478536,Turn Up the Base Blurring Foundation,ONE/SIZE by Patrick Starrr,Makeup,Face,35.0,4.2718,53463,677.0,14.7
P476719,On 'Til Dawn Mattifying Waterproof Setting Spray,ONE/SIZE by Patrick Starrr,Makeup,Face,32.0,4.1483,50172,809.0,13.44
P473741,Turn Up the Base Butter Silk Concealer,ONE/SIZE by Patrick Starrr,Makeup,Face,28.0,4.2798,48830,411.0,11.76
P476718,Mini On 'Til Dawn Mattifying Waterproof Setting Spray,ONE/SIZE by Patrick Starrr,Makeup,Mini Size,17.0,4.1483,42620,809.0,7.14
P461665,Point Made Waterproof Liquid Eyeliner Pen,ONE/SIZE by Patrick Starrr,Makeup,Eye,19.0,4.2245,37515,1292.0,7.98
P468394,Secure the Blur Makeup Magnet Primer,ONE/SIZE by Patrick Starrr,Makeup,Face,34.0,4.1303,37325,376.0,14.28
P461664,PATRICK STARRR Visionary Eyeshadow Palette,ONE/SIZE by Patrick Starrr,Makeup,Eye,42.0,3.6182,31482,165.0,17.64
P482710,Made for Shade Bronze & Sculpt Trio Palette,ONE/SIZE by Patrick Starrr,Makeup,Face,38.0,4.8093,28227,257.0,15.96
P461666,Eye Popper Sparkle Vision Liquid Eyeshadow,ONE/SIZE by Patrick Starrr,Makeup,Eye,24.0,3.7284,22876,81.0,10.08
P504363,Lip Snatcher Hydrating Liquid Lipstick and Lip Gloss Duo,ONE/SIZE by Patrick Starrr,Makeup,Lip,28.0,4.297,18228,165.0,11.76
P466145,Ultimate Setting & Baking Puff,ONE/SIZE by Patrick Starrr,Makeup,Face,14.0,3.5854,17975,41.0,5.88
P461923,Point Made 24-Hour Gel Eyeliner Pencil,ONE/SIZE by Patrick Starrr,Makeup,Eye,19.0,4.2252,17539,151.0,7.98
P504605,Lip Snatcher Waterproof Precision Lip Liner,ONE/SIZE by Patrick Starrr,Makeup,Lip,14.0,4.569,15099,239.0,5.88
P461667,Mini GO OFF Makeup Dissolving Mist,ONE/SIZE by Patrick Starrr,Skincare,Mini Size,18.0,4.168,9362,256.0,6.84
P91627362,GO OFF Makeup Dissolving Mist,ONE/SIZE by Patrick Starrr,Skincare,Cleansers,24.0,4.1746,18322,252.0,9.12
P500481,Fantasize Lifting & Lengthening Mascara,ONE/SIZE by Patrick Starrr,Makeup,Eye,25.0,4.3293,11958,413.0,10.5
P502866,Disney Fantasia and ONE/SIZE Ultimate Mickey Puff,ONE/SIZE by Patrick Starrr,Makeup,Brushes & Applicators,16.0,4.3333,11246,6.0,6.72
P466146,Full-On Faux Lashes,ONE/SIZE by Patrick Starrr,Makeup,Eye,20.0,4.3333,10472,45.0,8.4
P500501,Mini Fantasize Lifting & Lengthening Mascara,ONE/SIZE by Patrick Starrr,Makeup,Eye,15.0,4.1312,7886,282.0,6.3
P472993,BrowKiki Nourishing Tinted Brow Gel,ONE/SIZE by Patrick Starrr,Makeup,Eye,21.0,4.375,7147,56.0,8.82
P472995,BrowKiki Micro Brow Defining Pencil,ONE/SIZE by Patrick Starrr,Makeup,Eye,19.0,4.3026,7028,76.0,7.98
P501749,Disney Fantasia and ONE/SIZE Face and Eye Palette,ONE/SIZE by Patrick Starrr,Makeup,Face,49.0,4.6,6686,15.0,20.58
P502819,Disney Fantasia and ONE/SIZE Versatile Complexion Brush,ONE/SIZE by Patrick Starrr,Makeup,Brushes & Applicators,34.0,5.0,5013,3.0,14.28
P500733,Eye Popper Creamy Matte Liquid Eyeshadow,ONE/SIZE by Patrick Starrr,Makeup,Eye,24.0,5.0,3614,5.0,10.08
P472994,BrowKiki Nourishing Clear Brow Gel,ONE/SIZE by Patrick Starrr,Makeup,Eye,21.0,3.8929,2692,28.0,8.82
P469097,Gold Lust Repair & Restore Shampoo,Oribe,Hair,Shampoo & Conditioner,53.0,4.2889,34658,720.0,23.85
P469094,Mini Gold Lust Nourishing Hair Oil,Oribe,Hair,Mini Size,39.0,4.4595,30352,444.0,17.55
P469076,Dry Texturizing Spray,Oribe,Hair,Hair Styling & Treatments,49.0,4.4064,30146,561.0,22.05
P469093,Gold Lust Nourishing Hair Oil,Oribe,Hair,Hair Styling & Treatments,57.0,4.4595,29648,444.0,25.65
P469096,Gold Lust Repair & Restore Conditioner,Oribe,Hair,Shampoo & Conditioner,56.0,4.4257,27356,639.0,25.2
P469140,#OribeObsessed Hair Set,Oribe,Hair,Value & Gift Sets,54.0,3.5152,25210,33.0,24.3
P469195,Supershine Moisturizing Hair Cream,Oribe,Hair,Hair Styling & Treatments,52.0,4.4692,20865,422.0,23.4
P469156,Mini Royal Blowout Heat Styling Spray,Oribe,Hair,Mini Size,24.0,4.5635,19940,559.0,10.8
P469155,Royal Blowout Heat Styling Spray,Oribe,Hair,Hair Styling & Treatments,69.0,4.5635,18616,559.0,31.05
P469122,Mini Dry Texturizing Spray,Oribe,Hair,Mini Size,24.0,4.4064,16214,561.0,10.8
P469099,Gold Lust Transformative Hair Mask,Oribe,Hair,Hair Styling & Treatments,69.0,4.6115,15380,381.0,31.05
P479978,Hair Alchemy Strengthening Treatment Serum,Oribe,Hair,Hair Styling & Treatments,66.0,4.4741,14831,386.0,29.7
P469169,Serene Scalp Thickening Hair Treatment Spray,Oribe,Hair,Hair Styling & Treatments,76.0,3.9138,14035,58.0,34.2
P481140,Hair Alchemy Strengthening Shampoo,Oribe,Hair,Shampoo & Conditioner,52.0,4.3753,13575,453.0,23.4
P469098,Mini Gold Lust Repair & Restore Shampoo,Oribe,Hair,Mini Size,21.0,4.2889,13529,720.0,9.45
P469163,Serene Scalp Anti-Dandruff Shampoo,Oribe,Hair,Shampoo & Conditioner,52.0,4.1143,12385,385.0,23.4
P469091,Mini Gold Lust Repair & Restore Conditioner,Oribe,Hair,Mini Size,22.0,4.4257,11821,639.0,9.9
P469115,Maximista Hair Thickening Spray,Oribe,Hair,Hair Styling & Treatments,39.0,4.0928,11253,97.0,17.55
P469186,Straight Away Smoothing Blowout Hair Cream,Oribe,Hair,Hair Styling & Treatments,44.0,4.5185,10652,27.0,19.8
P469157,Run-Through Detangling Hair Primer,Oribe,Hair,Hair Styling & Treatments,39.0,4.4233,10460,215.0,17.55
P481141,Hair Alchemy Strengthening Conditioner,Oribe,Hair,Shampoo & Conditioner,55.0,4.36,10456,175.0,24.75
P481139,Mini Supershine Moisturizing Hair Cream,Oribe,Hair,Hair Styling & Treatments,19.5,4.4692,9894,422.0,8.77
P469092,Gold Lust Dry Shampoo,Oribe,Hair,Hair Styling & Treatments,48.0,4.0726,9463,179.0,21.6
P469130,Moisture & Control Deep Treatment Hair Mask,Oribe,Hair,Hair Styling & Treatments,66.0,4.4545,8428,22.0,29.7
P469180,Signature Shampoo,Oribe,Hair,Shampoo & Conditioner,49.0,3.2927,8030,41.0,22.05
P469173,Shampoo for Magnificent Volume,Oribe,Hair,Shampoo & Conditioner,49.0,3.9,7762,30.0,22.05
P469105,Imperial Blowout Transformative Styling Hair Cream,Oribe,Hair,Hair Styling & Treatments,68.0,4.0,7384,20.0,30.6
P469185,Split End Seal Beautiful Color Hair Treatment,Oribe,Hair,Hair Styling & Treatments,48.0,4.2143,7068,14.0,21.6
P469174,Shampoo for Moisture & Control,Oribe,Hair,Shampoo & Conditioner,49.0,4.04,7034,25.0,22.05
P469164,Serene Scalp Balancing Conditioner,Oribe,Hair,Shampoo & Conditioner,55.0,4.3118,6998,356.0,24.75
P500038,Mini Gold Lust Transformative mask,Oribe,Hair,Hair Styling & Treatments,26.0,4.6115,6696,381.0,11.7
P469124,Mini Impermeable Anti-Humidity Hair Spray,Oribe,Hair,Mini Size,23.0,3.0,6592,11.0,10.35
P469144,Hair Priming Lotion Leave-In Conditioning Detangler,Oribe,Hair,Hair Styling & Treatments,38.0,3.76,6555,25.0,17.1
P469033,Aprés Beach Wave and Shine Spray,Oribe,Hair,Hair Styling & Treatments,44.0,4.1875,6458,16.0,19.8
P469101,Grandiose Hair Plumping Mousse,Oribe,Hair,Hair Styling & Treatments,39.0,3.7333,6405,30.0,17.55
P469168,Serene Scalp Soothing Leave-On Hair Treatment,Oribe,Hair,Hair Styling & Treatments,48.0,4.4318,6378,88.0,21.6
P469191,Superfine Hair Spray,Oribe,Hair,Hair Styling & Treatments,44.0,4.5079,6214,63.0,19.8
P469194,Supershine Light Moisturizing Hair Cream,Oribe,Hair,Hair Styling & Treatments,52.0,4.4,6078,20.0,23.4
P501251,Signature Blowout Hair Set,Oribe,Hair,Value & Gift Sets,79.0,5.0,6068,6.0,35.55
P469171,Shampoo for Beautiful Color,Oribe,Hair,Shampoo & Conditioner,49.0,3.5333,5986,30.0,22.05
P469106,Impermeable Anti-Humidity Hair Spray,Oribe,Hair,Hair Styling & Treatments,42.0,4.1429,5974,21.0,18.9
P500638,Replenishing Body Wash,Oribe,Bath & Body,Bath & Shower,48.0,4.4138,5777,29.0,19.2
P469108,Intense Conditioner for Moisture & Control,Oribe,Hair,Shampoo & Conditioner,52.0,3.6667,5729,12.0,23.4
P469095,Gold Lust Power Drops Damage Hair Repair Booster,Oribe,Hair,Hair Styling & Treatments,58.0,3.4737,5520,19.0,26.1
P504151,Lunar New Year Gold Lust Travel Hair Set,Oribe,Hair,Value & Gift Sets,25.0,4.3333,5416,3.0,11.25
P469123,Mini Gold Lust Dry Shampoo,Oribe,Hair,Mini Size,23.0,4.0,5349,5.0,10.35
P469199,The Cleanse Clarifying Shampoo,Oribe,Hair,Shampoo & Conditioner,49.0,4.5263,5291,19.0,22.05
P500641,Restorative Body Crème,Oribe,Bath & Body,Body Moisturizers,65.0,4.6818,5242,22.0,26.0
P469037,Bright Blonde Sun Lightening Hair Mist,Oribe,Hair,Hair Styling & Treatments,38.0,3.7097,5193,31.0,17.1
P469126,Mini Superfine Hair Spray,Oribe,Hair,Mini Size,23.0,3.3333,5142,6.0,10.35
P469061,Curl Gloss,Oribe,Hair,Hair Styling & Treatments,42.0,3.5714,5027,14.0,18.9
P469042,Mini Bright Blonde Shampoo for Beautiful Color,Oribe,Hair,Mini Size,19.0,3.8,4996,10.0,8.55
P469114,Matte Waves Texture Hair Lotion,Oribe,Hair,Hair Styling & Treatments,42.0,4.1667,4859,18.0,18.9
P469172,Shampoo for Brilliance & Shine,Oribe,Hair,Shampoo & Conditioner,49.0,4.1667,4785,18.0,22.05
P469041,Bright Blonde Shampoo for Beautiful Color,Oribe,Hair,Shampoo & Conditioner,49.0,3.4286,4704,28.0,22.05
P469046,Cleansing Cream for Moisture & Control,Oribe,Hair,Shampoo & Conditioner,49.0,4.5455,4701,22.0,22.05
P469167,Serene Scalp Exfoliating Scrub,Oribe,Hair,Hair Styling & Treatments,52.0,3.5,4673,10.0,23.4
P469057,Conditioner for Brilliance & Shine,Oribe,Hair,Shampoo & Conditioner,52.0,4.3333,4602,27.0,23.4
P469059,Curl Control Silkening Cream,Oribe,Hair,Hair Styling & Treatments,42.0,4.0833,4510,12.0,18.9
P469040,Bright Blonde Essential Priming Hair Serum,Oribe,Hair,Hair Styling & Treatments,42.0,4.5714,4462,7.0,18.9
P469179,Signature Moisture Hair Mask,Oribe,Hair,Hair Styling & Treatments,66.0,4.2667,4416,15.0,29.7
P469178,Signature Conditioner,Oribe,Hair,Shampoo & Conditioner,52.0,3.25,4294,16.0,23.4
P469060,Curl Gelée for Shine and Definition,Oribe,Hair,Hair Styling & Treatments,44.0,4.0,4245,11.0,19.8
P469109,Invisible Defense Universal Protection Hair Spray,Oribe,Hair,Hair Styling & Treatments,44.0,3.7273,4128,11.0,19.8
P500863,Mini Maximista Hair Thickening Spray,Oribe,Hair,Hair Styling & Treatments,19.0,5.0,4026,2.0,8.55
P469039,Mini Bright Blonde Conditioner for Beautiful Color,Oribe,Hair,Mini Size,20.0,4.8333,4006,6.0,9.0
P469056,Conditioner for Beautiful Color,Oribe,Hair,Shampoo & Conditioner,52.0,3.3333,3825,15.0,23.4
P469090,Gold Lust All Over Oil,Oribe,Hair,Hair Styling & Treatments,62.0,4.1111,3795,9.0,27.9
P469188,Styling Butter Curl Enhancing Cream,Oribe,Hair,Hair Styling & Treatments,46.0,4.25,3769,8.0,20.7
P469192,Superfine Strong Hair Spray,Oribe,Hair,Hair Styling & Treatments,44.0,4.3,3767,10.0,19.8
P469104,Conditioner for Magnificent Volume,Oribe,Hair,Shampoo & Conditioner,52.0,3.375,3530,8.0,23.4
P469038,Bright Blonde Conditioner for Beautiful Color,Oribe,Hair,Shampoo & Conditioner,52.0,4.8333,3429,6.0,23.4
P469031,Airbrush Root Touch-Up Spray,Oribe,Hair,Hair Styling & Treatments,34.0,3.2727,3406,22.0,15.3
P474368,Run Through Detangling Shampoo,Oribe,Hair,Shampoo & Conditioner,49.0,3.7083,3396,24.0,22.05
P469205,Tres Set Structure Spray,Oribe,Hair,Hair Styling & Treatments,46.0,4.1818,3284,11.0,20.7
P469103,Hair Mask for Beautiful Color,Oribe,Hair,Hair Styling & Treatments,66.0,4.0,2676,9.0,29.7
P469062,Curl Shaping Mousse,Oribe,Hair,Hair Styling & Treatments,39.0,3.4375,2486,16.0,17.55
P504624,Hair Alchemy Strengthening Mask,Oribe,Hair,Hair Styling & Treatments,68.0,4.4251,2132,247.0,30.6
P504434,Flat Brush,Oribe,Hair,Tools,100.0,5.0,2003,6.0,45.0
P469102,Hair Cream for Style,Oribe,Hair,Hair Styling & Treatments,42.0,4.3333,1972,3.0,18.9
P504619,Mini Hair Alchemy Strengthening Shampoo,Oribe,Hair,Shampoo & Conditioner,20.0,4.3753,1807,453.0,9.0
P471274,Bright Blonde Radiance & Repair Treatment,Oribe,Hair,Hair Styling & Treatments,58.0,3.8333,1623,6.0,26.1
P469182,Silverati Conditioner,Oribe,Hair,Shampoo & Conditioner,52.0,4.4,1515,5.0,23.4
P504598,Mini Hair Alchemy Strengthening Conditioner,Oribe,Hair,Shampoo & Conditioner,21.0,4.36,1250,175.0,9.45
P501779,Dry Texturizing Spray,Oribe,Hair,Hair Styling & Treatments,49.0,5.0,1052,1.0,22.05
P504436,Large Round Brush,Oribe,Hair,Tools,125.0,5.0,641,2.0,56.25
P504457,Medium Round Brush,Oribe,Hair,Tools,125.0,5.0,629,1.0,56.25
P500871,Mini Straight Away Smoothing Blowout Hair Cream,Oribe,Hair,Hair Styling & Treatments,18.0,,0,,8.1
P500843,Mini Run-Through Detangling Hair Primer,Oribe,Mini Size,Hair,19.0,,0,,8.55
P500902,Mini Shampoo for Beautiful Color,Oribe,Mini Size,Hair,19.0,,0,,8.55
P500850,Mini Conditioner for Beautiful Color,Oribe,Mini Size,Hair,20.0,,0,,9.0
P500859,Mini Signature Shampoo,Oribe,Mini Size,Hair,19.0,,0,,8.55
P500893,Mini Masque for Beautiful Color,Oribe,Hair,Mini Size,22.0,,0,,9.9
P500896,Mini Signature Conditioner,Oribe,Mini Size,Hair,20.0,,0,,9.0
P297524,Clear Improvement Active Charcoal Mask to Clear Pores,Origins,Skincare,Masks,17.0,4.3292,194892,4526.0,6.46
P297516,Checks and Balances Frothy Face Wash,Origins,Skincare,Cleansers,27.0,4.2888,98621,3286.0,10.26
P378852,GinZing Ultra-Hydrating Energy-Boosting Cream,Origins,Skincare,Moisturizers,36.0,4.401,87846,3135.0,13.68
P422536,Original Skin Matte Moisturizer with Willowherb,Origins,Skincare,Moisturizers,40.0,4.4089,54899,2306.0,15.2
P397890,Original Skin Retexturizing Mask with Rose Clay,Origins,Skincare,Masks,32.0,4.6207,103131,1769.0,12.16
P297517,Super Spot Remover Acne Treatment Gel,Origins,Skincare,Treatments,20.0,3.9349,98392,1706.0,7.6
P440925,Drink Up Intensive Overnight Hydrating Mask with Avocado & Swiss Glacier Water,Origins,Skincare,Masks,32.0,4.4954,39378,1643.0,12.16
P386197,GinZing Refreshing Scrub Cleanser,Origins,Skincare,Cleansers,27.0,4.4763,49081,1627.0,10.26
P434360,High-Potency Night-a-Mins Resurfacing Cream with Fruit-Derived AHAs,Origins,Skincare,Moisturizers,52.0,4.3159,18198,1336.0,19.76
P446421,Clear Improvement Pore Clearing Moisturizer with Salicylic Acid,Origins,Skincare,Moisturizers,40.0,4.2685,17465,1270.0,15.2
P433444,Clear Improvement Charcoal Honey Mask to Purify and Nourish,Origins,Skincare,Masks,37.0,4.6453,34965,1074.0,14.06
P297551,Out of Trouble 10 Minute Mask to Rescue Problem Skin,Origins,Skincare,Masks,32.0,4.397,79246,1000.0,12.16
P475589,Ginzing Vitamin C Eye Cream to Brighten and Depuff,Origins,Skincare,Eye Care,37.0,4.457,35804,965.0,14.06
P482298,Dr. Andrew Weil for Origins Mega-Mushroom Relief & Resilience Soothing Treatment Lotion,Origins,Skincare,Moisturizers,40.0,4.4028,6749,571.0,15.2
P297531,Eye Doctor Moisture Care For Skin Around Eyes,Origins,Skincare,Eye Care,49.0,4.0519,27439,501.0,18.62
P434361,High-Potency Night-A-Mins Oil-Free Resurfacing Cream with Fruit Derived AHAs,Origins,Skincare,Moisturizers,52.0,4.3358,10847,402.0,19.76
P462891,GinZing Into the Glow Brightening Serum,Origins,Skincare,Treatments,46.0,4.5328,25211,259.0,17.48
P468396,PLANTSCRIPTION Multi-powered Anti-Aging Peptide Serum,Origins,Skincare,Treatments,61.0,4.4356,3806,225.0,23.18
P385253,Dr. Andrew Weil For Origins Mega-Bright SPF 30 Skin Tone Correcting Oil-Free Moisturizer,Origins,Skincare,Moisturizers,63.0,4.0966,18986,207.0,23.94
P375831,Ginger Souffle Whipped Body Cream,Origins,Bath & Body,Body Moisturizers,41.0,4.42,9188,100.0,16.4
P394702,Plantscription Anti-Aging Power Eye Cream,Origins,Skincare,Eye Care,58.0,3.8372,11304,129.0,22.04
P440933,Mini Clear Improvement Active Charcoal Mask to Clear Pore,Origins,Skincare,Mini Size,17.0,3.9843,43176,127.0,6.46
P502046,GinZing Energizing Gel Cream with Caffeine & Niacinamide,Origins,Skincare,Moisturizers,36.0,4.5966,3509,119.0,13.68
P440929,Mini Original Skin Retexturizing Mask with Rose Clay,Origins,Skincare,Mini Size,17.0,4.4762,29477,105.0,6.46
P440926,Mini Drink Up Intensive Overnight Hydrating Mask with Avocado & Swiss Glacier Water,Origins,Skincare,Mini Size,17.0,4.1143,26184,105.0,6.46
P377919,Plantscription Anti-Aging Cleanser,Origins,Skincare,Cleansers,36.0,4.2871,8293,101.0,13.68
P471567,Checks and Balances Polishing Exfoliator,Origins,Skincare,Cleansers,27.0,4.4624,7274,93.0,10.26
P401570,Mega-Mushroom Skin Relief Micellar Cleanser,Origins,Skincare,Cleansers,37.0,4.5,11239,86.0,14.06
P408241,Plantscription Youth-Renewing Power Night Cream,Origins,Skincare,Moisturizers,73.0,4.5897,9952,78.0,27.74
P455004,Pretty in Bloom SPF 20 Flower-Infused Long-Wear Foundation,Origins,Makeup,Face,38.0,3.5,6512,14.0,15.96
P409834,Plantscription SPF 25 Power Anti-Aging Cream,Origins,Skincare,Moisturizers,73.0,4.254,10649,63.0,27.74
P409816,Plantscription SPF 25 Power Anti-Aging Oil-Free Cream,Origins,Skincare,Moisturizers,73.0,4.4,6634,45.0,27.74
P470048,Bestsellers Recruitment Set,Origins,Skincare,Value & Gift Sets,29.0,3.881,22451,42.0,11.02
P475590,MINI GINZING VITAMIN C EYE CREAM TO BRIGHTEN AND DEPUFF,Origins,Skincare,Eye Care,29.0,3.45,18284,40.0,11.02
P442745,Plantscription Retinol Night Moisturizer,Origins,Skincare,Moisturizers,73.0,4.5385,11217,39.0,27.74
P443550,Dr. Andrew Weil for Origins Mega-Mushroom Relief & Resilience Hydra Burst Gel Lotion,Origins,Skincare,Moisturizers,71.0,4.0345,3001,29.0,26.98
P443549,Dr. Andrew Weil for Origins Mega-Mushroom Relief & Resilience Soothing Cream,Origins,Skincare,Moisturizers,71.0,4.2667,3524,15.0,26.98
P433446,Mini Original Skin Matte Moisturizer with Willowherb,Origins,Skincare,Mini Size,24.0,4.0714,2661,14.0,9.12
P482058,Dr. Andrew Weil for Origins Mega-Mushroom Weightless Hydrating Moisturizer,Origins,Skincare,Moisturizers,40.0,4.1,2424,10.0,15.2
P474369,Clear Improvement Zero Oil Cleanser With Charcoal,Origins,Skincare,Cleansers,27.0,3.5,1959,8.0,10.26
P465794,Rattan Sandalwood Vegan Candle,OTHERLAND,Fragrance,Candles & Home Scents,36.0,4.3333,3327,24.0,10.8
P465786,Fallen Fir Vegan Candle,OTHERLAND,Fragrance,Candles & Home Scents,36.0,4.0,3197,21.0,10.8
P465785,Black Velvet Jasmine Vegan Candle,OTHERLAND,Fragrance,Candles & Home Scents,36.0,4.1111,2444,9.0,10.8
P465790,Canopy Fig Vegan Candle,OTHERLAND,Fragrance,Candles & Home Scents,36.0,3.7647,1917,17.0,10.8
P465792,Daybed Rose Vegan Candle,OTHERLAND,Fragrance,Candles & Home Scents,36.0,3.8182,1558,11.0,10.8
P471570,Extra Hour Shiso and Mint Vegan Candle,OTHERLAND,Fragrance,Candles & Home Scents,36.0,3.6,1436,5.0,10.8
P477467,Old Fashioned Vegan Candle,OTHERLAND,Fragrance,Candles & Home Scents,36.0,3.1667,1261,6.0,10.8
P475594,Dappled Wood Vegan Candle,OTHERLAND,Fragrance,Candles & Home Scents,36.0,4.2,1157,5.0,10.8
P475595,Mountain Lace Vegan Candle,OTHERLAND,Fragrance,Candles & Home Scents,36.0,3.5,1075,2.0,10.8
P483479,Coco Blossom Vegan Candle,OTHERLAND,Fragrance,Candles & Home Scents,36.0,5.0,958,1.0,10.8
P503720,Discovery Set,OTHERLAND,Fragrance,Value & Gift Sets,36.0,,949,,10.8
P475592,Sun Suede Vegan Candle,OTHERLAND,Fragrance,Candles & Home Scents,36.0,4.0,915,2.0,10.8
P471568,Ruby Root Ginger Vegan Candle,OTHERLAND,Fragrance,Candles & Home Scents,36.0,3.5556,894,9.0,10.8
P475596,Tapestry Vegan Candle,OTHERLAND,Fragrance,Candles & Home Scents,36.0,3.5,808,4.0,10.8
P475593,Crisp Cornflower Vegan Candle,OTHERLAND,Fragrance,Candles & Home Scents,36.0,3.25,467,4.0,10.8
P457223,Detox Shampoo,OUAI,Hair,Shampoo & Conditioner,32.0,4.5259,129672,1352.0,14.4
P428222,Detangling and Frizz Fighting Leave In Conditioner,OUAI,Hair,Hair Styling & Treatments,30.0,3.9394,120959,1584.0,13.5
P406922,Hair Oil,OUAI,Hair,Hair Styling & Treatments,30.0,4.3853,105885,1682.0,13.5
P434221,Cleansing Scalp & Body Sugar Scrub,OUAI,Hair,Shampoo & Conditioner,40.0,4.4454,81968,577.0,18.0
P406665,Wave Spray,OUAI,Hair,Hair Styling & Treatments,28.0,3.5819,78128,1966.0,12.6
P466430,Treatment Mask for Fine and Medium Hair,OUAI,Hair,Hair Styling & Treatments,38.0,4.5262,59113,726.0,17.1
P419005,Rose Hair & Body Oil,OUAI,Hair,Hair Styling & Treatments,32.0,3.9283,57208,642.0,14.4
P483508,"Hydrating Scalp Serum for Healthy, Fuller Looking Hair",OUAI,Hair,Hair Styling & Treatments,52.0,4.1516,53039,541.0,23.4
P472330,St. Barts Cleansing Scalp & Body Sugar Scrub,OUAI,Hair,Shampoo & Conditioner,40.0,4.7489,50512,876.0,18.0
P420948,Heat Protection Spray,OUAI,Hair,Hair Styling & Treatments,28.0,3.7937,44378,252.0,12.6
P455865,Fine Hair Shampoo,OUAI,Hair,Shampoo & Conditioner,32.0,3.6611,44151,537.0,14.4
P425999,Mini Wave Spray,OUAI,Mini Size,Hair,14.0,3.5819,43660,1966.0,6.3
P457420,Mini Detangling and Frizz Fighting Leave in Conditioner,OUAI,Hair,Hair Styling & Treatments,16.0,3.6564,43013,195.0,7.2
P479723,Mini Detox Shampoo,OUAI,Hair,Shampoo & Conditioner,14.0,4.4808,42969,104.0,6.3
P406666,Texturizing Hair Spray,OUAI,Hair,Hair Styling & Treatments,28.0,3.9788,37942,378.0,12.6
P455864,Fine Hair Conditioner,OUAI,Hair,Shampoo & Conditioner,32.0,3.8371,36304,307.0,14.4
P458951,Mini Hair Oil,OUAI,Hair,Hair Styling & Treatments,16.0,3.9857,36108,70.0,7.2
P436715,Melrose Place Eau De Parfum,OUAI,Fragrance,Women,64.0,4.127,32259,189.0,19.2
P411727,Matte Pomade,OUAI,Hair,Hair Styling & Treatments,26.0,3.8643,29620,140.0,11.7
P452730,Chill Pills,OUAI,Bath & Body,Bath & Shower,30.0,3.883,29511,94.0,12.0
P427703,Volume Spray,OUAI,Hair,Hair Styling & Treatments,26.0,4.1534,28622,789.0,11.7
P430851,Air Dry Foam,OUAI,Hair,Hair Styling & Treatments,28.0,3.8423,28597,279.0,12.6
P449136,Super Dry Shampoo,OUAI,Hair,Hair Styling & Treatments,26.0,4.245,28407,800.0,11.7
P466429,Treatment Mask for Thick Hair,OUAI,Hair,Hair Styling & Treatments,38.0,4.5073,28289,619.0,17.1
P503707,Anti-Dandruff Shampoo,OUAI,Hair,Shampoo & Conditioner,36.0,4.1538,24958,429.0,16.2
P462725,Mini Melrose Place Eau De Parfum,OUAI,Fragrance,Women,26.0,4.1142,24844,254.0,7.8
P407610,Finishing Crème,OUAI,Hair,Hair Styling & Treatments,26.0,4.1077,24404,195.0,11.7
P449774,Shibuya Moisturizing Body Cream,OUAI,Bath & Body,Body Moisturizers,38.0,4.0,23486,605.0,15.2
P479853,Melrose Place Gentle Body Wash,OUAI,Bath & Body,Bath & Shower,28.0,4.5152,22179,264.0,11.2
P479852,Melrose Place Moisturizing Body Cream,OUAI,Bath & Body,Body Moisturizers,38.0,4.7096,22152,365.0,15.2
P455862,Medium Hair Conditioner,OUAI,Hair,Shampoo & Conditioner,32.0,4.0611,22019,229.0,14.4
P455863,Medium Hair Shampoo,OUAI,Hair,Shampoo & Conditioner,32.0,3.8016,20435,383.0,14.4
P455860,Thick Hair Conditioner,OUAI,Hair,Shampoo & Conditioner,32.0,4.1121,20304,223.0,14.4
P436716,North Bondi Eau De Parfum,OUAI,Fragrance,Women,64.0,4.1644,19007,146.0,19.2
P449773,Dean Street Gentle Body Wash,OUAI,Bath & Body,Bath & Shower,28.0,4.2787,18025,348.0,11.2
P455861,Thick Hair Shampoo,OUAI,Hair,Shampoo & Conditioner,32.0,3.7875,17692,287.0,14.4
P426000,Mini Texturizing Hair Spray,OUAI,Mini Size,Hair,14.0,3.2632,14727,95.0,6.3
P462726,Mini North Bondi Eau De Parfum,OUAI,Fragrance,Women,26.0,4.0628,14212,191.0,7.8
P483509,Thick and Full Hair Supplements,OUAI,Hair,Hair Styling & Treatments,42.0,3.9665,12765,388.0,18.9
P466426,Hand Wash,OUAI,Bath & Body,Body Care,32.0,4.2813,12455,32.0,12.8
P473129,Dean Street Eau De Parfum,OUAI,Fragrance,Women,64.0,4.4589,12074,377.0,19.2
P471057,Pet Shampoo,OUAI,Hair,Shampoo & Conditioner,32.0,4.6133,11903,75.0,14.4
P469822,Curl Cream with North Bondi Fragrance,OUAI,Hair,Hair Styling & Treatments,32.0,4.2667,11106,75.0,14.4
P458952,Mini Super Dry Shampoo,OUAI,Hair,Hair Styling & Treatments,14.0,3.3778,9777,45.0,6.3
P466427,Hand Lotion,OUAI,Bath & Body,Body Moisturizers,32.0,3.4444,9664,27.0,12.8
P473179,Rue St. Honoré Eau De Parfum,OUAI,Fragrance,Women,64.0,4.0767,8630,391.0,19.2
P501195,"Hydrating Scalp Serum & Supplements Set for Healthy, Fuller Looking Hair",OUAI,Hair,Hair Styling & Treatments,75.0,4.6667,8625,3.0,33.75
P501256,Scalp Scrub St. Barts & Hair Oil Set,OUAI,Hair,Value & Gift Sets,52.0,3.5,6933,2.0,23.4
P504188,Mini St. Barts Cleansing Scalp & Body Sugar Scrub,OUAI,Mini Size,Hair,18.0,3.8889,6756,9.0,8.1
P466428,Hand Cream,OUAI,Bath & Body,Body Moisturizers,24.0,3.3793,6736,29.0,9.6
P469823,Curl Cream Fragrance Free,OUAI,Hair,Hair Styling & Treatments,32.0,4.2778,6059,54.0,14.4
P505016,St. Barts Moisturizing Body Cream,OUAI,Bath & Body,Body Moisturizers,38.0,4.8769,4512,65.0,15.2
P505045,St. Barts Gentle Body Wash,OUAI,Bath & Body,Bath & Shower,28.0,4.78,2870,50.0,11.2
P505012,Detox Shampoo & Refill Hair Set,OUAI,Hair,Value & Gift Sets,72.0,,35,,32.4
P466674,Detox Shampoo,OUAI,Hair,Shampoo & Conditioner,64.0,4.5259,0,1352.0,28.8
P455383,Valkiria Pink Candle,Overose,Fragrance,Candles & Home Scents,58.0,3.3636,2332,11.0,17.4
P455392,Auraflowne Purple Candle,Overose,Fragrance,Candles & Home Scents,58.0,2.3333,1455,3.0,17.4
P269120,1 Million Eau de Toilette,Paco Rabanne,Fragrance,Men,106.0,4.6917,21130,545.0,31.8
P389110,Invictus Eau de Toilette,Paco Rabanne,Fragrance,Men,106.0,4.7729,11830,207.0,31.8
P475147,Phantom Eau de Toilette,Paco Rabanne,Fragrance,Men,133.0,4.4944,7965,178.0,39.9
P458631,1 Million Parfum,Paco Rabanne,Fragrance,Men,120.0,4.5287,6778,174.0,36.0
P502064,FAME Eau de Parfum,Paco Rabanne,Fragrance,Women,132.0,4.4512,6603,82.0,39.6
P431565,1 Million Lucky Eau de Toilette,Paco Rabanne,Fragrance,Men,106.0,4.5515,5151,194.0,31.8
P472051,Invictus Victory,Paco Rabanne,Fragrance,Men,120.0,4.9231,4060,13.0,36.0
P504300,Mini Fame Perfume Set,Paco Rabanne,Fragrance,Value & Gift Sets,35.0,4.3333,3833,6.0,10.5
P445811,Invictus Legend,Paco Rabanne,Fragrance,Men,106.0,4.9474,3025,19.0,31.8
P482059,1 Million Elixir,Paco Rabanne,Fragrance,Men,126.0,4.0,2865,11.0,37.8
P483097,Invictus Platinum Eau de Parfum,Paco Rabanne,Fragrance,Men,120.0,4.4545,2259,11.0,36.0
P504336,Fame Eau de Parfum,Paco Rabanne,Fragrance,Women,132.0,4.1111,1603,9.0,39.6
P503558,Deluxe Mini Gift Set,Paco Rabanne,Fragrance,Value & Gift Sets,35.0,3.0,987,1.0,10.5
P504285,1 Million Eau de Toilette Cologne Set,Paco Rabanne,Fragrance,Value & Gift Sets,86.0,,90,,25.8
P504679,1 Million Eau de Toilette Travel Spray,Paco Rabanne,Fragrance,Men,35.0,,17,,10.5
P421813,MatteTrance Lipstick,PAT McGRATH LABS,Makeup,Lip,39.0,4.0646,280428,836.0,16.38
P431852,LUST: Lip Gloss,PAT McGRATH LABS,Makeup,Lip,29.0,4.5563,207742,631.0,12.18
P447519,Sublime Perfection Foundation,PAT McGRATH LABS,Makeup,Face,68.0,4.1832,122029,1938.0,28.56
P86825294,Mothership V Eyeshadow Palette - Bronze Seduction,PAT McGRATH LABS,Makeup,Eye,128.0,4.3811,94600,530.0,53.76
P472489,Skin Fetish: Divine Powder Blush,PAT McGRATH LABS,Makeup,Cheek,39.0,4.7783,86644,672.0,16.38
P456106,Sublime Perfection Concealer,PAT McGRATH LABS,Makeup,Face,34.0,4.4077,79453,986.0,14.28
P423696,Permagel Ultra Lip Pencil,PAT McGRATH LABS,Makeup,Lip,29.0,4.4746,78617,177.0,12.18
P433500,Lip Fetish Noir Lip Balm,PAT McGRATH LABS,Makeup,Lip,38.0,3.4611,73459,373.0,15.96
P439070,BlitzTrance Lipstick,PAT McGRATH LABS,Makeup,Lip,40.0,3.75,63050,216.0,16.8
P456107,Sublime Perfection Blurring Under-Eye Setting Powder,PAT McGRATH LABS,Makeup,Face,32.0,4.0519,54301,597.0,13.44
P423646,Mothership II Eyeshadow Palette – Sublime,PAT McGRATH LABS,Makeup,Eye,128.0,4.3418,50235,158.0,53.76
P476899,Major Mini Lip Trios,PAT McGRATH LABS,Makeup,Lip,25.0,4.46,46531,50.0,10.5
P458276,Mothership VII Eyeshadow Palette - Divine Rose Collection,PAT McGRATH LABS,Makeup,Eye,128.0,4.4851,43964,134.0,53.76
P440967,FetishEyes Lengthening Mascara,PAT McGRATH LABS,Makeup,Eye,32.0,3.8628,38201,1006.0,13.44
P423647,Mothership I Eyeshadow Palette - Subliminal,PAT McGRATH LABS,Makeup,Eye,128.0,4.5325,37229,169.0,53.76
P423644,PermaGel Eyeliner Pencil,PAT McGRATH LABS,Makeup,Eye,29.0,4.1978,33463,460.0,12.18
P475598,Mothership IX Eyeshadow Palette: Huetopian Dream,PAT McGRATH LABS,Makeup,Eye,128.0,4.4222,32046,90.0,53.76
P432863,Sublime Skin Highlighting Trio,PAT McGRATH LABS,Makeup,Face,53.0,4.5249,31876,181.0,22.26
P461956,Lip Fetish Divinyl Lip Shine,PAT McGRATH LABS,Makeup,Lip,38.0,3.8657,31289,67.0,15.96
P433003,Skin Fetish Highlighter & Balm Duo,PAT McGRATH LABS,Makeup,Face,50.0,3.7234,29955,94.0,21.0
P458774,Mothership VIII Artistry Eyeshadow Palette - Divine Rose II Collection,PAT McGRATH LABS,Makeup,Eye,128.0,4.5825,29258,103.0,53.76
P484065,Mini Eye Shadow Palette: Midnight Voyage,PAT McGRATH LABS,Makeup,Eye,29.0,4.0,28219,89.0,12.18
P462783,Lip Fetish Sheer Colour Balm,PAT McGRATH LABS,Makeup,Lip,38.0,3.4773,27442,44.0,15.96
P501355,Mini Lip Shine Trio: Nude Venus,PAT McGRATH LABS,Mini Size,Makeup,25.0,4.4444,27415,18.0,11.25
P449790,Mothership VI Eyeshadow Palette - Midnight Sun,PAT McGRATH LABS,Makeup,Eye,128.0,4.6246,27306,586.0,53.76
P468398,LiquiLUST: Legendary Wear Matte Lipstick,PAT McGRATH LABS,Makeup,Lip,32.0,4.6343,25183,525.0,13.44
P429405,PERMA PRECISION Liquid Eyeliner,PAT McGRATH LABS,Makeup,Eye,34.0,3.7236,22438,398.0,14.28
P500887,Mothership X Eyeshadow Palette:  Moonlit Seduction,PAT McGRATH LABS,Makeup,Eye,128.0,4.7849,21352,279.0,53.76
P460745,Dark Star Volumizing Mascara,PAT McGRATH LABS,Makeup,Eye,32.0,4.157,20438,790.0,13.44
P447770,Sublime Perfection Setting Powder,PAT McGRATH LABS,Makeup,Face,39.0,3.7536,18337,69.0,16.38
P501350,Divine Blush + Glow Face Palette: Nude Venus,PAT McGRATH LABS,Makeup,Makeup Palettes,62.0,4.2857,17976,21.0,26.04
P468706,Divine Rose Luxe Eyeshadow Palette: Eternal Eden - Divine Rose II Collection,PAT McGRATH LABS,Makeup,Eye,58.0,4.7727,16167,22.0,24.36
P463924,Celestial Divinity Eyeshadow Palette,PAT McGRATH LABS,Makeup,Eye,58.0,4.3617,15903,47.0,24.36
P456108,Skin Fetish: Sublime Perfection Concealer Brush,PAT McGRATH LABS,Makeup,Brushes & Applicators,35.0,4.0491,14338,346.0,14.7
P458775,MatteTrance Lipstick - Divine Rose Collection,PAT McGRATH LABS,Makeup,Lip,39.0,3.9444,13778,18.0,16.38
P472486,Venus in Fleurs Luxe Eyeshadow Palette: Voyeuristic Vixen,PAT McGRATH LABS,Makeup,Eye,58.0,4.7544,12572,456.0,24.36
P475597,IntensifEYES Artistry Wand,PAT McGRATH LABS,Makeup,Eye,34.0,3.4286,10068,49.0,14.28
P447764,Sublime Perfection Hydrating Primer,PAT McGRATH LABS,Makeup,Face,45.0,3.3895,8904,95.0,18.9
P468849,PermaGel Ultra Lip Pencil - Divine Rose II Collection,PAT McGRATH LABS,Makeup,Lip,29.0,3.375,8639,8.0,12.18
P484064,Skin Fetish: Divine Blush Brush,PAT McGRATH LABS,Makeup,Brushes & Applicators,39.0,4.5,6925,4.0,16.38
P500311,Skin Fetish: Divine Glow Highlighter,PAT McGRATH LABS,Makeup,Face,48.0,4.4167,6383,12.0,20.16
P504181,ChromaLuxe Artistry Pigment Star Wars Edition,PAT McGRATH LABS,Makeup,Eye,32.0,4.0,5843,5.0,13.44
P504164,The Golden One Eye Shadow Palette Star Wars Edition,PAT McGRATH LABS,Makeup,Eye,36.0,4.875,5796,8.0,15.12
P504187,Mothership VI: Midnight Sun Star Wars Edition,PAT McGRATH LABS,Makeup,Eye,128.0,5.0,4118,3.0,53.76
P503717,Lunar New Year Collection: Venus in Fleurs Luxe Eyeshadow Quad: Voyeuristic Vixen,PAT McGRATH LABS,Makeup,Eye,58.0,3.2,3794,5.0,24.36
P504908,The Love Collection MTHRSHP: Iconic Infatuation,PAT McGRATH LABS,Makeup,Eye,65.0,3.8333,3132,6.0,27.3
P504179,LUST: Gloss Star Wars Edition,PAT McGRATH LABS,Makeup,Lip,29.0,4.6667,2935,3.0,12.18
P504909,The Love Collection MTHRSHP: Velvet Liaison,PAT McGRATH LABS,Makeup,Eye,65.0,4.6667,2556,3.0,27.3
P504077,Lunar New Year Collection: Skin Fetish: Sublime Perfection Blurring Under-Eye Powder,PAT McGRATH LABS,Makeup,Face,32.0,,2400,,13.44
P504063,Lunar New Year Collection:  MatteTrance Lipstick,PAT McGRATH LABS,Makeup,Lip,39.0,5.0,1693,2.0,16.38
P458747,Major Beauty Headlines - Double-Take Crème & Powder Blush,PATRICK TA,Makeup,Cheek,36.0,4.8471,218384,1452.0,15.12
P471059,Major Sculpt Creme Contour & Powder Bronzer Duo,PATRICK TA,Makeup,Face,40.0,4.6678,110146,903.0,16.8
P473145,Major Dimension Eyeshadow Palette,PATRICK TA,Makeup,Eye,70.0,4.5648,79630,563.0,29.4
P502039,Major Skin Crème Foundation and Finishing Powder Duo,PATRICK TA,Makeup,Face,52.0,4.6322,61828,908.0,21.84
P443623,Major Glow Lip Shine,PATRICK TA,Makeup,Lip,26.0,4.6809,59552,470.0,10.92
P443626,Major Glow Body Oil,PATRICK TA,Bath & Body,Body Moisturizers,58.0,3.7028,56380,646.0,23.2
P451937,Monochrome Moment - Precision Lip Crayon,PATRICK TA,Makeup,Lip,26.0,4.5775,51973,329.0,10.92
P481729,Major Volume Plumping Lip Gloss,PATRICK TA,Makeup,Lip,26.0,4.6579,51752,757.0,10.92
P483484,Major Dimension II Rose Eyeshadow Palette,PATRICK TA,Makeup,Eye,70.0,4.7937,51278,703.0,29.4
P456592,Major Brow Shaping Wax,PATRICK TA,Makeup,Eye,24.0,4.2711,44117,1579.0,10.08
P451938,Monochrome Moment - Silky Lip Crème,PATRICK TA,Makeup,Lip,26.0,4.339,44041,410.0,10.92
P474848,Major Brow Lamination Gel,PATRICK TA,Makeup,Eye,27.0,4.2965,43177,1184.0,11.34
P454050,Mini Major Glow Body Oil,PATRICK TA,Bath & Body,Body Moisturizers,24.0,3.6471,42261,204.0,9.6
P471060,Major Sculpt Contour Brush,PATRICK TA,Makeup,Brushes & Applicators,35.0,4.816,33784,326.0,14.7
P473146,Major Dimension Precision Gel Eyeliner,PATRICK TA,Makeup,Eye,27.0,4.2616,33521,688.0,11.34
P458748,Major Beauty Headlines - Matte Suede Lipstick,PATRICK TA,Makeup,Lip,32.0,4.6011,30189,356.0,13.44
P461223,Major Glow Balm,PATRICK TA,Bath & Body,Body Moisturizers,50.0,4.3445,29469,209.0,20.0
P458749,Major Beauty Headlines - Precision Lip Crayon,PATRICK TA,Makeup,Lip,26.0,4.7973,24828,291.0,10.92
P461222,Major Glow Dewy Milk Mist,PATRICK TA,Makeup,Face,38.0,4.3716,18063,183.0,15.96
P461224,Major Glow Softening Lip Masque,PATRICK TA,Makeup,Lip,24.0,4.5738,18012,305.0,10.08
P456593,Major Brow Dual Ended Brow Brush,PATRICK TA,Makeup,Brushes & Applicators,18.0,4.087,15928,23.0,7.56
P451939,Monochrome Moment - Blush Brush #1,PATRICK TA,Makeup,Brushes & Applicators,35.0,4.7959,15475,49.0,14.7
P502051,Dual-Ended Complexion Brush,PATRICK TA,Makeup,Brushes & Applicators,45.0,4.8333,13827,228.0,18.9
P504918,Precision Dual Ended Sculpting Brush,PATRICK TA,Makeup,Brushes & Applicators,45.0,4.8913,10121,46.0,18.9
P446604,Body Brush,PATRICK TA,Makeup,Brushes & Applicators,35.0,3.2,9275,20.0,14.7
P501193,Major Brow Defining Pencil,PATRICK TA,Makeup,Eye,27.0,4.8657,9034,685.0,11.34
P501156,Mini Major Brow Lamination Gel,PATRICK TA,Makeup,Eye,15.0,3.16,8679,25.0,6.3
P454062,Lip Brush,PATRICK TA,Makeup,Brushes & Applicators,18.0,4.6667,8420,12.0,7.56
P454061,Eyeshadow Brush,PATRICK TA,Makeup,Brushes & Applicators,22.0,4.8571,7315,14.0,9.24
P476724,Major Volume Mascara,PATRICK TA,Makeup,Eye,29.0,4.3301,7058,415.0,12.18
P504897,Precision Dual Ended Nose Brush,PATRICK TA,Makeup,Brushes & Applicators,26.0,,2923,,10.92
P475981,Mist Spray Bottle,PATTERN by Tracee Ellis Ross,Hair,Tools,13.0,4.1778,16638,45.0,5.85
P475993,Mini Shower Detangling Brush,PATTERN by Tracee Ellis Ross,Hair,Tools,9.0,4.9118,13447,34.0,4.05
P474849,Leave- In Conditioner for Curly & Coily Hair,PATTERN by Tracee Ellis Ross,Hair,Hair Styling & Treatments,25.0,4.6213,12955,169.0,11.25
P475982,Shower Detangling Brush,PATTERN by Tracee Ellis Ross,Hair,Tools,17.0,4.2449,11197,49.0,7.65
P474851,Styling Cream for Curly &Coily Hair,PATTERN by Tracee Ellis Ross,Hair,Hair Styling & Treatments,25.0,4.5696,8283,79.0,11.25
P475992,Hair Clip,PATTERN by Tracee Ellis Ross,Hair,Tools,10.0,4.1515,7775,66.0,4.5
P475150,Hydration Shampoo,PATTERN by Tracee Ellis Ross,Hair,Shampoo & Conditioner,20.0,4.4688,7552,64.0,9.0
P475978,Edge Tool,PATTERN by Tracee Ellis Ross,Tools & Brushes,Hair Tools,12.0,4.375,7133,16.0,6.0
P475986,Treatment Mask,PATTERN by Tracee Ellis Ross,Hair,Hair Styling & Treatments,25.0,4.2927,6995,41.0,11.25
P475994,Mini Wide Tooth Comb,PATTERN by Tracee Ellis Ross,Hair,Tools,8.0,4.4375,6413,16.0,3.6
P474852,Curl Gel,PATTERN by Tracee Ellis Ross,Hair,Hair Styling & Treatments,25.0,4.1228,6166,57.0,11.25
P475974,Jojoba Hair & Scalp Oil Blend,PATTERN by Tracee Ellis Ross,Hair,Hair Styling & Treatments,25.0,4.7692,6079,26.0,11.25
P475996,Mini Hydrating Hair Mist,PATTERN by Tracee Ellis Ross,Hair,Hair Styling & Treatments,7.0,3.5789,5913,19.0,3.15
P475980,Microfiber Hair Towel,PATTERN by Tracee Ellis Ross,Hair,Tools,19.0,3.9167,5870,12.0,8.55
P501812,Curl Mousse,PATTERN by Tracee Ellis Ross,Hair,Hair Styling & Treatments,20.0,4.7632,5828,38.0,9.0
P475999,Mini Leave-In Conditioner,PATTERN by Tracee Ellis Ross,Hair,Shampoo & Conditioner,9.0,3.9091,5672,33.0,4.05
P501810,Leave-In Conditioner & Mini Hydration Shampoo Hair Set,PATTERN by Tracee Ellis Ross,Hair,Value & Gift Sets,25.0,4.6,5646,30.0,11.25
P475987,Scalp Serum for Dry Hair & Scalp,PATTERN by Tracee Ellis Ross,Hair,Hair Styling & Treatments,25.0,3.3913,5212,23.0,11.25
P475976,Hydrating Hair Mist,PATTERN by Tracee Ellis Ross,Hair,Hair Styling & Treatments,18.0,3.95,4885,60.0,8.1
P475971,Cleansing Shampoo,PATTERN by Tracee Ellis Ross,Hair,Shampoo & Conditioner,20.0,4.5102,4720,49.0,9.0
P477001,Mini Styling Cream for Curly &Coily Hair,PATTERN by Tracee Ellis Ross,Hair,Hair Styling & Treatments,9.0,3.4286,4708,14.0,4.05
P501798,Curl Cocktail Hair Set,PATTERN by Tracee Ellis Ross,Hair,Value & Gift Sets,27.0,4.5333,4695,30.0,12.15
P500996,Detangling Nectar,PATTERN by Tracee Ellis Ross,Hair,Hair Styling & Treatments,25.0,4.25,4645,40.0,11.25
P475983,Wide Tooth Comb,PATTERN by Tracee Ellis Ross,Hair,Tools,15.0,4.4211,4122,19.0,6.75
P475997,Mini Curl Gel,PATTERN by Tracee Ellis Ross,Hair,Hair Styling & Treatments,9.0,2.9394,4052,33.0,4.05
P475988,Hair Tools Kit,PATTERN by Tracee Ellis Ross,Hair,Value & Gift Sets,35.0,4.3333,4020,9.0,15.75
P475149,Medium Conditioner,PATTERN by Tracee Ellis Ross,Hair,Shampoo & Conditioner,25.0,4.7273,3963,33.0,11.25
P475995,Mini Strong Hold Hair Gel,PATTERN by Tracee Ellis Ross,Hair,Hair Styling & Treatments,9.0,3.8,3589,15.0,4.05
P475970,Argan Hair & Scalp Oil Blend,PATTERN by Tracee Ellis Ross,Hair,Hair Styling & Treatments,25.0,4.3333,3511,9.0,11.25
P475979,Hair Pick,PATTERN by Tracee Ellis Ross,Hair,Tools,9.0,4.2,3342,10.0,4.05
P474850,Edge Control,PATTERN by Tracee Ellis Ross,Hair,Hair Styling & Treatments,12.0,4.2143,3286,70.0,5.4
P480338,Styling Custard Hair Gel,PATTERN by Tracee Ellis Ross,Hair,Hair Styling & Treatments,25.0,4.3529,3220,34.0,11.25
P475990,Heavy Conditioner,PATTERN by Tracee Ellis Ross,Hair,Shampoo & Conditioner,25.0,4.4068,3023,59.0,11.25
P475977,Strong Hold Hair Gel,PATTERN by Tracee Ellis Ross,Hair,Hair Styling & Treatments,25.0,3.5682,2779,44.0,11.25
P475985,Lightweight Conditioner,PATTERN by Tracee Ellis Ross,Hair,Shampoo & Conditioner,25.0,4.4146,2665,41.0,11.25
P475973,Intensive Conditioner,PATTERN by Tracee Ellis Ross,Hair,Shampoo & Conditioner,25.0,3.8276,2648,29.0,11.25
P481410,Transition Mask,PATTERN by Tracee Ellis Ross,Hair,Hair Styling & Treatments,25.0,4.7097,2631,31.0,11.25
P475975,Jojoba Oil Hair Serum Self-Heating Packs,PATTERN by Tracee Ellis Ross,Hair,Hair Styling & Treatments,15.0,3.5556,2526,9.0,6.75
P504846,Double-Sided Bristle Brush,PATTERN by Tracee Ellis Ross,Hair,Tools,20.0,5.0,2461,9.0,9.0
P475998,Mini Hydration Shampoo,PATTERN by Tracee Ellis Ross,Hair,Shampoo & Conditioner,9.0,3.7778,2238,9.0,4.05
P475989,Mini Conditioners Kit,PATTERN by Tracee Ellis Ross,Hair,Shampoo & Conditioner,24.0,5.0,1301,4.0,10.8
P476000,Mini Medium Conditioner,PATTERN by Tracee Ellis Ross,Hair,Shampoo & Conditioner,9.0,3.3333,1193,3.0,4.05
P475972,Mini Intensive Conditioner,PATTERN by Tracee Ellis Ross,Hair,Shampoo & Conditioner,9.0,4.6667,1174,9.0,4.05
P475991,Mini Heavy Conditioner,PATTERN by Tracee Ellis Ross,Hair,Shampoo & Conditioner,9.0,4.75,1003,8.0,4.05
P504842,Heat Protectant,PATTERN by Tracee Ellis Ross,Hair,Hair Styling & Treatments,20.0,4.6667,557,9.0,9.0
P504843,Shine Spray,PATTERN by Tracee Ellis Ross,Hair,Hair Styling & Treatments,20.0,4.2857,445,7.0,9.0
P504841,Paddle Brush,PATTERN by Tracee Ellis Ross,Hair,Tools,20.0,4.875,394,8.0,9.0
P475984,Mini Lightweight Conditioner,PATTERN by Tracee Ellis Ross,Hair,Shampoo & Conditioner,9.0,,0,,4.05
P469502,Skin Perfecting 2% BHA Liquid Exfoliant,Paula's Choice,Skincare,Cleansers,34.0,4.4399,275846,1182.0,12.92
P469506,C15 Vitamin C Super Booster,Paula's Choice,Skincare,Treatments,55.0,4.2097,74161,434.0,20.9
P469503,Mini Skin Perfecting 2% BHA Liquid Exfoliant,Paula's Choice,Skincare,Mini Size,13.0,4.2217,179137,406.0,4.94
P469522,RESIST Youth-Extending Daily Hydrating Fluid SPF 50,Paula's Choice,Skincare,Sunscreen,37.0,4.2691,43866,405.0,14.06
P501288,C5 Super Boost Vitamin C Eye Cream,Paula's Choice,Skincare,Eye Care,39.0,4.5,22932,340.0,14.82
P501282,C5 Super Boost Vitamin C Moisturizer,Paula's Choice,Skincare,Moisturizers,45.0,4.6986,13256,292.0,17.1
P482060,Mini RESIST Youth-Extending Daily Hydrating Fluid SPF 50,Paula's Choice,Mini Size,Skincare,12.0,4.3966,15303,58.0,5.4
P504433,Pro Collagen Multi-Peptide Booster,Paula's Choice,Skincare,Treatments,58.0,4.7386,21691,264.0,22.04
P469510,CLINICAL 1% Retinol Treatment,Paula's Choice,Skincare,Treatments,62.0,4.5551,60835,263.0,23.56
P469519,RESIST Advanced Replenishing Toner with Hyaluronic Acid,Paula's Choice,Skincare,Cleansers,26.0,4.73,37158,237.0,9.88
P480627,Weightless Body Treatment 2% BHA,Paula's Choice,Bath & Body,Body Moisturizers,29.0,4.6667,13376,96.0,11.6
P469511,CLINICAL Niacinamide 20% Treatment,Paula's Choice,Skincare,Treatments,52.0,4.5318,36209,220.0,19.76
P469507,10% Azelaic Acid Booster,Paula's Choice,Skincare,Treatments,39.0,4.7535,42037,215.0,14.82
P469520,RESIST Perfectly Balanced Foaming Cleanser,Paula's Choice,Skincare,Cleansers,22.0,4.73,27344,200.0,8.36
P480628,10% Niacinamide Booster,Paula's Choice,Skincare,Treatments,49.0,4.7526,9601,194.0,18.62
P481348,Clinical 0.3% Retinol + 2% Bakuchiol Treatment,Paula's Choice,Skincare,Treatments,62.0,4.8235,13939,170.0,23.56
P471793,Omega + Complex Cleansing Balm,Paula's Choice,Skincare,Cleansers,29.0,4.6667,14266,165.0,11.02
P469505,Skin Perfecting BHA 9 Treatment,Paula's Choice,Skincare,Treatments,46.0,4.7055,11291,146.0,17.48
P473126,CLINICAL Discoloration Repair Serum,Paula's Choice,Skincare,Treatments,52.0,4.6522,18644,138.0,19.76
P469528,Skin Perfecting 25% AHA + 2% BHA Exfoliant Peel,Paula's Choice,Skincare,Treatments,42.0,4.5036,33137,137.0,15.96
P469524,RESIST Super-Light Daily Wrinkle Defense SPF 30,Paula's Choice,Skincare,Sunscreen,37.0,4.2556,19795,133.0,14.06
P469517,CLEAR Oil-Free Moisturizer,Paula's Choice,Skincare,Moisturizers,29.0,4.5281,16079,89.0,11.02
P469513,CLEAR Pore Normalizing Acne Cleanser,Paula's Choice,Skincare,Cleansers,15.0,4.137,24652,73.0,5.7
P469515,CLEAR Daily Skin Clearing Treatment with 2.5% Benzoyl Peroxide,Paula's Choice,Skincare,Treatments,22.0,4.8333,13705,66.0,8.36
P481390,Omega+ Complex Moisturizer,Paula's Choice,Skincare,Moisturizers,37.0,4.3281,9568,64.0,14.06
P469527,The UnScrub Gentle Cleansing Scrub,Paula's Choice,Skincare,Cleansers,35.0,4.5484,13473,62.0,13.3
P469516,CLEAR Ultra-Light Daily Hydrating Fluid SPF 30+,Paula's Choice,Skincare,Sunscreen,37.0,4.4915,11227,59.0,14.06
P469525,Omega+ Complex Serum,Paula's Choice,Skincare,Treatments,42.0,4.0545,18794,55.0,15.96
P469514,CLEAR Anti-Redness Exfoliating Solution with 2% Salicylic Acid,Paula's Choice,Skincare,Cleansers,34.0,4.7091,13813,55.0,12.92
P474970,Hyaluronic Acid + Peptide Lip Treatment Booster,Paula's Choice,Skincare,Lip Balms & Treatments,32.0,4.1538,9969,52.0,12.16
P469504,Skin Perfecting 8% AHA Gel Exfoliant,Paula's Choice,Skincare,Cleansers,34.0,4.617,14565,47.0,12.92
P469508,Hyaluronic Acid Booster,Paula's Choice,Skincare,Treatments,39.0,4.413,7239,46.0,14.82
P469526,Water-Infusing Electrolyte Moisturizer,Paula's Choice,Skincare,Moisturizers,37.0,3.7273,8396,44.0,14.06
P469512,CLINICAL Ceramide-Enriched Firming Eye Cream,Paula's Choice,Skincare,Eye Care,49.0,4.1163,8104,43.0,18.62
P469518,RESIST Barrier Repair Moisturizer with Retinol,Paula's Choice,Skincare,Moisturizers,37.0,4.3243,17313,37.0,14.06
P469521,RESIST Weightless Advanced Repairing Toner,Paula's Choice,Skincare,Cleansers,26.0,3.8,11114,25.0,9.88
P469523,RESIST Anti-Aging Clear Skin Hydrator,Paula's Choice,Skincare,Moisturizers,37.0,3.4,4739,25.0,14.06
P481347,Clear Skin Kit Acne Treatment Kit,Paula's Choice,Skincare,Value & Gift Sets,75.0,3.4375,3884,16.0,28.5
P481350,Complexion Clarity Kit,Paula's Choice,Skincare,Value & Gift Sets,64.0,4.4444,15686,9.0,24.32
P421275,Salicylic Acid Acne Healing Dots,Peace Out,Skincare,Treatments,19.0,4.1779,316297,4560.0,7.22
P428250,Oil-Absorbing Pore Treatment Strips,Peace Out,Skincare,Treatments,19.0,3.975,102327,1562.0,7.22
P467038,Retinol Eye Stick,Peace Out,Skincare,Eye Care,28.0,4.2062,136726,1329.0,10.64
P500757,Microneedling Anti-Wrinkle Retinol Patches,Peace Out,Skincare,Treatments,24.0,3.9965,4415,1128.0,9.12
P503721,Salicylic Acid Acne Day Dots,Peace Out,Skincare,Treatments,19.0,4.4974,11747,384.0,7.22
P472052,Microneedling Dark Spot Brightening Dots,Peace Out,Skincare,Treatments,28.0,4.0386,22947,363.0,10.64
P479340,Retinol Face Stick,Peace Out,Skincare,Treatments,34.0,4.5148,28434,270.0,12.92
P501781,Instant Pore Perfector,Peace Out,Skincare,Treatments,28.0,4.5843,11314,255.0,10.64
P480629,Dark Spots Serum,Peace Out,Skincare,Treatments,29.0,4.2262,7931,252.0,11.02
P469530,Blemish Balm Cleanser,Peace Out,Skincare,Cleansers,22.0,4.5597,16182,243.0,8.36
P474971,Daily Blemish Repairing Moisturizer,Peace Out,Skincare,Moisturizers,28.0,4.2624,8255,221.0,10.64
P465365,Puffy Under-Eye Patches,Peace Out,Skincare,Eye Care,25.0,4.2599,28152,177.0,9.5
P502997,Salicylic Acid Acne Treatment Serum,Peace Out,Skincare,Treatments,34.0,3.6667,3297,120.0,12.92
P503683,Acne Salicylic Acid Day & Night Duo,Peace Out,Skincare,Value & Gift Sets,19.0,4.7073,6248,82.0,7.22
P500856,Retinol Anti-Aging Power Duo,Peace Out,Skincare,Value & Gift Sets,48.0,4.2222,3592,18.0,18.24
P415701,Water Drench Hyaluronic Acid Moisturizer,Peter Thomas Roth,Skincare,Moisturizers,54.0,4.265,73776,1830.0,20.52
P377561,FIRMx Exfoliating Peel Gel,Peter Thomas Roth,Skincare,Treatments,49.0,4.5391,56547,1686.0,18.62
P450917,Mini FIRMx Exfoliating Peel Gel,Peter Thomas Roth,Skincare,Mini Size,16.0,4.5391,18585,1686.0,6.08
P39274,Anti-Aging Cleansing Gel,Peter Thomas Roth,Skincare,Cleansers,39.0,4.3699,32125,1603.0,14.82
P449599,Mini Anti-Aging Cleansing Gel,Peter Thomas Roth,Skincare,Mini Size,12.0,4.3699,9844,1603.0,4.56
P114902,Goodbye Acne  Max Complexion Correction Pads,Peter Thomas Roth,Skincare,Treatments,48.0,4.4199,56955,1529.0,18.24
P3617,Therapeutic Sulfur Acne Treatment Mask,Peter Thomas Roth,Skincare,Masks,52.0,4.5111,69468,1217.0,19.76
P458576,Water Drench Hyaluronic Hydrating Moisturizer SPF 45,Peter Thomas Roth,Skincare,Moisturizers,55.0,4.2886,26530,842.0,20.9
P471065,Mini Water Drench  Hyaluronic Hydrating Moisturizer SPF 45,Peter Thomas Roth,Skincare,Mini Size,23.0,4.3149,9899,794.0,8.74
P428100,Potent-C Vitamin C Power Serum,Peter Thomas Roth,Skincare,Treatments,105.0,4.0276,30830,762.0,39.9
P387261,Pumpkin Enzyme Mask Enzymatic Dermal Resurfacer,Peter Thomas Roth,Skincare,Masks,60.0,4.6611,55129,720.0,22.8
P453824,Vital-E Antioxidant Recovery Cream,Peter Thomas Roth,Skincare,Moisturizers,75.0,4.4112,5199,676.0,28.5
P283106,Instant FIRMx Eye Temporary Eye Tightener,Peter Thomas Roth,Skincare,Eye Care,38.0,3.3254,47539,627.0,14.44
P3550,Goodbye Acne AHA/BHA Acne Clearing Gel Face Body Spot Treatment,Peter Thomas Roth,Skincare,Treatments,48.0,4.2768,23319,625.0,18.24
P474078,Mini Goodbye Acne  AHA/BHA Acne Clearing Gel Face Body Spot Treatment,Peter Thomas Roth,Skincare,Mini Size,20.0,4.2768,4443,625.0,7.6
P453823,Vital-E Antioxidant Recovery Eye Cream,Peter Thomas Roth,Skincare,Eye Care,55.0,4.3255,15022,599.0,20.9
P426312,Mini Water Drench Hyaluronic Acid Moisturizer,Peter Thomas Roth,Mini Size,Skincare,23.0,4.265,33061,1830.0,10.35
P251529,Retinol Fusion PM Night Serum,Peter Thomas Roth,Skincare,Treatments,65.0,4.3262,28361,564.0,24.7
P442741,Peptide 21 Wrinkle Resist Serum,Peter Thomas Roth,Skincare,Treatments,125.0,4.4472,8393,559.0,47.5
P399932,Acne-Clear Invisible Dots,Peter Thomas Roth,Skincare,Treatments,32.0,3.4314,24178,554.0,12.16
P442742,Peptide 21 Amino Acid Exfoliating Peel Pads,Peter Thomas Roth,Skincare,Treatments,55.0,4.6453,16263,547.0,20.9
P392608,Irish Moor Mud Purifying Black Mask,Peter Thomas Roth,Skincare,Masks,60.0,4.3724,23860,537.0,22.8
P382204,Cucumber Gel Mask Extreme Detoxifying Hydrator,Peter Thomas Roth,Skincare,Masks,55.0,4.1989,31288,533.0,20.9
P442743,Peptide 21 Wrinkle Resist Moisturizer,Peter Thomas Roth,Skincare,Moisturizers,95.0,4.5531,9001,508.0,36.1
P467137,Water Drench Hyaluronic Glow Serum,Peter Thomas Roth,Skincare,Treatments,72.0,4.444,7390,482.0,27.36
P271682,Instant FIRMx Temporary Face Tightener,Peter Thomas Roth,Skincare,Treatments,49.0,3.5567,19631,476.0,18.62
P479706,Even Smoother Glycolic Retinol Resurfacing Serum,Peter Thomas Roth,Skincare,Treatments,65.0,4.5803,5185,467.0,24.7
P470243,PRO Strength Microdermabrasion Blackhead Eliminator,Peter Thomas Roth,Skincare,Cleansers,68.0,4.4936,11835,466.0,25.84
P474079,Goodbye Acne   Complete Acne Treatment Gel,Peter Thomas Roth,Skincare,Treatments,44.0,4.2702,5639,459.0,16.72
P448719,PRO Strength Lactic Pore Treatment,Peter Thomas Roth,Skincare,Treatments,88.0,4.5779,16862,443.0,33.44
P479705,Even Smoother Glycolic Retinol Resurfacing Peel Pads,Peter Thomas Roth,Skincare,Treatments,52.0,4.6009,7622,441.0,19.76
P462390,PRO Strength 10% PHA Exfoliating Clarifying Liquid,Peter Thomas Roth,Skincare,Treatments,58.0,4.3836,6220,438.0,22.04
P412025,Cucumber De-Tox Hydra-Gel Eye Patches,Peter Thomas Roth,Skincare,Eye Care,55.0,3.9668,52503,391.0,20.9
P454102,PRO Strength Niacinamide Discoloration Treatment,Peter Thomas Roth,Skincare,Treatments,88.0,4.1608,32582,367.0,33.44
P433456,Potent-C Vitamin C Power Eye Cream,Peter Thomas Roth,Skincare,Eye Care,68.0,4.0116,11436,345.0,25.84
P406104,24K Gold Pure Luxury Lift & Firm Hydra-Gel Eye Patches,Peter Thomas Roth,Skincare,Eye Care,75.0,3.7594,49824,320.0,28.5
P433457,Potent-C Vitamin C Targeted Spot Brightener,Peter Thomas Roth,Skincare,Treatments,62.0,4.3428,8238,318.0,23.56
P423254,Water Drench Hyaluronic Cloud Hydra-Gel Eye Patches,Peter Thomas Roth,Skincare,Eye Care,55.0,4.069,60266,290.0,20.9
P482061,Max Clear Invisible Priming Sunscreen Broad Spectrum SPF 45,Peter Thomas Roth,Skincare,Sunscreen,38.0,4.4746,5462,276.0,14.44
P503690,Water Drench Hyaluronic Cloud Rich Barrier Moisturizer,Peter Thomas Roth,Skincare,Moisturizers,58.0,4.7489,2975,219.0,22.04
P500244,FIRMx Collagen Face & Eye Hydra-Gel Patches,Peter Thomas Roth,Skincare,Eye Care,65.0,4.6912,16592,217.0,24.7
P503702,Instant FIRMx No-Filter Primer,Peter Thomas Roth,Makeup,Face,42.0,4.3913,12705,253.0,17.64
P392607,24K Gold Mask Pure Luxury Lift & Firm,Peter Thomas Roth,Skincare,Masks,85.0,3.5,16676,196.0,32.3
P481142,PRO Strength Vitamin A/C/E Retinoid Treatment,Peter Thomas Roth,Skincare,Treatments,65.0,4.7416,7915,178.0,24.7
P430812,Max Mineral Tinted Sunscreen Broad Spectrum SPF 45,Peter Thomas Roth,Skincare,Sunscreen,38.0,4.2035,17046,172.0,14.44
P481731,PRO Strength Stretch Mark Cream,Peter Thomas Roth,Bath & Body,Body Care,58.0,4.6216,10469,222.0,23.2
P505158,Max Vitamin D-Fense Sunscreen Serum Broad Spectrum SPF 50,Peter Thomas Roth,Skincare,Sunscreen,42.0,4.8514,340,148.0,15.96
P410883,Acne Clearing Wash,Peter Thomas Roth,Skincare,Cleansers,39.0,4.2263,10371,137.0,14.82
P440317,Potent-C Vitamin C Bright & Plump Moisturizer,Peter Thomas Roth,Skincare,Moisturizers,72.0,3.6239,5285,109.0,27.36
P471062,Full-Size Water Drench Hydra-Pair 2-Piece Kit,Peter Thomas Roth,Skincare,Value & Gift Sets,58.0,4.6,15019,40.0,22.04
P457519,Water Drench Hyaluronic Cloud Hydrating Eye Gel,Peter Thomas Roth,Skincare,Eye Care,43.0,3.4595,5917,37.0,16.34
P446101,Lashes to Die For Turbo Conditioning Lash Enhancer,Peter Thomas Roth,Makeup,Eye,85.0,3.7254,4594,284.0,35.7
P471064,Max Matte Shine Control Sunscreen Broad Spectrum SPF 45,Peter Thomas Roth,Skincare,Sunscreen,38.0,2.4865,2240,37.0,14.44
P457520,FIRMx Collagen Moisturizer,Peter Thomas Roth,Skincare,Moisturizers,88.0,3.3871,5148,31.0,33.44
P464799,Potent-C Power Brightening Hydra-Gels,Peter Thomas Roth,Skincare,Eye Care,65.0,2.6429,9815,28.0,24.7
P500127,Water Drench Hyaluronic Cloud Hydrating Body Cream,Peter Thomas Roth,Bath & Body,Body Moisturizers,40.0,4.8333,2465,6.0,16.0
P473185,Water Drench Hyaluronic Cloud Makeup Removing Gel Cleanser,Peter Thomas Roth,Skincare,Cleansers,32.0,4.0,2272,14.0,12.16
P474080,Water Drench Hyaluronic Cloud Mask Hydrating Gel,Peter Thomas Roth,Skincare,Masks,55.0,4.25,4791,12.0,20.9
P502740,Masking Minis 5-Piece Mask Kit,Peter Thomas Roth,Skincare,Value & Gift Sets,19.0,4.0,19378,7.0,7.22
P502725,Multi-Masker 4-Piece Mask Kit,Peter Thomas Roth,Skincare,Value & Gift Sets,58.0,4.0,7286,5.0,22.04
P501550,Acne-Clear Essentials 4-Piece Acne Kit,Peter Thomas Roth,Skincare,Value & Gift Sets,35.0,2.75,3080,4.0,13.3
P505380,Patch & Protect Summer Essentials 2-Piece Kit,Peter Thomas Roth,Skincare,Value & Gift Sets,55.0,,155,,20.9
P505383,Full-Size FIRMx Face & Eye Firmers 2-Piece Kit,Peter Thomas Roth,Skincare,Value & Gift Sets,65.0,,152,,24.7
P502690,"Snow Angel Shampoo, Shower Gel & Bubble Bath",philosophy,Bath & Body,Value & Gift Sets,24.0,,1266,,9.6
P482716,Missing Person Eau de Parfum,PHLUR,Fragrance,Women,96.0,3.4273,33292,433.0,28.8
P482717,Missing Person Eau de Parfum Travel Spray,PHLUR,Fragrance,Women,26.0,3.4273,28692,433.0,7.8
P503600,Discovery Sampler Set,PHLUR,Fragrance,Value & Gift Sets,35.0,3.65,12724,20.0,10.5
P501353,Missing Person Perfume Set,PHLUR,Fragrance,Value & Gift Sets,98.0,4.3636,11205,22.0,29.4
P482715,Perfume Sampler Set,PHLUR,Fragrance,Value & Gift Sets,25.0,2.56,10733,25.0,7.5
P502693,Somebody Wood Eau de Parfum Travel Spray,PHLUR,Fragrance,Women,26.0,3.9153,9750,59.0,7.8
P503911,Tangerine Boy Eau de Parfum,PHLUR,Fragrance,Women,96.0,4.0513,9415,39.0,28.8
P482726,Not Your Baby Eau de Parfum,PHLUR,Fragrance,Women,96.0,3.5304,8927,115.0,28.8
P482724,Apricot Privée Eau de Parfum,PHLUR,Fragrance,Women,96.0,3.3409,8847,88.0,28.8
P502652,Somebody Wood Eau de Parfum,PHLUR,Fragrance,Women,96.0,3.95,7564,20.0,28.8
P482725,Apricot Privée Eau de Parfum Travel Spray,PHLUR,Fragrance,Women,26.0,3.3409,5708,88.0,7.8
P482727,Not Your Baby Eau de Parfum Travel Spray,PHLUR,Fragrance,Women,26.0,3.5304,4795,115.0,7.8
P440207,Ameline Eau de Parfum,PHLUR,Fragrance,Women,96.0,3.9077,4788,65.0,28.8
P482720,Lost Cause Eau de Parfum,PHLUR,Fragrance,Women,96.0,3.963,4403,27.0,28.8
P482718,Phloria Eau de Parfum,PHLUR,Fragrance,Women,96.0,3.8857,2927,35.0,28.8
P447761,Ameline Eau de Parfum Travel Spray,PHLUR,Fragrance,Women,26.0,3.9077,2487,65.0,7.8
P482721,Lost Cause Eau de Parfum Travel Spray,PHLUR,Fragrance,Women,26.0,3.963,2335,27.0,7.8
P482719,Phloria Eau de Parfum Travel Spray,PHLUR,Fragrance,Women,26.0,3.8857,1685,35.0,7.8
P502647,Sweet Smoke Candle,PHLUR,Fragrance,Candles & Home Scents,45.0,5.0,644,1.0,13.5
P504992,Solar Power Eau de Parfum Travel Spray,PHLUR,Fragrance,Women,26.0,,135,,7.8
P503665,Missing Person Body Lotion,PHLUR,Bath & Body,Body Moisturizers,36.0,,94,,14.4
P504990,Solar Power Eau de Parfum,PHLUR,Fragrance,Women,96.0,,90,,28.8
P432818,Clean Smart Facial Cleansing Device,PMD,Skincare,High Tech Tools,99.0,3.9825,12284,171.0,37.62
P446630,Clean Pro Rose Quartz,PMD,Skincare,High Tech Tools,179.0,4.4559,8990,136.0,68.02
P398502,Personal Microderm Pro,PMD,Skincare,High Tech Tools,199.0,4.4355,24832,124.0,75.62
P401158,PMD Personal Microderm with Hand & Foot Kit,PMD,Skincare,High Tech Tools,159.0,4.6494,10303,77.0,60.42
P446629,Clean Pro,PMD,Skincare,High Tech Tools,149.0,4.2857,3044,77.0,56.62
P467969,Personal Microderm Elite Pro,PMD,Skincare,High Tech Tools,299.0,4.6667,5350,60.0,113.62
P398500,Personal Microderm,PMD,Skincare,High Tech Tools,159.0,4.322,12714,59.0,60.42
P467970,Clean Pro Obsidian,PMD,Skincare,High Tech Tools,179.0,4.7069,3602,58.0,68.02
P476436,Clean Pro Jade,PMD,Skincare,High Tech Tools,179.0,4.8205,4221,39.0,68.02
P376127,CANDY Eau de Parfum,Prada,Fragrance,Women,135.0,4.2084,89821,1545.0,40.5
P501198,Paradoxe Eau de Parfum,Prada,Fragrance,Women,32.0,4.6005,49536,1184.0,9.6
P387903,Candy Eau de Parfum Travel Spray,Prada,Fragrance,Women,30.0,4.205,38310,1517.0,9.0
P501173,Paradoxe Eau de Parfum Travel Spray,Prada,Fragrance,Women,32.0,4.303,22501,33.0,9.6
P502053,Mini Paradoxe Perfume Giftset,Prada,Fragrance,Value & Gift Sets,32.0,4.1818,13972,11.0,9.6
P76001,Prada Amber,Prada,Fragrance,Women,145.0,4.5586,9714,222.0,43.5
P503187,Candy Eau de Parfum Giftset,Prada,Fragrance,Value & Gift Sets,30.0,5.0,9550,4.0,9.0
P475152,Luna Rossa Ocean Eau de Toilette,Prada,Fragrance,Men,115.0,4.6972,9262,1070.0,34.5
P417974,Luna Rossa Carbon,Prada,Fragrance,Men,115.0,4.4028,8848,422.0,34.5
P433656,Luna Rossa Black Eau de Parfum,Prada,Fragrance,Men,107.0,4.2888,7431,419.0,32.1
P378660,Luna Rossa,Prada,Fragrance,Men,95.0,4.3909,7368,504.0,28.5
P398365,Luna Rossa Sport Eau de Toilette,Prada,Fragrance,Men,115.0,4.8073,6510,109.0,34.5
P478314,Luna Rossa Ocean Eau de Toilette Travel Spray,Prada,Fragrance,Women,25.0,4.1429,3919,7.0,7.5
P163102,Prada Amber Pour Homme,Prada,Fragrance,Men,115.0,4.39,2976,100.0,34.5
P503241,Luna Rossa Carbon Eau de Toilette Set,Prada,Fragrance,Value & Gift Sets,114.0,,1164,,34.2
P456192,Night Magic Restorative Face Oil with Firming Botanicals,Prima,Skincare,Moisturizers,68.0,4.3488,6914,410.0,25.84
P456193,The Afterglow Deep Moisturizing Cream with Hyaluronic Acid & Vegan Collagen,Prima,Skincare,Moisturizers,68.0,4.5302,6228,381.0,25.84
P456216,Unwind Bath Gem Relaxing Bath Soak with Epsom Salt + Moisturizing Oils,Prima,Bath & Body,Bath & Shower,15.0,4.5244,13419,82.0,6.0
P474854,"Beyond Body Oil Lightweight, Anti-Aging & Nourishing Oil",Prima,Bath & Body,Body Moisturizers,56.0,4.8036,12214,56.0,22.4
P456215,R+R Cream Cooling Recovery Rub for Soothing Comfort with Menthol + Hemp,Prima,Bath & Body,Body Moisturizers,38.0,4.4054,4634,37.0,15.2
P456217,Skin Therapy Rich Ultra-Hydrating Body Butter for Dry Skin,Prima,Bath & Body,Body Moisturizers,32.0,3.7857,2534,14.0,12.8
P483684,Recover Bath Gem Body-Soothing Bath Soak with Arnica + Magnesium,Prima,Bath & Body,Bath & Shower,18.0,3.5,1464,2.0,7.2
P504310,Arousal Bath Gem Sensual Bath Soak with Natural Aphrodisiacs,Prima,Bath & Body,Bath & Shower,16.0,4.5,1172,2.0,6.4
P504644,"Personalized Cleanser, SPF Day Moisturizer, Night Cream Set",PROVEN Skincare,Skincare,Value & Gift Sets,169.99,4.3397,1660,209.0,64.6
P461633,Color Fanatic Heat Protectant Leave-In Conditioner,Pureology,Hair,Hair Styling & Treatments,34.0,4.5761,48940,1937.0,15.3
P461601,"Hydrate Shampoo for Dry, Color-Treated Hair",Pureology,Hair,Shampoo & Conditioner,36.0,4.4734,32221,2028.0,16.2
P461603,"Hydrate Conditioner for Dry, Color-Treated Hair",Pureology,Hair,Shampoo & Conditioner,36.0,4.4808,26060,1460.0,16.2
P461610,Strength Cure Strengthening Shampoo for Damaged Color-Treated Hair,Pureology,Hair,Shampoo & Conditioner,36.0,4.6766,24188,2019.0,16.2
P461960,Mini Hydrating + Color Protecting Hair Kit,Pureology,Hair,Value & Gift Sets,24.0,4.3611,20718,36.0,10.8
P461611,Strength Cure Strengthening Conditioner for Damaged Color-Treated Hair,Pureology,Hair,Shampoo & Conditioner,36.0,4.6966,18683,1773.0,16.2
P461615,Strength Cure Miracle Filler Heat Protectant Spray,Pureology,Hair,Hair Styling & Treatments,31.0,4.5449,14075,1681.0,13.95
P461605,Hydrate Nourishing Superfoods Treatment Hair Mask,Pureology,Hair,Hair Styling & Treatments,41.5,4.5805,11434,1149.0,18.67
P461606,"Hydrate Sheer Shampoo for Fine, Dry, Color-Treated Hair",Pureology,Hair,Shampoo & Conditioner,36.0,4.4629,9820,404.0,16.2
P461616,Strength Cure Blonde Purple Shampoo,Pureology,Hair,Shampoo & Conditioner,36.0,4.6076,8884,1496.0,16.2
P461602,Mini Hydrate Shampoo,Pureology,Hair,Shampoo & Conditioner,11.0,4.4734,7863,2028.0,4.95
P461614,Strength Cure Superfoods Treatment Hair Mask,Pureology,Hair,Hair Styling & Treatments,41.5,4.5591,7568,1134.0,18.67
P461634,Color Fanatic Multi-Tasking Deep-Conditioning Hair Mask,Pureology,Hair,Hair Styling & Treatments,41.5,4.75,7290,276.0,18.67
P461604,Mini Hydrate Conditioner,Pureology,Hair,Shampoo & Conditioner,11.0,4.4808,7160,1460.0,4.95
P461608,"Hydrate Sheer Conditioner for Fine, Dry, Color-Treated Hair",Pureology,Hair,Shampoo & Conditioner,36.0,4.3383,6581,334.0,16.2
P461629,Nanoworks Gold Hydrating Shampoo,Pureology,Hair,Shampoo & Conditioner,50.0,4.5029,6324,1547.0,22.5
P474855,Color Fanatic Top Coat + Tone Hair Gloss,Pureology,Hair,Hair Styling & Treatments,36.0,4.2737,5640,1085.0,16.2
P461618,Strength Cure Blonde Purple Conditioner,Pureology,Hair,Shampoo & Conditioner,36.0,4.5492,5458,1362.0,16.2
P461613,Strength Cure Split-End Salve Leave-In Treatment,Pureology,Hair,Hair Styling & Treatments,31.0,4.4286,5167,56.0,13.95
P461620,Pure Volume Shampoo,Pureology,Hair,Shampoo & Conditioner,36.0,3.9478,4881,345.0,16.2
P461631,Nanoworks Gold Strengthening Hydrating Conditioner,Pureology,Hair,Shampoo & Conditioner,50.0,4.4971,4862,1386.0,22.5
P461607,"Mini Hydrate Sheer Shampoo for Fine, Dry, Color-Treated Hair",Pureology,Hair,Shampoo & Conditioner,11.0,4.4629,4786,404.0,4.95
P461642,Smooth Perfection Smoothing Hair Serum,Pureology,Hair,Hair Styling & Treatments,31.0,4.6786,4447,56.0,13.95
P474856,Color Fanatic Top Coat + Clear Hair Gloss,Pureology,Hair,Hair Styling & Treatments,36.0,4.5113,4364,530.0,16.2
P461624,Smooth Perfection Shampoo,Pureology,Hair,Shampoo & Conditioner,36.0,4.5701,4314,335.0,16.2
P461641,Hydrate Soft Softening Treatment Hair Mask,Pureology,Hair,Hair Styling & Treatments,41.5,4.5882,3831,777.0,18.67
P461635,Style + Protect Refresh & Go Dry Shampoo,Pureology,Hair,Hair Styling & Treatments,31.0,4.2454,3568,326.0,13.95
P461617,Mini Strength Cure Blonde Shampoo,Pureology,Hair,Shampoo & Conditioner,11.0,4.6076,3340,1496.0,4.95
P461628,Smooth Perfection Smoothing Hair Lotion,Pureology,Hair,Hair Styling & Treatments,31.0,4.4352,3335,301.0,13.95
P461626,Smooth Perfection Conditioner,Pureology,Hair,Shampoo & Conditioner,36.0,4.5034,3323,292.0,16.2
P461622,Pure Volume Conditioner,Pureology,Hair,Shampoo & Conditioner,36.0,4.316,3177,307.0,16.2
P461609,"Mini Hydrate Sheer Conditioner for Fine, Dry, Color-Treated Hair",Pureology,Hair,Shampoo & Conditioner,11.0,4.3383,3137,334.0,4.95
P503824,Hydrate Shampoo & Conditioner Jumbo Value Set,Pureology,Hair,Value & Gift Sets,145.0,3.75,2699,4.0,65.25
P461636,Mini Style + Protect Refresh & Go Dry Shampoo,Pureology,Hair,Hair Styling & Treatments,11.0,4.2454,2551,326.0,4.95
P461619,Mini Strength Cure Blonde Conditioner,Pureology,Hair,Shampoo & Conditioner,11.0,4.5492,1950,1362.0,4.95
P461637,Style + Protect Soft Finish Hairspray,Pureology,Hair,Hair Styling & Treatments,31.0,4.1818,1831,66.0,13.95
P461643,Style + Protect Weightless Hair Mousse,Pureology,Hair,Hair Styling & Treatments,31.0,3.8056,1714,36.0,13.95
P461639,Style + Protect Volumizing Texture Finishing Hairspray,Pureology,Hair,Hair Styling & Treatments,31.0,4.157,1387,293.0,13.95
P474082,Mini Nanoworks Gold Conditioner,Pureology,Hair,Shampoo & Conditioner,17.0,4.4971,1248,1386.0,7.65
P503823,Strength Cure Shampoo & Conditioner Jumbo Value Set,Pureology,Hair,Value & Gift Sets,145.0,3.6667,1211,3.0,65.25
P474081,Mini Nanoworks Gold Shampoo,Pureology,Hair,Shampoo & Conditioner,17.0,4.5029,1136,1547.0,7.65
P505014,Hydrate & Color Fanatic Kit,Pureology,Hair,Value & Gift Sets,72.0,,388,,32.4
P505035,Strength Cure & Color Fanatic Kit,Pureology,Hair,Value & Gift Sets,72.0,,357,,32.4
P505034,"Color Fanatic Spray, Clear Topcoat Kit",Pureology,Hair,Value & Gift Sets,45.0,,202,,20.25
P448446,Hydration Detangler + UV Barrier,Rahua,Hair,Hair Styling & Treatments,32.0,4.5,4357,12.0,14.4
P407493,Omega 9 Hair Mask,Rahua,Hair,Hair Styling & Treatments,58.0,3.1975,3290,162.0,26.1
P6463,Romance,Ralph Lauren,Fragrance,Women,63.0,4.5744,27981,524.0,18.9
P9009,Ralph,Ralph Lauren,Fragrance,Women,90.0,4.6895,21034,554.0,27.0
P380994,Polo Red Eau de Toilette,Ralph Lauren,Fragrance,Men,88.0,4.6933,6851,238.0,26.4
P474083,Ralph's Club Eau de Parfum,Ralph Lauren,Fragrance,Men,129.0,4.7908,4047,2576.0,38.7
P36740,Polo Blue Eau de Toilette,Ralph Lauren,Fragrance,Men,88.0,4.5113,3756,354.0,26.4
P408252,Polo Blue Eau de Parfum,Ralph Lauren,Fragrance,Men,74.0,4.4118,3251,2013.0,22.2
P474084,Ralph's Club Eau de Parfum Travel Spray,Ralph Lauren,Fragrance,Mini Size,34.0,4.7908,1771,2576.0,10.2
P460784,Polo Red Eau de Parfum,Ralph Lauren,Fragrance,Men,128.0,4.4249,1662,386.0,38.4
P500911,Ralph's Club Parfum,Ralph Lauren,Fragrance,Men,140.0,4.442,600,1052.0,42.0
P481335,Brightening Saffron Serum - Radiant Rani,RANAVAT,Skincare,Treatments,135.0,4.7824,7269,216.0,51.3
P481354,Renewing Bakuchi Crème - Eternal Reign,RANAVAT,Skincare,Moisturizers,95.0,4.3676,2168,204.0,36.1
P481336,Resurfacing Saffron AHA Masque - Radiant Rani,RANAVAT,Skincare,Masks,75.0,4.6298,4918,181.0,28.5
P481363,Smoothing Facial Polish - Imperial Glow,RANAVAT,Skincare,Cleansers,45.0,4.6364,3144,176.0,17.1
P481371,Balancing Crème Cleanser - Luminous Ceremony,RANAVAT,Skincare,Cleansers,45.0,4.4682,2102,173.0,17.1
P504446,Restoring Moonseed Treatment - L’Immortale Empress,RANAVAT,Skincare,Moisturizers,125.0,4.7222,1098,54.0,47.5
P481374,Fortifying Hair Serum - Mighty Majesty,RANAVAT,Hair,Hair Styling & Treatments,70.0,4.6053,5340,190.0,31.5
P481401,Hydrating Jasmine Mist - Royal Refresh,RANAVAT,Skincare,Moisturizers,45.0,4.4571,3733,35.0,17.1
P502191,Mini Brightening Saffron Serum - Radiant Rani,RANAVAT,Mini Size,Skincare,35.0,4.7824,4293,216.0,15.75
P481368,Detoxifying Facial Massage Tool - Kansa Wand,RANAVAT,Skincare,Wellness,70.0,4.6364,1919,22.0,26.6
P503881,Regenerative Veda⁴ Bond Repair Shampoo - Mighty Majesty,RANAVAT,Hair,Shampoo & Conditioner,48.0,4.5926,1262,81.0,21.6
P503863,Regenerative Veda⁴ Bond Repair Conditioner- Mighty Majesty,RANAVAT,Hair,Shampoo & Conditioner,48.0,4.6173,1165,81.0,21.6
P502183,Sacred Rose Restoring Hand Crème with Antioxidants,RANAVAT,Bath & Body,Body Moisturizers,32.0,4.0,1011,1.0,12.8
P97989778,Soft Pinch Liquid Blush,Rare Beauty by Selena Gomez,Makeup,Cheek,23.0,4.5356,1401068,4733.0,9.66
P38855877,Positive Light Liquid Luminizer Highlight,Rare Beauty by Selena Gomez,Makeup,Face,25.0,4.3411,481509,1240.0,10.5
P479343,Warm Wishes Effortless Bronzer Sticks,Rare Beauty by Selena Gomez,Makeup,Cheek,26.0,4.5792,361417,1516.0,10.92
P49848448,Liquid Touch Weightless Foundation,Rare Beauty by Selena Gomez,Makeup,Face,30.0,4.0332,263393,5186.0,12.6
P64546856,Liquid Touch Brightening Concealer,Rare Beauty by Selena Gomez,Makeup,Face,22.0,4.1963,261155,1615.0,9.24
P467451,Stay Vulnerable Melting Cream Blush,Rare Beauty by Selena Gomez,Makeup,Cheek,22.0,4.3357,258873,986.0,9.24
P503711,Positive Light Silky Touch Highlighter,Rare Beauty by Selena Gomez,Makeup,Face,25.0,4.4501,244183,551.0,10.5
P87987897,Lip Soufflé Matte Cream Lipstick,Rare Beauty by Selena Gomez,Makeup,Lip,20.0,4.2939,222682,1276.0,8.4
P500636,Kind Words Lip Liner,Rare Beauty by Selena Gomez,Makeup,Lip,15.0,4.6231,173952,451.0,6.3
P503714,Positive Light Under Eye Brightener,Rare Beauty by Selena Gomez,Makeup,Eye,24.0,4.2621,156489,782.0,10.08
P11487778,With Gratitude Dewy Lip Balm,Rare Beauty by Selena Gomez,Makeup,Lip,16.0,3.5823,148190,1142.0,6.72
P500637,Kind Words Matte Lipstick,Rare Beauty by Selena Gomez,Makeup,Lip,20.0,4.5277,147671,542.0,8.4
P467449,Stay Vulnerable Glossy Lip Balm,Rare Beauty by Selena Gomez,Makeup,Lip,20.0,4.6973,138563,697.0,8.4
P17484987,Liquid Touch Concealer Brush,Rare Beauty by Selena Gomez,Makeup,Brushes & Applicators,18.0,4.545,122940,422.0,7.56
P475599,Perfect Strokes Universal Volumizing Mascara,Rare Beauty by Selena Gomez,Makeup,Eye,20.0,4.3716,116565,1480.0,8.4
P55849781,Always An Optimist 4-in-1 Prime & Set Mist,Rare Beauty by Selena Gomez,Makeup,Face,27.0,4.274,113347,416.0,11.34
P479345,Always an Optimist Soft Radiance Setting Powder,Rare Beauty by Selena Gomez,Makeup,Face,25.0,4.587,100708,1046.0,10.5
P04141879,Liquid Touch Foundation Brush,Rare Beauty by Selena Gomez,Makeup,Brushes & Applicators,29.0,4.5796,98192,490.0,12.18
P471074,Pore Diffusing Primer - Always an Optimist Collection,Rare Beauty by Selena Gomez,Makeup,Face,28.0,4.4882,84572,1055.0,11.76
P77484859,Perfect Strokes Matte Liquid Liner,Rare Beauty by Selena Gomez,Makeup,Eye,21.0,4.2939,72389,2140.0,8.82
P471075,Mini Pore Diffusing Primer- Always An Optimist Collection,Rare Beauty by Selena Gomez,Mini Size,Makeup,15.0,3.6892,72232,148.0,6.75
P479342,Soft Pinch Blush Brush,Rare Beauty by Selena Gomez,Makeup,Brushes & Applicators,23.0,4.7143,69220,49.0,9.66
P467450,Stay Vulnerable Liquid Eyeshadow,Rare Beauty by Selena Gomez,Makeup,Eye,20.0,4.6114,67007,458.0,8.4
P82858582,Blot & Glow Touch-Up Kit,Rare Beauty by Selena Gomez,Makeup,Face,26.0,3.7402,64971,408.0,10.92
P475600,Mini Perfect Strokes Universal Volumizing Mascara,Rare Beauty by Selena Gomez,Mini Size,Makeup,11.0,4.2572,57283,797.0,4.95
P47478987,Illuminating Primer- Always An Optimist Collection,Rare Beauty by Selena Gomez,Makeup,Face,28.0,4.2245,43839,343.0,11.76
P501035,Mini Always an Optimist 4-in-1 Mist,Rare Beauty by Selena Gomez,Mini Size,Makeup,14.0,3.9167,42938,48.0,6.3
P64888798,Mini Illuminating Primer- Always An Optimist Collection,Rare Beauty by Selena Gomez,Mini Size,Makeup,15.0,4.1716,41961,134.0,6.75
P05048798,Brow Harmony Pencil & Gel,Rare Beauty by Selena Gomez,Makeup,Eye,22.0,4.2179,39276,459.0,9.24
P475604,Brow Harmony Shape & Fill Duo,Rare Beauty by Selena Gomez,Makeup,Eye,27.0,4.4929,38012,700.0,11.34
P479344,Always An Optimist Powder Brush,Rare Beauty by Selena Gomez,Makeup,Brushes & Applicators,28.0,4.5,34292,28.0,11.76
P471077,Weightless Eyeshadow Primer- Always An Optimist Collection,Rare Beauty by Selena Gomez,Makeup,Eye,21.0,4.2515,31207,338.0,8.82
P504015,Positive Light Precision Highlighter Brush,Rare Beauty by Selena Gomez,Makeup,Brushes & Applicators,18.0,4.875,28698,16.0,7.56
P467448,Stay Vulnerable All - Over Eyeshadow Brush,Rare Beauty by Selena Gomez,Makeup,Brushes & Applicators,15.0,4.6346,26765,52.0,6.3
P79797874,Magnetic Spirit Eyeshadow Palette,Rare Beauty by Selena Gomez,Makeup,Eye,25.0,4.3768,24581,69.0,10.5
P471076,Discovery Eyeshadow Palette,Rare Beauty by Selena Gomez,Makeup,Eye,29.0,4.1593,23771,226.0,12.18
P64648789,Blot & Glow Blotting Paper Refill,Rare Beauty by Selena Gomez,Makeup,Accessories,5.0,3.6607,20021,56.0,2.1
P504643,Mini Sincerely Me Eye Essentials,Rare Beauty by Selena Gomez,Mini Size,Makeup,25.0,4.375,14200,16.0,11.25
P39693963,Blot & Glow Powder Puff Refill,Rare Beauty by Selena Gomez,Makeup,Face,15.0,3.7917,12483,24.0,6.3
P505369,Discovery Eyeshadow Palette - Give Yourself Grace,Rare Beauty by Selena Gomez,Makeup,Eye,29.0,4.0,4072,10.0,12.18
P473120,Brow Sculpt Shape and Hold Gel with Lamination Effect,REFY,Makeup,Eye,24.0,3.6148,92560,823.0,10.08
P483125,Lip Sculpt Lip Liner and Setter,REFY,Makeup,Lip,26.0,3.5698,88216,265.0,10.92
P475605,Duo Face Brush,REFY,Makeup,Brushes & Applicators,24.0,3.439,46740,41.0,10.08
P500449,Glow and Sculpt Face Serum Primer with Niacinamide,REFY,Makeup,Face,34.0,4.2759,36530,29.0,14.28
P483124,Lip Gloss,REFY,Makeup,Lip,20.0,4.2778,29482,54.0,8.4
P475156,Cream Blush,REFY,Makeup,Cheek,20.0,4.1897,29135,58.0,8.4
P475158,Gloss Highlighter,REFY,Makeup,Face,26.0,3.9859,25453,71.0,10.92
P501560,"Universal Collection - Brow Sculpt, Lip Gloss, and Gloss Highlighter",REFY,Makeup,Value & Gift Sets,38.0,3.6,20422,5.0,15.96
P483123,"Lip Collection: Lip Liner, Setter, and Lip Gloss",REFY,Makeup,Lip,40.0,3.1333,18460,45.0,16.8
P475157,Cream Bronzer,REFY,Makeup,Cheek,26.0,4.0408,17572,49.0,10.92
P473174,"REFY 3.0 Stage Brow Collection- Sculpt, Pomade & Pencil",REFY,Makeup,Eye,55.0,4.0239,15992,209.0,23.1
P473118,Brow Pencil,REFY,Makeup,Eye,20.0,4.2714,9357,70.0,8.4
P500494,Body Glow Highlighting Serum,REFY,Bath & Body,Body Moisturizers,40.0,4.2,7727,5.0,16.0
P473119,Brow Pomade,REFY,Makeup,Eye,20.0,4.2889,7626,45.0,8.4
P500162,Skin Finish Water Based Loose Setting Powder,REFY,Makeup,Face,32.0,3.8947,6581,19.0,13.44
P505347,Brow Tint Eyebrow Gel,REFY,Makeup,Eye,24.0,,1153,,10.08
P203616,Glycol Lactic Radiance Renewal Mask,REN Clean Skincare,Skincare,Masks,58.0,4.4022,58212,1283.0,22.04
P428095,Ready Steady Glow Daily AHA Tonic,REN Clean Skincare,Skincare,Cleansers,40.0,4.143,76269,1238.0,15.2
P465368,Mini Ready Steady Glow Daily AHA Tonic,REN Clean Skincare,Skincare,Cleansers,22.0,4.143,20852,1238.0,8.36
P214002,Evercalm Barrier Support Antioxidant Moisturizer,REN Clean Skincare,Skincare,Moisturizers,52.0,4.2017,27837,1031.0,19.76
P436094,Evercalm Overnight Recovery Balm,REN Clean Skincare,Skincare,Moisturizers,55.0,4.4864,38294,623.0,20.9
P415620,Evercalm Ultra Comforting Rescue Mask,REN Clean Skincare,Skincare,Masks,52.0,4.5168,31464,505.0,19.76
P423666,Perfect Canvas Clean Primer,REN Clean Skincare,Makeup,Face,49.0,4.5058,26547,518.0,20.58
P457512,Overnight Glow Dark Spot Sleeping Cream,REN Clean Skincare,Skincare,Moisturizers,55.0,4.1408,20807,476.0,20.9
P431845,AHA Smart Renewal Body Serum,REN Clean Skincare,Bath & Body,Body Moisturizers,46.0,3.9149,25308,188.0,18.4
P442990,Clean Screen Mineral SPF 30 Mattifying Face Sunscreen,REN Clean Skincare,Skincare,Sunscreen,40.0,3.3558,13299,416.0,15.2
P481732,Radiance Vitamin C Glow Serum,REN Clean Skincare,Skincare,Treatments,69.0,4.682,7564,412.0,26.22
P467971,Brightening Dark Circle Eye Cream,REN Clean Skincare,Skincare,Eye Care,51.0,4.3027,20905,370.0,19.38
P475159,Evercalm Redness Relief Serum,REN Clean Skincare,Skincare,Treatments,60.0,4.3985,5110,271.0,22.8
P454095,Perfect Canvas Clean Jelly Oil Cleanser,REN Clean Skincare,Skincare,Cleansers,37.0,4.0263,6031,266.0,14.06
P484067,Evercalm Barrier Support Face Oil,REN Clean Skincare,Skincare,Moisturizers,60.0,4.8391,8281,261.0,22.8
P436089,Atlantic Kelp and Magnesium Anti-Fatigue Body Wash - 100% Recycled Plastic,REN Clean Skincare,Bath & Body,Bath & Shower,30.0,4.3361,13291,119.0,12.0
P473172,Glow Daily Vitamin C Gel Cream,REN Clean Skincare,Skincare,Moisturizers,54.0,4.5825,6074,194.0,20.52
P474371,Evercalm Gentle Cleansing Milk,REN Clean Skincare,Skincare,Cleansers,38.0,4.3208,2764,159.0,14.44
P504056,"Perfect Canvas Smooth, Prep & Plump Essence",REN Clean Skincare,Skincare,Moisturizers,55.0,4.7677,1944,155.0,20.9
P476726,Evercalm Gentle Cleansing Gel,REN Clean Skincare,Skincare,Cleansers,38.0,4.36,1293,125.0,14.44
P437477,Stop Being So Sensitive Evercalm Kit,REN Clean Skincare,Skincare,Value & Gift Sets,34.0,3.6087,17141,69.0,12.92
P470049,Clearcalm Clarifying Clay Cleanser,REN Clean Skincare,Skincare,Cleansers,38.0,4.6,4303,40.0,14.44
P455227,Glow One Step Further Radiance Kit,REN Clean Skincare,Skincare,Value & Gift Sets,28.0,3.931,10949,29.0,10.64
P502047,Evercalm Skin Zen Trio,REN Clean Skincare,Skincare,Value & Gift Sets,66.0,4.5,1448,2.0,25.08
P503345,Evercalm Skin Zen Trio,REN Clean Skincare,Skincare,Value & Gift Sets,66.0,,0,,25.08
P501801,The Essential Refillable Travel Container,RIES,Hair,Tools,18.0,4.4023,9473,87.0,8.1
P504046,The Essential Refillable Travel Container - Blue,RIES,Tools & Brushes,Beauty Accessories,18.0,4.4023,5692,87.0,9.0
P408972,UnCoverup Natural Finish Concealer,rms beauty,Makeup,Face,38.0,4.0897,72858,847.0,15.96
P408973,Living Luminizer Highlighter,rms beauty,Makeup,Face,40.0,4.2897,71565,818.0,16.8
P500051,ReDimension Hydra Powder Blush,rms beauty,Makeup,Cheek,35.0,4.6681,32649,238.0,14.7
P457458,Hydrating Tinted Daily Lip Balm,rms beauty,Makeup,Lip,24.0,4.6723,31828,296.0,10.08
P479707,Eyelights Cream Eyeshadow,rms beauty,Makeup,Eye,28.0,4.6222,23855,225.0,11.76
P450899,UnCoverup Natural Finish Cream Foundation,rms beauty,Makeup,Face,58.0,3.5339,15026,118.0,24.36
P454033,Mini Living Luminizer Highlighter Glow Quad,rms beauty,Makeup,Face,32.0,4.1593,13399,113.0,13.44
P475606,ReEvolve Radiance Locking Hydrating Primer,rms beauty,Makeup,Face,42.0,4.7103,11744,107.0,17.64
P501548,ReEvolve Medium Coverage Liquid Foundation,rms beauty,Makeup,Face,52.0,4.4802,6805,177.0,21.84
P472053,Straight Up Volumizing Peptide Mascara,rms beauty,Makeup,Eye,28.0,4.2745,4322,306.0,11.76
P472054,Mini Straight Up Volumizing Peptide Mascara,rms beauty,Makeup,Mini Size,15.0,3.125,4214,16.0,6.3
P476005,Cream Blush Refillable Cheek & Lip Color,ROSE INC,Makeup,Cheek,32.0,4.6015,51948,394.0,13.44
P480345,Skin Enhance Luminous Skin Tint Serum Foundation,ROSE INC,Makeup,Face,49.0,4.2818,48066,628.0,20.58
P476011,Softlight Clean Dewy Hydrating Concealer,ROSE INC,Makeup,Face,30.0,4.3727,27242,499.0,12.6
P482730,Satin Lip Color Refillable Hydrating Lipstick,ROSE INC,Makeup,Lip,28.0,4.7082,23331,401.0,11.76
P476008,Lip Sculpt Clean Moisturizing Pigmented Lipstick,ROSE INC,Makeup,Lip,26.0,3.1918,18739,73.0,10.92
P504309,Solar Power Luminous SPF 30 Brightening Serum,ROSE INC,Skincare,Treatments,46.0,4.4604,1484,265.0,17.48
P500294,Solar Infusion Moisturizing Cream Bronzer,ROSE INC,Makeup,Cheek,36.0,4.7111,14832,180.0,15.12
P481145,Hydration Replenish Microencapsulated Plumping Gel Moisturizer,ROSE INC,Skincare,Moisturizers,70.0,4.6561,5567,189.0,26.6
P500696,Eye Revival Brightening Eye Cream,ROSE INC,Skincare,Eye Care,55.0,4.6915,7827,188.0,20.9
P476010,Skin Resolution Clean Exfoliating Acid Toner,ROSE INC,Skincare,Cleansers,32.0,4.6848,8679,184.0,12.16
P504315,Mini Skin Resolution Clarifying Acid Toner,ROSE INC,Skincare,Cleansers,15.0,4.6848,1962,184.0,5.7
P481146,Skin Enhancing Duo: Luminous Skin Tint Serum Foundation & Foundation Brush,ROSE INC,Makeup,Value & Gift Sets,59.0,4.4831,11287,267.0,24.78
P500425,Solar Radiance Hydrating Cream Highlighter,ROSE INC,Makeup,Face,30.0,4.7784,10937,167.0,12.6
P476009,Radiant Reveal Clean Brightening Vitamin C Serum,ROSE INC,Skincare,Treatments,74.0,4.6687,4769,166.0,28.12
P481160,Number 3 Foundation Brush,ROSE INC,Makeup,Brushes & Applicators,32.0,4.5893,7488,224.0,13.44
P481144,Mini Hydration Replenish Microencapsulated Plumping Gel Moisturizer,ROSE INC,Mini Size,Skincare,20.0,4.6561,7439,189.0,9.0
P476014,Number 1 Concealer Brush,ROSE INC,Makeup,Brushes & Applicators,26.0,4.8182,7429,22.0,10.92
P502071,Ultra-Black Lash Lifting & Lengthening Serum Mascara,ROSE INC,Makeup,Eye,28.0,4.3358,6329,274.0,11.76
P476007,Brow Renew Clean Tinted Eyebrow-Growth Gel,ROSE INC,Makeup,Eye,26.0,4.3447,5992,206.0,10.92
P476006,Brow Renew Clean Clear Eyebrow-Growth Gel,ROSE INC,Makeup,Eye,26.0,4.319,5874,116.0,10.92
P502066,Satin & Shimmer Duet Powder & Cream Eyeshadow,ROSE INC,Makeup,Eye,30.0,4.5479,5526,146.0,12.6
P476013,Number 2 Blush Brush,ROSE INC,Makeup,Brushes & Applicators,28.0,4.5211,5403,71.0,11.76
P503331,Mini Ultra-Black Lash Lifting & Lengthening Serum Mascara,ROSE INC,Mini Size,Makeup,15.0,4.0,4269,14.0,6.75
P476012,Cream Blush Refillable Cheek & Lip Color Refill,ROSE INC,Makeup,Cheek,18.0,4.3958,3480,48.0,7.56
P502081,Number 8 Dual-Ended Eyehadow Brush,ROSE INC,Makeup,Brushes & Applicators,28.0,4.8261,2936,23.0,11.76
P482731,Satin Lip Color Hydrating Lipstick Refill,ROSE INC,Makeup,Lip,18.0,3.1818,1879,11.0,7.56
P500325,No. 5 Bronzer Brush,ROSE INC,Makeup,Brushes & Applicators,28.0,4.7647,1846,17.0,11.76
P504594,The Brightening Essentials Skincare Gift Set,ROSE INC,Skincare,Value & Gift Sets,66.0,5.0,4044,4.0,25.08
P504283,Mini Solar Power Luminous SPF 30 Serum,ROSE INC,Skincare,Sunscreen,18.0,3.0,1939,4.0,6.84
P500333,No. 6 Highlighter Brush,ROSE INC,Makeup,Brushes & Applicators,26.0,4.6842,964,19.0,10.92
P500426,Solar Radiance Hydrating Cream Highlighter Refill,ROSE INC,Makeup,Face,18.0,4.0,902,2.0,7.56
P468850,Signature Moisturizer,ROSE Ingleton MD,Skincare,Moisturizers,85.0,4.7,4096,120.0,32.3
P470245,Complexion Brightening Booster Serum,ROSE Ingleton MD,Skincare,Treatments,70.0,4.5,3223,34.0,26.6
P470247,Blemish Control Booster Serum,ROSE Ingleton MD,Skincare,Treatments,70.0,4.8182,2170,33.0,26.6
P470246,Calming Hydration Booster Serum,ROSE Ingleton MD,Skincare,Treatments,70.0,4.7143,2391,21.0,26.6
P470248,Retexturizing Retinol Booster Serum,ROSE Ingleton MD,Skincare,Treatments,70.0,4.5556,1842,18.0,26.6
P480346,SuperFruit Gentle Brightening Cleanser,ROSE Ingleton MD,Skincare,Cleansers,38.0,4.7143,2610,14.0,14.44
P500502,SuperFruit Exfoliating Tonic 8% AHA Solution,ROSE Ingleton MD,Skincare,Cleansers,48.0,4.8571,1826,7.0,18.24
P501778,Mini SuperFruit Gentle Brightening Cleanser,ROSE Ingleton MD,Mini Size,Skincare,14.0,2.3333,980,3.0,6.3
P42204,Rosebud Salve,Rosebud Perfume Co.,Skincare,Lip Balms & Treatments,7.0,4.6463,81724,5199.0,2.66
P42205,Strawberry Lip Balm,Rosebud Perfume Co.,Skincare,Lip Balms & Treatments,8.0,4.559,55765,2440.0,3.04
P266126,Rosebud Salve in a Tube,Rosebud Perfume Co.,Skincare,Lip Balms & Treatments,7.0,4.3797,65272,2399.0,2.66
P164932,Minted Rose Lip Balm,Rosebud Perfume Co.,Skincare,Lip Balms & Treatments,8.0,4.5225,34913,1981.0,3.04
P392239,Menthol And Eucalyptus Lip Balm,Rosebud Perfume Co.,Skincare,Lip Balms & Treatments,7.0,4.0998,20830,401.0,2.66
P397465,Strawberry Lip Balm,Rosebud Perfume Co.,Skincare,Lip Balms & Treatments,8.0,4.1518,13002,112.0,3.04
P409407,Grandioso Volumizing Spray,Rossano Ferretti Parma,Hair,Hair Styling & Treatments,48.0,4.5556,2857,36.0,21.6
P453274,Grandioso Extra Volume Shampoo,Rossano Ferretti Parma,Hair,Shampoo & Conditioner,39.0,4.9545,1842,22.0,17.55
P409419,Brillante Protect & Shine Hair Oil,Rossano Ferretti Parma,Hair,Hair Styling & Treatments,56.0,4.6111,1451,18.0,25.2
P409416,Dolce 16 Protective and Detangling Spray,Rossano Ferretti Parma,Hair,Hair Styling & Treatments,46.0,4.5,1333,14.0,20.7
P409413,Prodigio Regenerating Hair Treatment Oil,Rossano Ferretti Parma,Hair,Hair Styling & Treatments,64.0,4.5455,1282,11.0,28.8
P409412,Intenso Smoothing Mask for Thick Hair,Rossano Ferretti Parma,Hair,Hair Styling & Treatments,64.0,4.0909,1277,22.0,28.8
P409418,Velluto Anti-Frizz Straightening Serum,Rossano Ferretti Parma,Hair,Hair Styling & Treatments,50.0,3.8889,1124,9.0,22.5
P453275,Mini Grandioso Extra Volume Shampoo,Rossano Ferretti Parma,Hair,Shampoo & Conditioner,16.0,3.0,1102,6.0,7.2
P409403,Mini Grandioso Extra Volumizing Hair Set,Rossano Ferretti Parma,Hair,Value & Gift Sets,59.0,3.1,976,10.0,26.55
P409404,Mini Intenso Smoothing Hair Set for Thick Hair,Rossano Ferretti Parma,Hair,Value & Gift Sets,59.0,3.8333,952,6.0,26.55
P453280,Dry Shampoo Cream,Rossano Ferretti Parma,Hair,Hair Styling & Treatments,20.0,4.0,780,5.0,9.0
P428062,Favoloso Volumizing Mousse,Rossano Ferretti Parma,Hair,Hair Styling & Treatments,50.0,4.1111,731,9.0,22.5
P453276,Intenso Smoothing Shampoo for Thick Hair,Rossano Ferretti Parma,Hair,Shampoo & Conditioner,39.0,4.875,713,8.0,17.55
P428061,Vita Rejuvenating Anti-Aging Hair Mask,Rossano Ferretti Parma,Hair,Hair Styling & Treatments,72.0,3.7273,698,11.0,32.4
P428063,Vita Rejuvenating Anti-Aging Shampoo,Rossano Ferretti Parma,Hair,Shampoo & Conditioner,52.0,4.5556,637,9.0,23.4
P453279,Mini Intenso Smoothing Mask for Thick Hair,Rossano Ferretti Parma,Hair,Hair Styling & Treatments,18.0,3.0,557,2.0,8.1
P409417,Favoloso Hair Movement Spray,Rossano Ferretti Parma,Hair,Hair Styling & Treatments,50.0,4.0,493,4.0,22.5
P483122,Prodigio Regenerating Pre-Wash Hair Mask Treatment,Rossano Ferretti Parma,Hair,Hair Styling & Treatments,105.0,,481,,47.25
P483084,Dolce Satin Glow Booster,Rossano Ferretti Parma,Hair,Hair Styling & Treatments,50.0,5.0,476,3.0,22.5
P453277,Mini Grandioso Extra Volumizing Conditioner,Rossano Ferretti Parma,Hair,Shampoo & Conditioner,17.0,1.0,435,1.0,7.65
P502055,Dolce Nourishing Shampoo,Rossano Ferretti Parma,Hair,Shampoo & Conditioner,16.0,5.0,346,3.0,7.2
P409406,Grandioso 02 Volumising Conditioner,Rossano Ferretti Parma,Hair,Shampoo & Conditioner,17.0,4.1429,342,7.0,7.65
P483094,Grandioso Volumising Conditioner,Rossano Ferretti Parma,Hair,Shampoo & Conditioner,46.0,4.0,324,8.0,20.7
P502065,Dolce Nourishing Hair Mask,Rossano Ferretti Parma,Hair,Hair Styling & Treatments,54.0,5.0,297,3.0,24.3
P502059,Mini Dolce Nourishing Hair Mask,Rossano Ferretti Parma,Hair,Hair Styling & Treatments,18.0,5.0,260,1.0,8.1
P502078,Mini Dolce Nourishing Shampoo,Rossano Ferretti Parma,Hair,Shampoo & Conditioner,16.0,,234,,7.2
P469825,Dew Blush Liquid Cheek Blush,Saie,Makeup,Cheek,25.0,4.4085,197469,590.0,10.5
P468210,Slip Tint Dewy Tinted Moisturizer SPF 35 Sunscreen,Saie,Makeup,Face,36.0,3.9033,136098,1045.0,15.12
P468206,Glowy Super Gel Lightweight Dewy Highlighter,Saie,Makeup,Face,28.0,4.4717,120917,761.0,11.76
P472997,Sun Melt Natural Cream Bronzer,Saie,Makeup,Cheek,32.0,4.562,106615,548.0,13.44
P468207,Mini Glowy Super Gel Lightweight Dewy Highlighter,Saie,Makeup,Face,16.0,4.1938,72113,356.0,6.72
P483685,Hydrabeam Brightening + Hydrating Creamy Under Eye Concealer,Saie,Makeup,Eye,26.0,4.2018,54726,654.0,10.92
P473327,The Big Buffing Bronzer Brush,Saie,Makeup,Brushes & Applicators,26.0,4.8867,46438,300.0,10.92
P480188,Airset Radiant Loose Setting Powder,Saie,Makeup,Face,30.0,4.4662,35164,296.0,12.6
P501451,Lip Blur Soft-Matte Hydrating Lipstick with Hyaluronic Acid,Saie,Makeup,Lip,24.0,4.5964,32351,275.0,10.08
P468204,Mascara 101 Lengthening and Lifting,Saie,Makeup,Eye,26.0,4.3762,20868,428.0,10.92
P480189,The Fluffy Setting Powder Brush,Saie,Makeup,Brushes & Applicators,26.0,4.78,19428,200.0,10.92
P468211,Sunvisor Radiant Moisturizing Face Sunscreen SPF 35,Saie,Skincare,Sunscreen,38.0,4.0939,14842,181.0,14.44
P468208,Brow Butter Styling and Volumizing Eyebrow Gel,Saie,Makeup,Eye,20.0,3.5471,10763,276.0,8.4
P478730,Mini Mascara 101 Lengthening and Lifting,Saie,Mini Size,Makeup,16.0,4.3514,8472,74.0,7.2
P503324,Mini Sunvisor Radiant Moisturizing Face Sunscreen SPF 35,Saie,Mini Size,Skincare,16.0,3.3333,7546,6.0,7.2
P504907,Glowy Super Skin Lightweight Hydrobounce  Serum Foundation,Saie,Makeup,Face,40.0,4.7824,4476,193.0,16.8
P504884,The Base Foundation Brush,Saie,Makeup,Brushes & Applicators,26.0,4.8802,691,167.0,10.92
P444222,Luxury Beauty Serum Calming Treatment,Saint Jane Beauty,Skincare,Treatments,125.0,4.3972,21687,355.0,47.5
P501321,Luxury Sun Ritual Pore Smoothing Sunscreen SPF 30,Saint Jane Beauty,Skincare,Sunscreen,38.0,4.8262,10922,282.0,14.44
P461491,Bright Repair Eye Cream – 10% Vitamin C,Saint Jane Beauty,Skincare,Eye Care,65.0,4.2948,7304,173.0,24.7
P467972,The C Drops – 20% Vitamin C Blend Brightening Serum,Saint Jane Beauty,Skincare,Treatments,90.0,4.75,5557,100.0,34.2
P473723,Hydrating Petal Cream – 1% Pure Hyaluronic Acid Moisturizer,Saint Jane Beauty,Skincare,Moisturizers,68.0,4.5395,4072,76.0,25.84
P451503,Luxury Body Nourishing Serum,Saint Jane Beauty,Bath & Body,Body Moisturizers,58.0,4.5082,6797,61.0,23.2
P482068,Sacred Sleep Overnight Repair with Retinol,Saint Jane Beauty,Skincare,Treatments,70.0,4.7544,3758,57.0,26.6
P501185,Luxury Lip Shine – Longwear Hydration Lip Oil with Vitamin C,Saint Jane Beauty,Skincare,Lip Balms & Treatments,28.0,4.6552,4219,29.0,10.64
P504159,Hydrabloom Body Silk With Hyaluronic Acid,Saint Jane Beauty,Bath & Body,Body Moisturizers,48.0,4.9375,1267,16.0,19.2
P477785,Mini Luxury Beauty Serum Calming Treatment,Saint Jane Beauty,Skincare,Mini Size,38.0,,0,,14.44
P281411,Cream Lip Stain Liquid Lipstick,SEPHORA COLLECTION,Makeup,Lip,15.0,4.3201,1029051,11111.0,6.3
P430932,Sephora Colorful Eyeshadow,SEPHORA COLLECTION,Makeup,Eye,10.0,3.7494,437510,1656.0,4.2
P424915,#LIPSTORIES Lipstick,SEPHORA COLLECTION,Makeup,Lip,10.0,4.3942,424829,3653.0,4.2
P230234,Retractable Waterproof Eyeliner,SEPHORA COLLECTION,Makeup,Eye,13.0,4.2359,297148,6756.0,5.46
P377784,12 Hour Contour Pencil Eyeliner,SEPHORA COLLECTION,Makeup,Eye,11.0,4.0558,287102,3693.0,4.62
P409800,Cleansing & Exfoliating Wipes,SEPHORA COLLECTION,Skincare,Cleansers,3.0,4.3383,266116,3837.0,1.14
P284507,Sephora Colorful Waterproof Eyeshadow & Eyeliner Multi-Stick,SEPHORA COLLECTION,Makeup,Eye,14.0,4.2275,246559,3253.0,5.88
P415438,Lip Balm & Scrub,SEPHORA COLLECTION,Makeup,Lip,7.0,3.6994,241554,3885.0,2.94
P401715,Retractable Rouge Gel Lip Liner,SEPHORA COLLECTION,Makeup,Lip,13.0,4.3028,236197,1136.0,5.46
P266811,Ultra Shine Lip Gloss,SEPHORA COLLECTION,Makeup,Lip,12.0,4.4214,211206,3434.0,5.04
P395532,Lip Liner To Go,SEPHORA COLLECTION,Makeup,Lip,6.0,4.0169,190809,827.0,2.52
P286513,Retractable Brow Pencil - Waterproof,SEPHORA COLLECTION,Makeup,Eye,12.0,4.2546,183240,4132.0,5.04
P417985,Outrageous Plumping Lip Gloss,SEPHORA COLLECTION,Makeup,Lip,13.0,4.1272,176592,967.0,5.46
P398009,Bright Future Gel Serum Under Eye Concealer,SEPHORA COLLECTION,Makeup,Face,15.0,4.0272,171417,3377.0,6.3
P403322,Sephora Colorful Lip Gloss Balm,SEPHORA COLLECTION,Makeup,Lip,10.0,4.1907,169868,1143.0,4.2
P379509,10 Hour Wear Perfection Foundation,SEPHORA COLLECTION,Makeup,Face,20.0,4.0199,160531,4028.0,8.4
P433005,"Sephora Colorful Face Powders – Blush, Bronze, Highlight, & Contour",SEPHORA COLLECTION,Makeup,Cheek,14.0,4.1794,136013,602.0,5.88
P467140,Best Skin Ever Liquid Foundation,SEPHORA COLLECTION,Makeup,Face,20.0,4.2702,121760,1136.0,8.4
P457430,Glossed Lip Gloss,SEPHORA COLLECTION,Makeup,Lip,12.0,4.4226,118422,523.0,5.04
P398001,Sephora Colorful Wink-It Felt Tip Liquid Waterproof Eyeliner,SEPHORA COLLECTION,Makeup,Eye,14.0,3.5836,111316,1405.0,5.88
P381155,Perfection Mist Airbrush Foundation,SEPHORA COLLECTION,Makeup,Face,20.0,4.2877,107684,2273.0,8.4
P435832,Color Hit Mini Nail Polish,SEPHORA COLLECTION,Makeup,Nail,5.0,3.4892,104646,462.0,2.1
P408017,Daily Brush Cleaner,SEPHORA COLLECTION,Makeup,Brushes & Applicators,16.0,4.4494,102799,830.0,6.72
P389120,Solid Brush and Sponge Cleaner with Pad,SEPHORA COLLECTION,Makeup,Brushes & Applicators,16.0,4.7919,99333,2182.0,6.72
P313020,PRO Concealer Brush #57,SEPHORA COLLECTION,Makeup,Brushes & Applicators,22.0,4.7776,98631,1043.0,9.24
P408606,Matte Perfection Powder Foundation,SEPHORA COLLECTION,Makeup,Face,20.0,4.1824,94732,1299.0,8.4
P276319,Waterproof Eye Makeup Remover,SEPHORA COLLECTION,Makeup,Accessories,11.0,4.3673,93461,3899.0,4.62
P313012,PRO Foundation Brush #56,SEPHORA COLLECTION,Makeup,Brushes & Applicators,30.0,4.6859,93374,1111.0,12.6
P420019,PRO Foundation Brush #70,SEPHORA COLLECTION,Makeup,Brushes & Applicators,30.0,4.4966,93355,294.0,12.6
P310719,MicroSmooth Baked Powder Foundation,SEPHORA COLLECTION,Makeup,Face,20.0,4.3925,90426,1544.0,8.4
P467139,Astrology Lip Stories Lipstick,SEPHORA COLLECTION,Makeup,Lip,9.0,4.0924,90341,238.0,3.78
P456014,Vegan False Eyelashes,SEPHORA COLLECTION,Makeup,Eye,10.0,4.475,90109,739.0,4.2
P443336,Rouge Lacquer Long-Lasting Lipstick,SEPHORA COLLECTION,Makeup,Lip,15.0,4.121,78759,372.0,6.3
P442594,Ultra Glow Serum: Glow + Strengthen Vitamin C Serum,SEPHORA COLLECTION,Skincare,Treatments,20.0,4.125,113866,1488.0,7.6
P472069,Silicone Scalp Massager,SEPHORA COLLECTION,Hair,Tools,12.0,4.8072,73770,363.0,5.4
P417913,PRO Concealer Brush #71,SEPHORA COLLECTION,Makeup,Brushes & Applicators,22.0,4.7657,73207,303.0,9.24
P432080,Melting Lip Clicks Lip Balm,SEPHORA COLLECTION,Makeup,Lip,14.0,4.5631,70168,586.0,5.88
P420440,Make No Mistake Foundation & Concealer Stick,SEPHORA COLLECTION,Makeup,Face,20.0,3.8994,69114,785.0,8.4
P420016,PRO Powder Brush #50,SEPHORA COLLECTION,Makeup,Brushes & Applicators,34.0,4.8346,68791,405.0,14.28
P439401,Sheer Liquid Eyeshadow,SEPHORA COLLECTION,Makeup,Eye,10.0,3.4476,68632,286.0,4.2
P448496,Matte Perfection Lightweight Tinted Moisturizer,SEPHORA COLLECTION,Makeup,Face,18.0,3.7148,64563,561.0,7.56
P474388,Microsmooth Multi-Tasking Baked Face Powder Foundation,SEPHORA COLLECTION,Makeup,Face,20.0,4.6284,62160,436.0,8.4
P500453,Best Skin Ever Full Coverage Multi-Use Concealer,SEPHORA COLLECTION,Makeup,Face,15.0,4.3443,59835,366.0,6.3
P417916,PRO Blush Brush #99,SEPHORA COLLECTION,Makeup,Brushes & Applicators,30.0,4.7313,59280,227.0,12.6
P443317,Cream Lip Shine Liquid Lipstick,SEPHORA COLLECTION,Makeup,Lip,15.0,3.861,55782,187.0,6.3
P420607,Golden Hour Luminizing Powder,SEPHORA COLLECTION,Makeup,Face,17.0,4.3532,53439,487.0,7.14
P428809,Pack It All Organizer,SEPHORA COLLECTION,Makeup,Accessories,45.0,4.7866,52445,239.0,18.9
P479854,Ultimate Gel Waterproof Eyeliner Pencil,SEPHORA COLLECTION,Makeup,Eye,13.0,4.0843,51096,332.0,5.46
P474100,All Day Makeup Setting Spray,SEPHORA COLLECTION,Makeup,Face,13.0,4.6761,50959,494.0,5.46
P443321,Eyeliner Pencil To Go,SEPHORA COLLECTION,Makeup,Eye,6.0,4.1269,50074,197.0,2.52
P455648,PRO Bronzer Brush #80,SEPHORA COLLECTION,Makeup,Brushes & Applicators,34.0,4.8284,50037,204.0,14.28
P303302,Long Lasting Eyeliner High Precision Brush,SEPHORA COLLECTION,Makeup,Eye,12.0,4.1031,48770,1310.0,5.04
P429978,Lilly Lashes for Sephora Collection,SEPHORA COLLECTION,Makeup,Eye,30.0,3.3284,48360,341.0,12.6
P446621,Organic Cotton Pads,SEPHORA COLLECTION,Makeup,Accessories,4.5,4.4944,47223,267.0,1.89
P455996,Makeup Match Brow Brush,SEPHORA COLLECTION,Makeup,Brushes & Applicators,8.0,4.7742,45622,124.0,3.36
P404041,PRO Foundation Brush #47,SEPHORA COLLECTION,Makeup,Brushes & Applicators,30.0,4.2219,44533,329.0,12.6
P469079,Essential Eye Brush Set,SEPHORA COLLECTION,Makeup,Brushes & Applicators,29.0,4.8523,43470,298.0,12.18
P313034,PRO Eye Liner Brush #22,SEPHORA COLLECTION,Makeup,Brushes & Applicators,16.0,4.1472,42216,299.0,6.72
P455653,PRO Contour Brush #78,SEPHORA COLLECTION,Makeup,Brushes & Applicators,30.0,4.48,40641,25.0,12.6
P502975,Velour Makeup Face Puff,SEPHORA COLLECTION,Makeup,Brushes & Applicators,5.0,4.4423,39336,52.0,2.1
P421234,Make No Mistake Full Coverage Concealer,SEPHORA COLLECTION,Makeup,Face,14.0,3.9533,39005,600.0,5.88
P313009,PRO Foundation Brush #55,SEPHORA COLLECTION,Makeup,Brushes & Applicators,30.0,4.5538,39004,697.0,12.6
P405521,PRO Blush Brush #93,SEPHORA COLLECTION,Makeup,Brushes & Applicators,30.0,4.5043,38816,117.0,12.6
P469055,Complete Brush Set,SEPHORA COLLECTION,Makeup,Brushes & Applicators,49.0,4.7174,38124,138.0,20.58
P465813,House of Lashes x Sephora Collection False Lash,SEPHORA COLLECTION,Makeup,Eye,15.0,3.8916,36976,609.0,6.3
P377785,Long Lasting Kohl Pencil,SEPHORA COLLECTION,Makeup,Eye,10.0,3.5515,35495,544.0,4.2
P460855,Clean Lip Balm & Scrub,SEPHORA COLLECTION,Skincare,Lip Balms & Treatments,7.0,2.282,74119,610.0,2.66
P467142,Translucent Loose Setting Powder,SEPHORA COLLECTION,Makeup,Face,15.0,4.0,34635,107.0,6.3
P473328,Apple Cider Vinegar Cleansing Scalp Scrub,SEPHORA COLLECTION,Hair,Hair Styling & Treatments,12.0,3.7911,34451,292.0,5.4
P455650,PRO Blush Brush #96,SEPHORA COLLECTION,Makeup,Brushes & Applicators,30.0,4.6991,33420,113.0,12.6
P427017,Deep-Cleaning Brush and Sponge Shampoo,SEPHORA COLLECTION,Makeup,Brushes & Applicators,16.0,4.4715,33021,263.0,6.72
P474101,Lip Blush Blotted Matte Lipstick,SEPHORA COLLECTION,Makeup,Lip,12.0,4.1524,31821,105.0,5.04
P472065,Makeup Tape,SEPHORA COLLECTION,Makeup,Brushes & Applicators,8.0,3.675,30968,40.0,3.36
P467144,Mini Pocket Palette Eyeshadow Palette,SEPHORA COLLECTION,Makeup,Eye,10.0,3.8681,30850,91.0,4.2
P438619,Brightening Eye Cream with Caffeine and Hyaluronic Acid,SEPHORA COLLECTION,Skincare,Eye Care,18.0,4.375,126673,528.0,6.84
P461515,Clean Glossy Lip Oil,SEPHORA COLLECTION,Makeup,Lip,12.0,4.2331,30674,236.0,5.04
P473329,Strengthening Hair Serum with Biotin and Phytoprotiens,SEPHORA COLLECTION,Hair,Hair Styling & Treatments,18.0,4.3333,30477,54.0,8.1
P479855,Outrageous Plump Intense Hydrating Lip Gloss,SEPHORA COLLECTION,Makeup,Lip,13.0,4.2647,30453,102.0,5.46
P427367,Spice Market Contour Powder & Blush Palette,SEPHORA COLLECTION,Makeup,Cheek,20.0,4.555,30396,200.0,8.4
P439601,Soft Matte Perfection Blush Duos,SEPHORA COLLECTION,Makeup,Cheek,16.0,4.2727,30047,132.0,6.72
P460723,Clean Cleansing & Gentle Exfoliating Wipes,SEPHORA COLLECTION,Skincare,Cleansers,6.0,2.5641,26264,523.0,2.28
P501339,Ready to Roll Brush Set,SEPHORA COLLECTION,Makeup,Brushes & Applicators,72.0,2.8235,29439,17.0,30.24
P474372,Microsmooth Multi-Tasking Baked Face Palette,SEPHORA COLLECTION,Makeup,Cheek,20.0,4.645,28854,307.0,8.4
P406569,Dry Shampoo Brush Cleaner,SEPHORA COLLECTION,Makeup,Brushes & Applicators,16.0,4.4772,28520,329.0,6.72
P457433,Soft Matte Bronzer Powder,SEPHORA COLLECTION,Makeup,Cheek,18.0,4.3621,28275,243.0,7.56
P429283,Brush-tip Lash Adhesive,SEPHORA COLLECTION,Makeup,Eye,9.0,3.7361,28267,288.0,3.78
P409080,PRO Lip Brush #85,SEPHORA COLLECTION,Makeup,Brushes & Applicators,16.0,4.4688,28035,64.0,6.72
P471089,Moisturizing Body Lotion,SEPHORA COLLECTION,Bath & Body,Body Moisturizers,6.0,3.6887,26762,106.0,2.4
P408602,Lashcraft Lengthening & Volumizing Mascara,SEPHORA COLLECTION,Makeup,Eye,12.0,3.6565,26634,1403.0,5.04
P403632,PRO Brow Brush #20,SEPHORA COLLECTION,Makeup,Brushes & Applicators,18.0,4.3089,26574,259.0,7.56
P479856,Charged Up Liquid Eyeshadow,SEPHORA COLLECTION,Makeup,Eye,12.0,4.1176,26429,51.0,5.04
P455661,PRO Crease Brush #19,SEPHORA COLLECTION,Makeup,Brushes & Applicators,20.0,4.7232,26391,112.0,8.4
P460716,Lip Last Matte Lipstick,SEPHORA COLLECTION,Makeup,Lip,15.0,3.5059,26325,85.0,6.3
P460719,Intense Felt-Tip Liquid Waterproof Eyeliner,SEPHORA COLLECTION,Makeup,Eye,12.0,3.2886,26275,246.0,5.04
P500744,Clean Lip Balm & Scrub,SEPHORA COLLECTION,Skincare,Lip Balms & Treatments,7.0,4.5128,24932,470.0,2.66
P438620,Nourishing Moisturizer with Prebiotics,SEPHORA COLLECTION,Skincare,Moisturizers,18.0,4.5182,59250,467.0,6.84
P480190,Clean Vegan Hydrating Satin Lipstick,SEPHORA COLLECTION,Makeup,Lip,12.0,4.102,25416,49.0,5.04
P457431,#LIPSTORIES Natural Wonders Lipstick,SEPHORA COLLECTION,Makeup,Lip,10.0,3.8133,25186,75.0,4.2
P379324,Beauty Amplifier Clear Universal Waterproof Lip Liner,SEPHORA COLLECTION,Makeup,Lip,10.0,3.7312,25141,372.0,4.2
P471081,Flushed Cream Blush,SEPHORA COLLECTION,Makeup,Cheek,10.0,3.5,24940,110.0,4.2
P442589,Instant Masks,SEPHORA COLLECTION,Skincare,Masks,8.0,3.5165,50038,455.0,3.04
P442535,Glow Peel Pads,SEPHORA COLLECTION,Skincare,Treatments,15.0,3.9956,45067,452.0,5.7
P460843,Makeup Match Foundation Brush,SEPHORA COLLECTION,Makeup,Brushes & Applicators,16.0,4.4586,24451,181.0,6.72
P503921,Color Shifter Mini Eyeshadow Palette,SEPHORA COLLECTION,Makeup,Eye,10.0,3.9286,24094,28.0,4.2
P471088,Bubble Bath & Shower Gel,SEPHORA COLLECTION,Bath & Body,Bath & Shower,6.0,4.06,23732,100.0,2.4
P472055,3-in-1 Pencil Sharpener,SEPHORA COLLECTION,Tools & Brushes,Beauty Tools,6.0,4.4634,23683,41.0,3.0
P455652,PRO Contour Brush #79,SEPHORA COLLECTION,Makeup,Brushes & Applicators,30.0,4.4333,23604,90.0,12.6
P471080,Eye Love Bloom Eyeshadow Palette,SEPHORA COLLECTION,Makeup,Eye,14.0,3.2029,23389,69.0,5.88
P438617,All Day Hyaluronic Acid Hydrator Moisturizer,SEPHORA COLLECTION,Skincare,Moisturizers,18.0,4.5647,54075,425.0,6.84
P438618,Clean Skin Gel Cleanser with Prebiotics,SEPHORA COLLECTION,Skincare,Cleansers,12.0,4.6286,43752,420.0,4.56
P457429,Clear and Cover Acne Treatment Cream Concealer with 2% Salicylic Acid,SEPHORA COLLECTION,Makeup,Face,14.0,3.9733,22755,75.0,5.88
P466443,Size Up Volumizing Mascara,SEPHORA COLLECTION,Makeup,Eye,12.0,3.6923,21694,416.0,5.04
P474085,Season to Sparkle 8 Piece Makeup Brush Set,SEPHORA COLLECTION,Makeup,Brushes & Applicators,45.0,4.3333,21675,21.0,18.9
P443328,Hot Line Brush Tip Waterproof Liquid Eyeliner,SEPHORA COLLECTION,Makeup,Eye,14.0,4.1208,21410,811.0,5.88
P420612,LashCraft Big Volume Volumizing Mascara,SEPHORA COLLECTION,Makeup,Eye,14.0,3.8353,21167,996.0,5.88
P479511,Weightless False Eyelashes,SEPHORA COLLECTION,Makeup,Eye,16.0,4.6518,21112,359.0,6.72
P460703,Organic Cotton Swabs,SEPHORA COLLECTION,Makeup,Accessories,3.0,4.4624,21081,93.0,1.26
P467141,Vegan Hydrating Lip Balm,SEPHORA COLLECTION,Makeup,Lip,5.0,3.8678,21069,242.0,2.1
P460701,Clean Face Mask,SEPHORA COLLECTION,Skincare,Masks,5.5,4.1455,80684,385.0,2.09
P461523,Clean Hair Sleeping Mask,SEPHORA COLLECTION,Hair,Hair Styling & Treatments,5.0,3.7544,20849,57.0,2.25
P454320,Brow Shaper Pencil - Waterproof,SEPHORA COLLECTION,Makeup,Eye,12.0,3.2125,20268,160.0,5.04
P432077,Beauty Amplifier Pore Primer,SEPHORA COLLECTION,Makeup,Face,14.0,3.6716,20125,67.0,5.88
P460856,Clean Eye Mask,SEPHORA COLLECTION,Skincare,Masks,3.5,4.1698,94157,371.0,1.33
P469081,Essential Mini Brush Set,SEPHORA COLLECTION,Mini Size,Makeup,20.0,4.0667,19942,15.0,9.0
P454322,Clear Long-Lasting Brow Gel,SEPHORA COLLECTION,Makeup,Eye,12.0,4.0909,19637,319.0,5.04
P471079,Sephora Colorful Gloss Balm Super Fruits,SEPHORA COLLECTION,Makeup,Lip,10.0,4.1667,19347,36.0,4.2
P444610,Charcoal Brush Set,SEPHORA COLLECTION,Makeup,Brushes & Applicators,55.0,4.1875,19134,16.0,23.1
P482301,Total Coverage Angled Sponge,SEPHORA COLLECTION,Tools & Brushes,Brushes & Applicators,12.0,4.8994,19045,159.0,6.0
P469152,Reusable Makeup Sponge Case,SEPHORA COLLECTION,Makeup,Brushes & Applicators,8.0,4.6,18828,25.0,3.36
P483138,Targeted Pores Serum with BHA + PHA,SEPHORA COLLECTION,Skincare,Treatments,20.0,4.6844,12422,339.0,7.6
P482303,Total Coverage Blending Sponge Set,SEPHORA COLLECTION,Tools & Brushes,Brushes & Applicators,10.0,4.5568,18195,88.0,5.0
P484071,Insta-Brow Waxy Brow Pencil,SEPHORA COLLECTION,Makeup,Eye,12.0,4.232,17960,625.0,5.04
P467647,Melting Cleansing Balm Cleanse + Balance,SEPHORA COLLECTION,Skincare,Cleansers,12.0,3.6314,21017,331.0,4.56
P483137,Targeted Dark Spots Serum with Enzymes,SEPHORA COLLECTION,Skincare,Treatments,20.0,4.6447,12192,318.0,7.6
P478524,Mini PRO Foundation Brush #56.5,SEPHORA COLLECTION,Mini Size,Makeup,20.0,4.1333,17709,15.0,9.0
P472060,Eyebrow Tool Set,SEPHORA COLLECTION,Makeup,Accessories,20.0,4.4545,17695,11.0,8.4
P467652,Lip Sleeping Mask,SEPHORA COLLECTION,Skincare,Lip Balms & Treatments,5.0,3.5475,45533,316.0,1.9
P454325,Trio Face Palette,SEPHORA COLLECTION,Makeup,Makeup Palettes,15.0,4.3088,17331,68.0,6.3
P471278,Lilly Lashes x Sephora Collection Faux 3D Lashes,SEPHORA COLLECTION,Makeup,Eye,28.0,4.7803,17324,487.0,11.76
P455646,PRO Powder Brush #59,SEPHORA COLLECTION,Makeup,Brushes & Applicators,34.0,4.6943,17226,265.0,14.28
P474102,Smooth + Blur Primer,SEPHORA COLLECTION,Makeup,Face,16.0,4.6702,17112,373.0,6.72
P445724,Triple Action Cleansing Water - Cleanse + Purify,SEPHORA COLLECTION,Makeup,Accessories,12.0,4.131,17037,145.0,5.04
P420012,Retractable Face Brush,SEPHORA COLLECTION,Makeup,Brushes & Applicators,24.0,4.2308,16821,65.0,10.08
P455639,PRO Foundation Brush #64,SEPHORA COLLECTION,Makeup,Brushes & Applicators,30.0,4.0741,16678,27.0,12.6
P501341,Wishing You Outrageous Plump Intense Set,SEPHORA COLLECTION,Makeup,Value & Gift Sets,13.0,4.1818,16480,11.0,5.46
P467138,Beauty on the Fly Reusable Bag,SEPHORA COLLECTION,Tools & Brushes,Beauty Accessories,4.95,4.7,16473,60.0,2.48
P455999,Makeup Match Smudge Eyeshadow Brush,SEPHORA COLLECTION,Makeup,Brushes & Applicators,8.0,4.2222,16163,18.0,3.36
P439036,One Two Lash Magnetic Lashes,SEPHORA COLLECTION,Makeup,Eye,69.0,3.1055,16141,218.0,28.98
P469077,Dual Ended Lip Exfoliator and Applicator Tool,SEPHORA COLLECTION,Makeup,Lip,10.0,3.6,15781,25.0,4.2
P437092,Mini Gloss: Dual Boar Bristle Brush,SEPHORA COLLECTION,Hair,Tools,15.0,4.0462,15744,65.0,6.75
P455662,PRO Crease Brush #26,SEPHORA COLLECTION,Makeup,Brushes & Applicators,20.0,4.75,15728,16.0,8.4
P503929,Sheer Matte Lip Balm,SEPHORA COLLECTION,Makeup,Lip,10.0,3.7,15242,50.0,4.2
P451198,Mini Daily Brush Cleaner,SEPHORA COLLECTION,Makeup,Brushes & Applicators,10.0,4.0645,15208,31.0,4.2
P455660,PRO Shadow Brush #18,SEPHORA COLLECTION,Makeup,Brushes & Applicators,20.0,4.6429,15162,14.0,8.4
P455643,PRO Concealer Brush #45,SEPHORA COLLECTION,Makeup,Brushes & Applicators,22.0,4.7886,14915,175.0,9.24
P501346,Wishing You Cream Lip Stain Set,SEPHORA COLLECTION,Makeup,Lip,30.0,4.5263,14749,19.0,12.6
P455664,PRO Crease Brush #24,SEPHORA COLLECTION,Makeup,Brushes & Applicators,20.0,4.3636,14656,11.0,8.4
P444023,Makeup Match Crease Eyeshadow Brush,SEPHORA COLLECTION,Makeup,Brushes & Applicators,8.0,4.5952,14636,42.0,3.36
P479649,Big By Definition Defining & Volumizing Mascara,SEPHORA COLLECTION,Makeup,Eye,12.0,3.9957,14635,1383.0,5.04
P501496,Satin Hydrating Lipstick,SEPHORA COLLECTION,Makeup,Lip,15.0,4.7668,14584,193.0,6.3
P473725,Resurfacing Peel Mask,SEPHORA COLLECTION,Skincare,Treatments,18.0,4.8299,20307,241.0,6.84
P472057,Vegan Makeup Remover and Cleansing Brush,SEPHORA COLLECTION,Skincare,High Tech Tools,14.0,4.3651,19958,241.0,5.32
P465809,Dry Body Brush,SEPHORA COLLECTION,Tools & Brushes,Brushes & Applicators,16.0,3.7209,14129,43.0,8.0
P457442,Face Serum,SEPHORA COLLECTION,Skincare,Treatments,9.0,3.3235,41657,238.0,3.42
P504429,Hydrating Serum,SEPHORA COLLECTION,Skincare,Treatments,20.0,4.8445,3242,238.0,7.6
P501571,Trio Contour Face Palette,SEPHORA COLLECTION,Makeup,Cheek,15.0,3.381,13776,21.0,6.3
P458724,Metal Facial Razor,SEPHORA COLLECTION,Skincare,High Tech Tools,18.0,4.4726,38239,237.0,6.84
P504421,Overnight Hydrating Mask,SEPHORA COLLECTION,Skincare,Masks,16.0,4.8268,5527,231.0,6.08
P455654,PRO Highlight Brush #98,SEPHORA COLLECTION,Makeup,Brushes & Applicators,30.0,4.375,13467,8.0,12.6
P474087,Mini Holiday Vibes Makeup Brush Set,SEPHORA COLLECTION,Makeup,Brushes & Applicators,15.0,3.6667,13418,6.0,6.3
P469035,Total Coverage Blending Sponge Set,SEPHORA COLLECTION,Makeup,Brushes & Applicators,10.0,3.4167,13346,12.0,4.2
P501365,Wishing You Blockbuster Multi-Use Makeup Palette,SEPHORA COLLECTION,Makeup,Eye,36.0,3.9,13299,10.0,15.12
P472062,False Eyelash Applicator,SEPHORA COLLECTION,Tools & Brushes,Brushes & Applicators,12.0,4.375,13177,8.0,6.0
P479711,Hand Balm with Shea Butter,SEPHORA COLLECTION,Bath & Body,Body Moisturizers,6.0,4.1228,13119,57.0,2.4
P432079,Golden Hour Liquid Highlighter,SEPHORA COLLECTION,Makeup,Face,14.0,4.0139,13118,72.0,5.88
P483136,Targeted Anti-Aging Bakuchiol Serum,SEPHORA COLLECTION,Skincare,Treatments,20.0,4.6,10653,205.0,7.6
P455657,PRO Shadow Brush #15,SEPHORA COLLECTION,Makeup,Brushes & Applicators,20.0,4.4878,12571,82.0,8.4
P455219,All Day Body Hydrator,SEPHORA COLLECTION,Bath & Body,Body Moisturizers,17.0,4.0141,12544,213.0,6.8
P473729,Vitamin Mask,SEPHORA COLLECTION,Skincare,Masks,10.0,4.4826,27165,201.0,3.8
P479857,Golden Hour Highlighter Duo,SEPHORA COLLECTION,Makeup,Face,18.0,4.12,12302,25.0,7.56
P461514,Clean Liquid Lip Mousse,SEPHORA COLLECTION,Makeup,Lip,15.0,4.3776,12272,143.0,6.3
P479459,Makeup Match Blush Brush,SEPHORA COLLECTION,Tools & Brushes,Brushes & Applicators,12.0,4.7097,12195,93.0,6.0
P457432,Weekend Warrior Tone Up Cream,SEPHORA COLLECTION,Makeup,Face,16.0,3.602,12053,98.0,6.72
P461522,Clean Charcoal Nose Strip,SEPHORA COLLECTION,Skincare,Masks,3.0,3.0273,25388,183.0,1.14
P502459,Wishing You 8 Pan Eyeshadow Palette,SEPHORA COLLECTION,Makeup,Eye,8.0,4.4,11512,15.0,3.36
P444020,Makeup Match Powder Brush,SEPHORA COLLECTION,Makeup,Brushes & Applicators,18.0,4.2,11398,40.0,7.56
P455655,PRO Highlight Brush #87,SEPHORA COLLECTION,Makeup,Brushes & Applicators,30.0,4.5,11391,10.0,12.6
P471090,Hand Wash,SEPHORA COLLECTION,Bath & Body,Body Care,5.0,3.5833,11168,36.0,2.0
P502401,Mini Wishing You Blockbuster Palette,SEPHORA COLLECTION,Mini Size,Makeup,20.0,3.2,10866,10.0,9.0
P443322,Fine Line Waterproof Felt Tip Liquid Eyeliner,SEPHORA COLLECTION,Makeup,Eye,14.0,3.5812,10836,117.0,5.88
P473726,Smoothing Cleanser,SEPHORA COLLECTION,Skincare,Cleansers,12.0,4.638,10098,163.0,4.56
P465804,Mini Blue Aventurine De-Puffing Facial Roller,SEPHORA COLLECTION,Mini Size,Skincare,12.0,4.24,10386,25.0,5.4
P471084,Clean Solid Deodorants,SEPHORA COLLECTION,Bath & Body,Body Care,8.0,3.5474,10348,190.0,3.2
P461520,Clean Foot Mask,SEPHORA COLLECTION,Skincare,Masks,5.0,4.2692,34386,156.0,1.9
P502419,PRO Powder Brush #50 + #50.5 Brush Duo Set,SEPHORA COLLECTION,Makeup,Brushes & Applicators,36.0,4.5,10238,2.0,15.12
P500626,Melting Cleansing Balm Cleanse + Balance,SEPHORA COLLECTION,Skincare,Cleansers,12.0,4.0131,15903,153.0,4.56
P455656,PRO Shadow Brush #10,SEPHORA COLLECTION,Makeup,Brushes & Applicators,20.0,4.5,10179,10.0,8.4
P465803,Blue Aventurine De-Puffing Facial Roller,SEPHORA COLLECTION,Skincare,Wellness,20.0,4.8993,11904,149.0,7.6
P464804,Hand Sanitizer,SEPHORA COLLECTION,Bath & Body,Body Care,3.5,4.1515,9852,33.0,1.4
P458732,Break Apart Brush Set,SEPHORA COLLECTION,Makeup,Brushes & Applicators,40.0,2.9231,9838,13.0,16.8
P477748,False Eyelash Fuser,SEPHORA COLLECTION,Makeup,Accessories,12.0,4.5109,9706,92.0,5.04
P454321,Volumizing Fiber Brow Gel,SEPHORA COLLECTION,Makeup,Eye,12.0,3.3804,9640,92.0,5.04
P473331,Sephora Collection x Wet Brush Luxe Quick Dry,SEPHORA COLLECTION,Hair,Tools,19.0,4.7279,9477,147.0,8.55
P439672,Rose Quartz Facial Roller,SEPHORA COLLECTION,Skincare,Wellness,22.0,3.7111,29366,135.0,8.36
P441524,Hold It Together: No-Slip Bobby Pins,SEPHORA COLLECTION,Hair,Tools,5.0,4.4074,9356,27.0,2.25
P477742,Eyelash Curler,SEPHORA COLLECTION,Tools & Brushes,Beauty Tools,15.0,4.4256,9293,195.0,7.5
P504431,Body Oil Shower Body Oil,SEPHORA COLLECTION,Bath & Body,Body Moisturizers,9.0,3.6071,9192,28.0,3.6
P432076,LashCraft Eyelash Primer,SEPHORA COLLECTION,Makeup,Eye,12.0,3.7059,9169,136.0,5.04
P502487,Winter Wonderland Eye Brush Set,SEPHORA COLLECTION,Makeup,Brushes & Applicators,25.0,3.6,9132,5.0,10.5
P500791,Mini Happy Hollydays Eye Brush Set,SEPHORA COLLECTION,Mini Size,Makeup,15.0,5.0,9102,2.0,6.75
P502986,Jade Facial Roller,SEPHORA COLLECTION,Skincare,Wellness,22.0,4.8915,1060,129.0,8.36
P455659,PRO Shadow Brush #14,SEPHORA COLLECTION,Makeup,Brushes & Applicators,20.0,4.3553,8933,76.0,8.4
P455212,1 Minute Face Masks,SEPHORA COLLECTION,Skincare,Masks,12.0,3.5124,23473,121.0,4.56
P460554,Clarifying Peel Pads,SEPHORA COLLECTION,Skincare,Treatments,17.0,4.6068,11705,117.0,6.46
P470542,B.Y.O.B. Build Your Own Brow Customizable Set,SEPHORA COLLECTION,Makeup,Eye,16.0,4.587,8638,138.0,6.72
P469196,Supplement Case,SEPHORA COLLECTION,Skincare,Wellness,10.0,3.7411,32124,112.0,3.8
P482302,Total Coverage Original Sponge,SEPHORA COLLECTION,Tools & Brushes,Brushes & Applicators,12.0,4.7529,8542,170.0,6.0
P502967,Feeling Groovy Mini Eye Brush Set,SEPHORA COLLECTION,Makeup,Value & Gift Sets,15.0,4.5556,8529,9.0,6.3
P472066,Manicure Nail Tool Kit,SEPHORA COLLECTION,Tools & Brushes,Beauty Tools,24.0,2.2857,8461,14.0,12.0
P428275,Tame: Infrared Flat Iron,SEPHORA COLLECTION,Hair,Tools,85.0,3.1094,8361,128.0,38.25
P500897,Repairing Hair Mask,SEPHORA COLLECTION,Hair,Hair Styling & Treatments,12.0,4.6509,8354,106.0,5.4
P502417,Wishing You 12 Pan Eyeshadow Palette,SEPHORA COLLECTION,Makeup,Eye,15.0,4.5,8330,20.0,6.3
P479497,Makeup Match Powder Brush,SEPHORA COLLECTION,Makeup,Brushes & Applicators,18.0,4.7927,8304,82.0,7.56
P432078,LashCraft Have It All Mascara,SEPHORA COLLECTION,Makeup,Eye,12.0,2.2622,8251,164.0,5.04
P458283,Total Coverage Original Sponge,SEPHORA COLLECTION,Makeup,Brushes & Applicators,14.0,4.2432,8214,37.0,5.88
P455663,PRO Crease Brush #27,SEPHORA COLLECTION,Makeup,Brushes & Applicators,20.0,4.7143,8198,7.0,8.4
P483146,Ultra Glow Toner with Vitamins C + E,SEPHORA COLLECTION,Skincare,Moisturizers,14.0,4.5865,13488,104.0,5.32
P445725,Mini Triple Action Cleansing Water - Cleanse + Purify,SEPHORA COLLECTION,Mini Size,,7.0,3.9545,8025,22.0,3.15
P469086,Facial Cleansing Tool,SEPHORA COLLECTION,Skincare,High Tech Tools,8.0,4.73,21304,100.0,3.04
P502512,Mini Wishing You Glossed Lip Gloss Set,SEPHORA COLLECTION,Mini Size,Makeup,15.0,3.25,7751,4.0,6.75
P503900,Destinations Eye Palette,SEPHORA COLLECTION,Makeup,Eye,15.0,3.9231,7730,13.0,6.3
P479453,4-IN-1 Interchangeable Brush Set,SEPHORA COLLECTION,Tools & Brushes,Brushes & Applicators,20.0,4.0,7606,9.0,10.0
P502954,Feeling Groovy Sponge Set,SEPHORA COLLECTION,Makeup,Value & Gift Sets,12.0,4.125,7555,8.0,5.04
P432421,SUPERMASK - The Charcoal Mask,SEPHORA COLLECTION,Skincare,Masks,5.5,3.7614,16867,88.0,2.09
P500890,Hydrating Leave In Conditioner,SEPHORA COLLECTION,Hair,Hair Styling & Treatments,12.0,4.4512,7293,82.0,5.4
P444013,Crystal Facial Roller Set,SEPHORA COLLECTION,Skincare,Wellness,35.0,4.1176,31468,85.0,13.3
P465808,4 Piece Facial Razor Set,SEPHORA COLLECTION,Skincare,High Tech Tools,12.0,3.44,34580,75.0,4.56
P479460,Makeup Match Body Makeup Brush,SEPHORA COLLECTION,Makeup,Brushes & Applicators,18.0,5.0,6653,6.0,7.56
P460724,Mini Clean Cleansing & Gentle Exfoliating Wipes,SEPHORA COLLECTION,Mini Size,Skincare,3.0,3.1961,6569,51.0,1.35
P455658,PRO Shadow Brush #13,SEPHORA COLLECTION,Makeup,Brushes & Applicators,20.0,4.3333,6487,6.0,8.4
P471082,Golden Hour All Over Illuminator,SEPHORA COLLECTION,Makeup,Face,15.0,2.6087,6443,23.0,6.3
P503570,Hanging Makeup Organizer Bag,SEPHORA COLLECTION,Makeup,Accessories,35.0,5.0,6401,10.0,14.7
P482734,Protective Hair Oil with Moringa Oil,SEPHORA COLLECTION,Hair,Hair Styling & Treatments,15.0,4.2,6322,10.0,6.75
P461521,Clean Hand Mask,SEPHORA COLLECTION,Skincare,Masks,5.0,3.6818,16227,66.0,1.9
P455217,Gradual Self-Tanning Face Gel,SEPHORA COLLECTION,Skincare,Sunscreen,17.0,3.8308,9757,65.0,6.46
P456957,Clarifying Serum,SEPHORA COLLECTION,Skincare,Treatments,20.0,4.2222,10594,63.0,7.6
P473728,Reusable Cotton Pads,SEPHORA COLLECTION,Skincare,Cleansers,10.0,3.8246,20055,57.0,3.8
P467651,Pores Target Serum,SEPHORA COLLECTION,Skincare,Treatments,20.0,4.1818,15027,55.0,7.6
P484068,Boost + Lock Eyeshadow Primer,SEPHORA COLLECTION,Makeup,Eye,12.0,4.1327,5679,113.0,5.04
P500907,SC X Wetbrush Mini Detangler Hair Brush,SEPHORA COLLECTION,Tools & Brushes,Hair Tools,7.0,4.4545,5517,11.0,3.5
P500787,All Day Body Hydrator with Shea Butter,SEPHORA COLLECTION,Bath & Body,Body Moisturizers,18.0,4.2333,5438,30.0,7.2
P473724,Vitamin Tonic,SEPHORA COLLECTION,Skincare,Cleansers,6.0,4.6875,12475,48.0,2.28
P445726,Firming Night Cream with Peptides,SEPHORA COLLECTION,Skincare,Moisturizers,18.0,4.0217,34044,46.0,6.84
P502504,Holiday Surprise Makeup Gift Set,SEPHORA COLLECTION,Makeup,Face,10.0,5.0,5250,2.0,4.2
P502473,#Lipstories Set,SEPHORA COLLECTION,Makeup,Lip,18.0,3.25,5235,4.0,7.56
P455215,Illuminating Hydrator - Radiance + Smoothing,SEPHORA COLLECTION,Skincare,Moisturizers,17.0,3.3261,6763,46.0,6.46
P480986,Firming Eye Cream with Peptides,SEPHORA COLLECTION,Skincare,Eye Care,18.0,4.1364,15171,44.0,6.84
P482312,Facial Razor Set,SEPHORA COLLECTION,Skincare,High Tech Tools,12.0,4.4146,31987,41.0,4.56
P458733,Mini Rose Quartz Facial Roller,SEPHORA COLLECTION,Skincare,Wellness,12.0,3.7,17556,40.0,4.56
P477714,Black Obsidian Face and Body Gua Sha,SEPHORA COLLECTION,Skincare,High Tech Tools,14.0,4.0,15323,40.0,5.32
P479688,AHA Peeling Masks,SEPHORA COLLECTION,Skincare,Masks,10.0,3.6923,10299,39.0,3.8
P480347,2-in-1 Brush-on Lash Adhesive,SEPHORA COLLECTION,Makeup,Eye,8.0,2.8182,4791,11.0,3.36
P465807,Eyebrow Razor Set,SEPHORA COLLECTION,Makeup,Eye,10.0,2.1739,4770,23.0,4.2
P469085,Face Mask Applicator,SEPHORA COLLECTION,Skincare,Masks,10.0,4.3684,32212,38.0,3.8
P502333,Mini Color Hit Nail Polish Set,SEPHORA COLLECTION,Mini Size,Makeup,15.0,3.1667,4679,6.0,6.75
P455220,Glow Body Cream,SEPHORA COLLECTION,Bath & Body,Body Moisturizers,17.0,3.7308,4623,26.0,6.8
P461195,Clean Hemp Mask,SEPHORA COLLECTION,Skincare,Masks,5.5,3.8889,11589,36.0,2.09
P471085,Targeted Dark Spots Serum,SEPHORA COLLECTION,Skincare,Treatments,20.0,3.6111,6752,36.0,7.6
P503574,3-Piece Travel Pouch Set,SEPHORA COLLECTION,Makeup,Accessories,12.0,5.0,4486,2.0,5.04
P446820,Grapefruit Peeling Mask - Skin Perfection,SEPHORA COLLECTION,Skincare,Masks,8.0,3.4444,0,36.0,3.04
P483151,Vitamin Eye Masks,SEPHORA COLLECTION,Skincare,Eye Care,3.5,3.9118,26055,34.0,1.33
P456548,Air Dry Styling Cream,SEPHORA COLLECTION,Hair,Hair Styling & Treatments,12.0,4.2632,4355,57.0,5.4
P457441,The Clarifying Kit,SEPHORA COLLECTION,Skincare,Value & Gift Sets,20.0,4.6667,9475,33.0,7.6
P455993,Total Coverage Angled Sponge,SEPHORA COLLECTION,Makeup,Brushes & Applicators,14.0,2.5161,4252,31.0,5.88
P503907,Colorful Gloss Balm Feeling Groovy,SEPHORA COLLECTION,Makeup,Lip,10.0,4.8,4250,10.0,4.2
P502509,Cozy Vibes Mini Candle Set,SEPHORA COLLECTION,Mini Size,Fragrance,18.0,1.0,4175,4.0,8.1
P467650,Self-Tanning Body Mousse,SEPHORA COLLECTION,Skincare,Self Tanners,18.0,3.4839,3544,31.0,6.84
P477798,Nail Prep Set,SEPHORA COLLECTION,Makeup,Nail,20.0,4.3333,4153,6.0,8.4
P502515,Fringe False Eyelash & Glue Set,SEPHORA COLLECTION,Makeup,Eye,12.0,5.0,4151,3.0,5.04
P473330,Sephora Collection x Wet Brush Luxe Detangler,SEPHORA COLLECTION,Hair,Tools,19.0,4.529,4083,138.0,8.55
P483092,Glow Peel Pads with AHA + PHA,SEPHORA COLLECTION,Skincare,Treatments,17.0,4.5862,14845,29.0,6.46
P457439,Clarifying Lotion,SEPHORA COLLECTION,Skincare,Treatments,16.0,3.6207,5748,29.0,6.08
P448880,Rose Gold Romance Brow & Lash Set,SEPHORA COLLECTION,Makeup,Eye,38.0,3.2,4035,5.0,15.96
P500910,SC x Wetbrush Detangling Shower Hair Comb,SEPHORA COLLECTION,Tools & Brushes,Hair Tools,9.0,3.8333,4034,6.0,4.5
P471086,Targeted Wrinkle Serum,SEPHORA COLLECTION,Skincare,Treatments,20.0,4.3571,5783,28.0,7.6
P502481,Lip Gloss Ornament,SEPHORA COLLECTION,Makeup,Value & Gift Sets,5.0,5.0,3899,2.0,2.1
P461200,Clean Watermelon After Sun Mask,SEPHORA COLLECTION,Skincare,Masks,5.0,4.6667,9000,27.0,1.9
P502386,Wishing You Eye Makeup Set,SEPHORA COLLECTION,Makeup,Eye,22.0,4.0,3813,5.0,9.24
P503580,Everyday Cosmetic Bag,SEPHORA COLLECTION,Makeup,Accessories,25.0,5.0,3796,5.0,10.5
P446822,Hemp Mousse Mask - Anti-Blemish,SEPHORA COLLECTION,Skincare,Masks,8.0,3.5769,0,26.0,3.04
P500909,SC X Wetbrush Treatment Hair Brush,SEPHORA COLLECTION,Tools & Brushes,Hair Tools,19.0,4.3333,3714,3.0,9.5
P437089,BOUNCE: Round Thermal Brush,SEPHORA COLLECTION,Hair,Tools,18.0,3.4,3706,10.0,8.1
P479465,Makeup Match Concealer Brush,SEPHORA COLLECTION,Tools & Brushes,Brushes & Applicators,10.0,4.5385,3669,91.0,5.0
P502513,Lilly Lashes x Sephora Collection–The Bestsellers 3D Faux Mink Lash Set,SEPHORA COLLECTION,Makeup,Eye,35.0,5.0,3616,1.0,14.7
P483075,Brightening Dual Facial Enzyme Exfoliator,SEPHORA COLLECTION,Skincare,Cleansers,14.0,4.125,7792,24.0,5.32
P479456,Angled False Eyelash Applicator,SEPHORA COLLECTION,Tools & Brushes,Brushes & Applicators,14.0,5.0,3554,1.0,7.0
P461199,Clean Peeling Mask,SEPHORA COLLECTION,Skincare,Masks,5.5,4.4545,7245,22.0,2.09
P474103,Mattify + Refine Primer,SEPHORA COLLECTION,Makeup,Face,16.0,3.45,3274,20.0,6.72
P469028,3-in-1 Extractor Tool,SEPHORA COLLECTION,Skincare,Treatments,20.0,3.3,13252,20.0,7.6
P472067,Metal Facial Razor Refills,SEPHORA COLLECTION,Skincare,High Tech Tools,10.0,4.4,12554,20.0,3.8
P500774,Clarifying Toner with Niacinamide and Zinc,SEPHORA COLLECTION,Skincare,Cleansers,14.0,4.4444,9632,18.0,5.32
P460704,The Hydrating Kit,SEPHORA COLLECTION,Skincare,Value & Gift Sets,20.0,4.3333,8847,18.0,7.6
P504437,Resurfacing Sugar Body Scrub,SEPHORA COLLECTION,Bath & Body,Bath & Shower,18.0,5.0,2928,4.0,7.2
P504459,Moisturizing Body Lotion Body Care,SEPHORA COLLECTION,Bath & Body,Body Moisturizers,7.0,3.8889,2866,9.0,2.8
P464288,Sephora City Reusable Water Bottle,SEPHORA COLLECTION,Skincare,Wellness,8.0,2.9412,6754,17.0,3.04
P502453,Flirty Flash Eyelash & Glue Set,SEPHORA COLLECTION,Makeup,Eye,12.0,,2799,,5.04
P460556,Hair Primer,SEPHORA COLLECTION,Hair,Hair Styling & Treatments,12.0,4.2609,2787,23.0,5.4
P483090,Firming Day Moisturizer with Peptides,SEPHORA COLLECTION,Skincare,Moisturizers,18.0,2.9375,2887,16.0,6.84
P503904,Big By Definition Defining & Volumizing Waterproof Mascara,SEPHORA COLLECTION,Makeup,Eye,12.0,2.6842,2691,19.0,5.04
P455994,Total Coverage Charcoal Sponge,SEPHORA COLLECTION,Makeup,Brushes & Applicators,14.0,3.0,2678,13.0,5.88
P500743,Vitamin Face Masks,SEPHORA COLLECTION,Skincare,Masks,5.5,4.4,10162,15.0,2.09
P458730,Refresh Scented Candle,SEPHORA COLLECTION,Fragrance,Candles & Home Scents,18.0,3.5,2650,12.0,5.4
P482314,Mattifying Blotting Papers,SEPHORA COLLECTION,Skincare,Cleansers,4.0,2.8667,6314,15.0,1.52
P500905,Strengthening Shampoo with Biotin,SEPHORA COLLECTION,Hair,Shampoo & Conditioner,12.0,2.7,2525,20.0,5.4
P458728,Pop Fizz Scented Candle,SEPHORA COLLECTION,Fragrance,Candles & Home Scents,18.0,3.5,2442,16.0,5.4
P479502,Makeup Match All-over Eyeshadow Brush,SEPHORA COLLECTION,Makeup,Brushes & Applicators,8.0,3.75,2441,4.0,3.36
P458729,Bloom Scented Candle,SEPHORA COLLECTION,Fragrance,Candles & Home Scents,18.0,3.1111,2376,9.0,5.4
P472068,Reusable 3-Piece Grey Face Mask Set,SEPHORA COLLECTION,Skincare,Wellness,15.0,4.0769,2624,13.0,5.7
P500785,Vitamin C Skincare Set,SEPHORA COLLECTION,Skincare,Value & Gift Sets,15.0,4.5833,11340,12.0,5.7
P471083,Dry Shampoo,SEPHORA COLLECTION,Hair,Hair Styling & Treatments,12.0,3.5,2191,20.0,5.4
P500847,Strengthening Conditioner with Biotin,SEPHORA COLLECTION,Hair,Shampoo & Conditioner,12.0,3.7,2191,10.0,5.4
P482311,Large Supplement Case,SEPHORA COLLECTION,Skincare,Wellness,15.0,4.0,7125,11.0,5.7
P504441,Prebiotic Smoothie Mask,SEPHORA COLLECTION,Skincare,Masks,8.0,4.0909,5029,11.0,3.04
P477734,Double-Ended Textured Facial Roller,SEPHORA COLLECTION,Skincare,Wellness,24.0,3.6,11736,10.0,9.12
P444237,Mini Cleansing Wipes - Coconut Water,SEPHORA COLLECTION,Skincare,Cleansers,3.0,4.3,265,10.0,1.14
P482304,Sigma x Sephora Brush Cleanser,SEPHORA COLLECTION,Makeup,Brushes & Applicators,19.0,4.25,1854,4.0,7.98
P504447,Gradual Tanning Drops Face & Body,SEPHORA COLLECTION,Skincare,Self Tanners,16.0,3.25,2988,8.0,6.08
P502996,Rose Quartz Gua Sha,SEPHORA COLLECTION,Skincare,Wellness,14.0,3.2857,7684,7.0,5.32
P479478,Germanium Stone Facial Massager,SEPHORA COLLECTION,Skincare,Wellness,28.0,4.8571,5302,7.0,10.64
P482313,Eyebrow Razor Set,SEPHORA COLLECTION,Skincare,High Tech Tools,8.0,4.1429,3419,7.0,3.04
P467649,Clean 1 Minute Face Masks,SEPHORA COLLECTION,Skincare,Masks,12.0,1.8571,2950,7.0,4.56
P483145,Ultra Glow Mask with Vitamins C + E,SEPHORA COLLECTION,Skincare,Masks,16.0,4.5,4478,6.0,6.08
P454604,Sulfate-free Shampoo,SEPHORA COLLECTION,Hair,Shampoo & Conditioner,12.0,2.8125,1457,32.0,5.4
P500729,Best Sellers Set,SEPHORA COLLECTION,Skincare,Value & Gift Sets,20.0,4.3333,3742,6.0,7.6
P502984,Face Dry Brush,SEPHORA COLLECTION,Tools & Brushes,Brushes & Applicators,14.0,5.0,1348,1.0,7.0
P469064,Depart Scented Candle,SEPHORA COLLECTION,Fragrance,Candles & Home Scents,18.0,2.125,1333,8.0,5.4
P482309,Facial Cooling Wands,SEPHORA COLLECTION,Skincare,High Tech Tools,28.0,4.0,8525,4.0,10.64
P504514,Bath Bomb Bath Fizzy,SEPHORA COLLECTION,Bath & Body,Bath & Shower,3.0,2.1053,1194,19.0,1.2
P502989,Total Coverage Body Makeup Sponge,SEPHORA COLLECTION,Makeup,Brushes & Applicators,14.0,4.0,1080,4.0,5.88
P502842,Wishing You Essentials Skincare Kit,SEPHORA COLLECTION,Skincare,Value & Gift Sets,20.0,3.6667,6017,3.0,7.6
P454605,Color Safe Conditioner,SEPHORA COLLECTION,Hair,Shampoo & Conditioner,12.0,2.1429,1000,21.0,5.4
P500763,Lip Sleeping Mask,SEPHORA COLLECTION,Skincare,Lip Balms & Treatments,5.0,3.6667,1006,3.0,1.9
P474090,Deluxe Facial Roller Set,SEPHORA COLLECTION,Skincare,Wellness,40.0,3.5,5602,2.0,15.2
P472058,Crystal Facial Roller Set,SEPHORA COLLECTION,Skincare,Wellness,35.0,4.0,3924,2.0,13.3
P503000,Feeling Groovy Yellow Jade Eye Massager Set,SEPHORA COLLECTION,Skincare,Wellness,18.0,5.0,2842,2.0,6.84
P504424,Clarifying Peel Pads Purify + Exfoliate,SEPHORA COLLECTION,Skincare,Treatments,17.0,5.0,2254,1.0,6.46
P504417,Acne Treatment Gel,SEPHORA COLLECTION,Skincare,Treatments,20.0,5.0,1039,1.0,7.6
P427616,Heart Gift Card,SEPHORA COLLECTION,Gifts,,50.0,4.8571,0,7.0,20.0
P422052,Lips Gift Card,SEPHORA COLLECTION,Gifts,,50.0,5.0,0,1.0,20.0
P444016,Makeup Match Brush,SEPHORA COLLECTION,Makeup,Brushes & Applicators,12.0,4.2857,0,7.0,5.04
P370325,Gift Card,SEPHORA COLLECTION,Gifts,,50.0,4.2791,0,43.0,20.0
P411049,Happy Birthday Gift Card,SEPHORA COLLECTION,Gifts,,50.0,4.1176,0,17.0,20.0
P500484,Sephora Favorites Hello!— Beauty Game Changers,Sephora Favorites,Fragrance,Value & Gift Sets,10.0,4.0319,29399,94.0,3.0
P504422,Mini Luxury Perfume Sampler,Sephora Favorites,Fragrance,Value & Gift Sets,80.0,4.0769,22836,26.0,24.0
P501159,Luxe Vibes Luxury Beauty Sampler Set,Sephora Favorites,Makeup,Value & Gift Sets,65.0,2.9524,18892,21.0,27.3
P503819,Hottest in Haircare,Sephora Favorites,Hair,Value & Gift Sets,35.0,4.6129,17364,31.0,15.75
P504323,Perfume Sampler Gift Set,Sephora Favorites,Fragrance,Value & Gift Sets,28.0,3.9474,17289,38.0,8.4
P501286,Mini Perfume Sampler Set,Sephora Favorites,Fragrance,Value & Gift Sets,72.0,3.375,16000,24.0,21.6
P479652,Bestsellers Perfume Discovery Set,Sephora Favorites,Fragrance,Value & Gift Sets,25.0,4.0357,9812,28.0,7.5
P455926,Retinol Reform Treatment Serum,Shani Darden Skin Care,Skincare,Treatments,88.0,4.2569,63782,1012.0,33.44
P455927,Mini Retinol Reform,Shani Darden Skin Care,Skincare,Mini Size,30.0,4.2569,12100,1012.0,11.4
P455929,Cleansing Serum,Shani Darden Skin Care,Skincare,Cleansers,38.0,4.5938,9931,325.0,14.44
P467973,Intensive Eye Renewal Cream with Firming Peptides,Shani Darden Skin Care,Skincare,Eye Care,68.0,4.2087,12224,254.0,25.84
P478731,Lactic Acid AHA Exfoliating Serum,Shani Darden Skin Care,Skincare,Treatments,88.0,4.6299,9772,254.0,33.44
P455930,Weightless Oil-Free Moisturizer,Shani Darden Skin Care,Skincare,Moisturizers,48.0,4.2571,7756,140.0,18.24
P471097,Facial Sculpting Wand,Shani Darden Skin Care,Skincare,High Tech Tools,399.0,4.5462,7753,130.0,151.62
P503920,Triple Acid Signature Peel,Shani Darden Skin Care,Skincare,Treatments,125.0,4.876,7097,129.0,47.5
P455931,Sake Toning Essence,Shani Darden Skin Care,Skincare,Moisturizers,52.0,4.4444,8073,99.0,19.76
P502216,Shani Darden by Déesse PRO LED Light Mask,Shani Darden Skin Care,Skincare,High Tech Tools,1900.0,3.75,4154,4.0,722.0
P474858,Hydra Prep Soothing & Hydrating Gel,Shani Darden Skin Care,Skincare,Moisturizers,38.0,,1033,,14.44
P456398,Ultimate Sun Protector Lotion SPF 50+ Sunscreen,Shiseido,Skincare,Sunscreen,50.0,4.4864,42257,2936.0,19.0
P173726,Facial Cotton,Shiseido,Skincare,Cleansers,13.0,4.8284,133163,2827.0,4.94
P244437,Eyelash Curler,Shiseido,Tools & Brushes,Beauty Tools,24.0,4.393,153548,2234.0,12.0
P429242,Clear Sunscreen Stick SPF 50+,Shiseido,Skincare,Sunscreen,30.0,4.6566,74272,1529.0,11.4
P448203,Benefiance Wrinkle Smoothing Eye Cream,Shiseido,Skincare,Eye Care,64.0,4.3298,43729,1422.0,24.32
P482739,Urban Environment Oil-Free Sunscreen Broad-Spectrum SPF 42,Shiseido,Skincare,Sunscreen,50.0,4.4533,12870,1337.0,19.0
P449106,Synchro Skin Self-Refreshing Foundation SPF 30,Shiseido,Makeup,Face,47.0,4.2702,69927,1928.0,19.74
P482742,Urban Environment Fresh-Moisture Sunscreen Broad-Spectrum SPF 42,Shiseido,Skincare,Sunscreen,38.0,4.6311,8629,1190.0,14.44
P448202,Benefiance Wrinkle Smoothing Cream Enriched,Shiseido,Skincare,Moisturizers,75.0,4.5776,12045,947.0,28.5
P463105,Benefiance Wrinkle Smoothing Retinol Serum,Shiseido,Skincare,Treatments,75.0,4.5806,5722,937.0,28.5
P481164,Essential Energy Hydrating Day Cream Broad Spectrum SPF 20,Shiseido,Skincare,Moisturizers,50.0,4.5518,2628,926.0,19.0
P481161,Ultimune Power Infusing Anti-Aging Serum,Shiseido,Skincare,Treatments,75.0,4.5483,8461,870.0,28.5
P398736,Full Lash and Brow Serum,Shiseido,Makeup,Eye,36.0,3.9681,44797,533.0,15.12
P449107,Synchro Skin Self-Refreshing Concealer,Shiseido,Makeup,Face,31.0,4.4394,38828,1311.0,13.02
P456399,Ultimate Sun Protector Cream SPF 50+ Face Sunscreen,Shiseido,Skincare,Sunscreen,40.0,4.276,6649,605.0,15.2
P435415,MicroLiner Ink Eyeliner,Shiseido,Makeup,Eye,22.0,4.1553,34578,219.0,9.24
P468401,Synchro Skin Radiant Lifting Foundation SPF 30,Shiseido,Makeup,Face,47.0,4.4676,33953,1512.0,19.74
P504986,Urban Environment Vita-Clear Sunscreen SPF 42,Shiseido,Skincare,Sunscreen,38.0,4.6126,1107,555.0,14.44
P435416,VisionAiry Gel Lipstick,Shiseido,Makeup,Lip,26.0,4.5687,29431,211.0,10.92
P173619,Benefiance WrinkleResist24 Pure Retinol Express Smoothing Eye Mask,Shiseido,Skincare,Eye Care,70.0,4.422,81341,500.0,26.6
P482741,Urban Environment Oil-Free Mineral Sunscreen Broad-Spectrum SPF 42,Shiseido,Skincare,Sunscreen,38.0,4.3072,3841,485.0,14.44
P481162,Essential Energy Hydrating Cream,Shiseido,Skincare,Moisturizers,50.0,4.5465,5184,452.0,19.0
P435412,"Kajal Ink Artist Shadow, Liner, Brow",Shiseido,Makeup,Eye,25.0,4.3136,23248,118.0,10.5
P205614,White Lucent Anti-Dark Circles Eye Cream,Shiseido,Skincare,Eye Care,65.0,3.5878,15783,393.0,24.7
P480353,Synchro Skin Self-Refreshing Tint SPF 20,Shiseido,Makeup,Face,43.0,4.4185,20650,1723.0,18.06
P173652,Bio-Performance Advanced Super Revitalizing Cream,Shiseido,Skincare,Moisturizers,85.0,4.5335,22311,358.0,32.3
P449105,Hanatsubaki Hake Polishing Face Brush,Shiseido,Makeup,Brushes & Applicators,49.0,4.8235,16233,51.0,20.58
P443795,Color Gel Lip Balm,Shiseido,Makeup,Lip,26.0,4.2353,14668,51.0,10.92
P468402,Synchro Skin Soft Blurring Primer,Shiseido,Makeup,Face,36.0,4.3375,14078,1360.0,15.12
P405944,Ultra Sun Protection Lotion Broad Spectrum SPF 50+ WetForce for Sensitive Skin & Children,Shiseido,Skincare,Sunscreen,42.0,3.1858,12724,226.0,15.96
P435417,Daiya Fude Face Brush Duo,Shiseido,Makeup,Brushes & Applicators,40.0,3.9535,12933,43.0,16.8
P448201,Benefiance Wrinkle Smoothing Day Cream SPF 23,Shiseido,Skincare,Moisturizers,75.0,4.5121,18392,207.0,28.5
P454978,Synchro Skin Self-Refreshing Custom Finish Powder Foundation,Shiseido,Makeup,Face,45.0,4.3839,12342,1193.0,18.9
P448200,Benefiance Wrinkle Smoothing Cream,Shiseido,Skincare,Moisturizers,75.0,4.6037,6215,164.0,28.5
P388545,Perfect Cleansing Oil,Shiseido,Skincare,Cleansers,35.0,4.4514,21389,144.0,13.3
P385262,Ultimate Sun Protection Spray Broad Spectrum SPF 50+ For Face/Body,Shiseido,Skincare,Sunscreen,40.0,3.8175,17778,137.0,15.2
P433618,Clarifying Cleansing Foam,Shiseido,Skincare,Cleansers,36.0,4.2455,12520,110.0,13.68
P378219,White Lucent Power Brightening Mask,Shiseido,Skincare,Masks,72.0,4.2532,13301,79.0,27.36
P173622,Benefiance Pure Retinol Intensive Revitalizing Face Mask,Shiseido,Skincare,Masks,70.0,4.45,11355,60.0,26.6
P482740,Mini Urban Environment Oil-Free Sunscreen Broad-Spectrum SPF 42,Shiseido,Skincare,Sunscreen,35.0,4.4348,6680,46.0,13.3
P433617,Deep Cleansing Foam,Shiseido,Skincare,Cleansers,36.0,4.1957,6015,46.0,13.68
P423165,Future Solution LX Eye and Lip Contour Regenerating Cream,Shiseido,Skincare,Eye Care,155.0,4.0833,6410,36.0,58.9
P202935,Benefiance NutriPerfect Night Cream,Shiseido,Skincare,Moisturizers,97.0,4.4722,5520,36.0,36.86
P428423,Refreshing Cleansing Sheets,Shiseido,Skincare,Cleansers,20.0,4.1765,5363,34.0,7.6
P443375,White Lucent Brightening Gel Cream,Shiseido,Skincare,Moisturizers,75.0,3.4848,6154,33.0,28.5
P428422,Oil Control Blotting Paper,Shiseido,Skincare,Cleansers,20.0,3.9697,4649,33.0,7.6
P433621,Treatment Softener Enriched,Shiseido,Skincare,Moisturizers,50.0,4.3077,5752,26.0,19.0
P423164,Future Solution LX Extra Rich Cleansing Foam,Shiseido,Skincare,Cleansers,65.0,4.3043,5098,23.0,24.7
P455421,Complete Cleansing Microfoam,Shiseido,Skincare,Cleansers,36.0,4.087,2716,23.0,13.68
P443376,White Lucent Overnight Cream & Mask,Shiseido,Skincare,Moisturizers,110.0,3.2727,3749,22.0,41.8
P433619,Extra Rich Cleansing Milk,Shiseido,Skincare,Cleansers,36.0,4.2381,4643,21.0,13.68
P457854,Vital Perfection Uplifting and Firming Cream Day Cream,Shiseido,Skincare,Moisturizers,140.0,4.5263,2959,19.0,53.2
P423163,Future Solution LX Concentrated Balancing Softener,Shiseido,Skincare,Moisturizers,110.0,4.9375,4608,16.0,41.8
P443377,White Lucent Day Emulsion Broad Spectrum SPF 23,Shiseido,Skincare,Sunscreen,75.0,3.5,3128,16.0,28.5
P423169,Future Solution LX Total Regenerating Cream,Shiseido,Skincare,Moisturizers,290.0,3.75,2632,12.0,110.2
P433620,Treatment Softener,Shiseido,Skincare,Moisturizers,50.0,3.25,1957,12.0,19.0
P484076,Ultimate Sun Protector SPF 50+ Sunscreen Duo,Shiseido,Skincare,Value & Gift Sets,66.0,4.4,7247,10.0,25.08
P463951,Mini Benefiance Wrinkle Smoothing Cream Enriched,Shiseido,Skincare,Mini Size,30.0,3.7143,4039,7.0,11.4
P463106,Vital Perfection Uplifting and Firming Eye Cream,Shiseido,Skincare,Eye Care,85.0,4.0,2649,5.0,32.3
P423166,Future Solution LX Intensive Firming Contour Serum,Shiseido,Skincare,Treatments,310.0,4.4,1898,5.0,117.8
P455229,White Lucent Illuminating Micro-Spot Serum,Shiseido,Skincare,Treatments,185.0,3.0,2501,2.0,70.3
P423167,Future Solution LX Total Protective Cream Broad Spectrum SPF 20 Sunscreen,Shiseido,Skincare,Sunscreen,270.0,5.0,1874,2.0,102.6
P423168,Future Solution LX Total Protective Emulsion Broad Spectrum SPF 20 Sunscreen,Shiseido,Skincare,Sunscreen,270.0,4.0,636,2.0,102.6
P468406,Vital Perfection Intensive WrinkleSpot Treatment,Shiseido,Skincare,Treatments,100.0,,2248,,38.0
P504302,Wrinkle Correcting Skincare Set,Shiseido,Skincare,Value & Gift Sets,64.0,,1191,,24.32
P504291,Daily Hydrating Sun Protection Set,Shiseido,Skincare,Value & Gift Sets,52.0,,1171,,19.76
P505280,Wrinkle Smoothing Starter Set,Shiseido,Skincare,Value & Gift Sets,39.0,,446,,14.82
P505265,Eudermine Activating Essence,Shiseido,Skincare,Moisturizers,90.0,,386,,34.2
P481163,Mini Essential Energy Hydrating Cream,Shiseido,Mini Size,Skincare,30.0,,0,,13.5
P504324,Ultimune Eye Power Infusing Eye Concentrate,Shiseido,Skincare,Eye Care,70.0,,13,,26.6
P468407,Vital Perfection Uplifting and Firming Day Cream SPF 30,Shiseido,Skincare,Moisturizers,140.0,,0,,53.2
P403913,Essence Absolue Nourishing Protective Hair Oil,shu uemura,Hair,Hair Styling & Treatments,69.0,4.7291,18131,358.0,31.05
P453923,Mini Essence Absolue Nourishing Protective Oil,shu uemura,Hair,Hair Styling & Treatments,28.0,4.6975,12656,400.0,12.6
P434206,Ultimate Reset Hair Mask for Very Damaged Hair,shu uemura,Hair,Hair Styling & Treatments,72.0,4.6617,9585,399.0,32.4
P430127,Essence Absolue Overnight Nourishing Hair Treatment,shu uemura,Hair,Hair Styling & Treatments,69.0,4.6262,8880,305.0,31.05
P475613,Izumi Tonic Strengthening Rice Water Treatment,shu uemura,Hair,Hair Styling & Treatments,58.0,4.2208,6723,154.0,26.1
P414027,Urban Moisture Deep Hydration Treatment Mask for Dry Hair,shu uemura,Hair,Hair Styling & Treatments,72.0,4.6923,6534,143.0,32.4
P414029,Urban Moisture Deep Hydration Shampoo for Dry Hair,shu uemura,Hair,Shampoo & Conditioner,52.0,4.4141,5145,256.0,23.4
P434207,Ultimate Reset Shampoo for Very Damaged Hair,shu uemura,Hair,Shampoo & Conditioner,52.0,4.5045,4549,333.0,23.4
P403930,Silk Bloom Treatment Hair Mask for Damaged Hair,shu uemura,Hair,Hair Styling & Treatments,72.0,4.3333,4421,33.0,32.4
P403936,Color Lustre Sulfate-Free Shampoo for Color-Treated Hair,shu uemura,Hair,Shampoo & Conditioner,52.0,4.4542,4372,306.0,23.4
P442287,Ultimate Reset Serum for Damaged Hair,shu uemura,Hair,Hair Styling & Treatments,42.0,4.4865,3982,111.0,18.9
P414030,Urban Moisture Hydro-Nourishing Conditioner,shu uemura,Hair,Shampoo & Conditioner,62.0,4.5714,3922,238.0,27.9
P434205,Ultimate Reset Conditioner for Very Damaged Hair,shu uemura,Hair,Shampoo & Conditioner,62.0,4.4899,3667,149.0,27.9
P475614,Mini Izumi Tonic Strengthening Rice Water Treatment,shu uemura,Hair,Hair Styling & Treatments,28.0,4.2208,3560,154.0,12.6
P461985,Netsu Design Blow Dry Cream,shu uemura,Hair,Hair Styling & Treatments,42.0,4.5957,3385,141.0,18.9
P461986,Tsuki Shape Heat-Activated Blow Dry Spray,shu uemura,Hair,Hair Styling & Treatments,42.0,4.4444,3328,81.0,18.9
P469216,Yūbi Blonde Anti-Brass Purple Shampoo for Blonde Hair,shu uemura,Hair,Shampoo & Conditioner,52.0,4.6011,3105,188.0,23.4
P469215,Yūbi Blonde Anti-Brass Purple Mask for Blonde Hair,shu uemura,Hair,Hair Styling & Treatments,72.0,4.5455,3082,198.0,32.4
P403914,Essence Absolue Nourishing Oil-In-Cream Camellia Hair Oil,shu uemura,Hair,Hair Styling & Treatments,48.0,4.2632,2806,19.0,21.6
P403928,Color Lustre Treatment Hair Mask for Color-Treated Hair,shu uemura,Hair,Hair Styling & Treatments,72.0,4.5507,2790,69.0,32.4
P461981,Wata Wave Dry Texturizing Hair Spray,shu uemura,Hair,Hair Styling & Treatments,42.0,4.4694,2781,147.0,18.9
P449373,Muroto Volume Lightweight Care Shampoo For Fine Hair,shu uemura,Hair,Shampoo & Conditioner,52.0,4.35,2756,80.0,23.4
P461982,Awa Volume Volumizing Mousse,shu uemura,Hair,Hair Styling & Treatments,42.0,4.4444,2679,81.0,18.9
P461987,Shiki Worker Multi-Benefit Hair Primer,shu uemura,Hair,Hair Styling & Treatments,42.0,4.5986,2586,147.0,18.9
P449376,Muroto Volume Hydro-Texturizing Mist For Fine Hair,shu uemura,Hair,Hair Styling & Treatments,42.0,3.5714,2579,7.0,18.9
P461983,Kaze Wave Curl and Wave Defining Hair Mousse,shu uemura,Hair,Hair Styling & Treatments,42.0,4.3187,2566,160.0,18.9
P403934,Silk Bloom Shampoo for Damaged Hair,shu uemura,Hair,Shampoo & Conditioner,52.0,4.2778,2429,18.0,23.4
P481733,Ashita Supreme Strengthening Leave-In Treatment for Damaged Hair,shu uemura,Hair,Hair Styling & Treatments,69.0,4.3158,2397,76.0,31.05
P403926,Color Lustre Conditioner for Color-Treated Hair,shu uemura,Hair,Shampoo & Conditioner,62.0,4.3257,2206,218.0,27.9
P461988,Ishi Sculpt Texturizing & Sculpting Hair Paste,shu uemura,Hair,Hair Styling & Treatments,45.0,4.541,1940,61.0,20.25
P481734,Ashita Supreme Purifying Sea Salt Scalp Scrub,shu uemura,Hair,Shampoo & Conditioner,69.0,4.6,1801,125.0,31.05
P403924,Silk Bloom Conditioner for Damaged Hair,shu uemura,Hair,Shampoo & Conditioner,62.0,4.1538,1731,13.0,27.9
P461984,Tsuyu Sleek Blow Dry Hair Oil,shu uemura,Hair,Hair Styling & Treatments,42.0,4.5278,1718,72.0,18.9
P461979,Moya Hold Finishing Hair Spray,shu uemura,Hair,Hair Styling & Treatments,42.0,4.5441,1667,68.0,18.9
P469217,Yūbi Blonde Nourishing Conditioner for Blonde Hair,shu uemura,Hair,Shampoo & Conditioner,62.0,4.5662,1661,136.0,27.9
P502665,Gentle Radiance Clarifying Shampoo for All Scalp & Hair Types,shu uemura,Hair,Shampoo & Conditioner,59.0,4.4948,1604,97.0,26.55
P449375,Muroto Volume Lightweight Care Treatment For Fine Hair,shu uemura,Hair,Hair Styling & Treatments,72.0,4.4225,1601,71.0,32.4
P469218,Yūbi Blonde Nourishing Shampoo for Blonde Hair,shu uemura,Hair,Shampoo & Conditioner,52.0,4.6242,1592,149.0,23.4
P454742,Essence Absolue Multi-Purpose All-in-Oil Hair Milk,shu uemura,Hair,Hair Styling & Treatments,46.0,4.0,1543,3.0,20.7
P481737,Ashita Supreme Strengthening Mask for Damaged Hair,shu uemura,Hair,Hair Styling & Treatments,72.0,4.1667,1443,72.0,32.4
P449374,Muroto Volume Lightweight Care Conditioner For Fine Hair,shu uemura,Hair,Shampoo & Conditioner,62.0,3.4444,1354,9.0,27.9
P481735,Ashita Supreme Strengthening Shampoo for Damaged Hair,shu uemura,Hair,Shampoo & Conditioner,52.0,4.3239,1099,71.0,23.4
P481736,Ashita Supreme Strengthening Conditioner for Damaged Hair,shu uemura,Hair,Shampoo & Conditioner,62.0,4.2581,764,62.0,27.9
P503349,Velvet Blur Matte Lipstick Balm,SIMIHAZE BEAUTY,Makeup,Lip,36.0,4.5221,9537,113.0,15.12
P503333,Sun Flush All-Over Face Tint Liquid Blush,SIMIHAZE BEAUTY,Makeup,Cheek,35.0,4.7273,6683,99.0,14.7
P503350,Mini Super Slick Tinted Lip Balm,SIMIHAZE BEAUTY,Makeup,Lip,24.0,1.6667,6499,33.0,10.08
P503342,Solar Tint Cream Blush Duo,SIMIHAZE BEAUTY,Makeup,Cheek,42.0,3.375,4273,8.0,17.64
P503304,Lunar Lip Gel Lip Gloss,SIMIHAZE BEAUTY,Makeup,Lip,30.0,2.1429,4080,7.0,12.6
P503300,Easy Lash Clean Lift Tubing Mascara,SIMIHAZE BEAUTY,Makeup,Eye,30.0,3.1667,1137,6.0,12.6
P503310,Eye Play Gem Sticker Pack,SIMIHAZE BEAUTY,Makeup,Accessories,38.0,3.6667,375,3.0,15.96
P375849,Facial Treatment Essence (Pitera Essence),SK-II,Skincare,Moisturizers,245.0,4.081,112101,2951.0,93.1
P426183,Mini Facial Treatment Essence (Pitera Essence),SK-II,Skincare,Moisturizers,99.0,4.0807,49032,2949.0,37.62
P375853,Facial Treatment Clear Lotion Toner,SK-II,Skincare,Cleansers,80.0,4.0959,24003,1001.0,30.4
P375850,Facial Treatment Cleanser,SK-II,Skincare,Cleansers,75.0,4.1306,14027,919.0,28.5
P468409,SKINPOWER Airy Milky Lotion,SK-II,Skincare,Moisturizers,170.0,4.2647,2114,831.0,64.6
P468408,SKINPOWER Eye Cream,SK-II,Skincare,Eye Care,145.0,4.3226,3246,747.0,55.1
P468411,SKINPOWER Cream,SK-II,Skincare,Moisturizers,255.0,4.1878,3361,442.0,96.9
P375852,Pitera Facial Treatment Mask,SK-II,Skincare,Masks,145.0,4.2972,65151,434.0,55.1
P410756,GenOptics Aura Essence Serum,SK-II,Skincare,Moisturizers,245.0,4.0758,16102,132.0,93.1
P410755,GenOptics Spot Essence Serum,SK-II,Skincare,Moisturizers,225.0,4.1346,4899,104.0,85.5
P447773,PITERA First Experience Kit,SK-II,Skincare,Value & Gift Sets,99.0,3.9146,30424,82.0,37.62
P375864,Brightening Derm Revival Mask,SK-II,Skincare,Masks,170.0,4.4194,7740,62.0,64.6
P375854,Ultimate Revival Cream,SK-II,Skincare,Moisturizers,400.0,4.4667,3031,60.0,152.0
P468412,Pitera Power Kit,SK-II,Skincare,Value & Gift Sets,110.0,4.0588,8972,17.0,41.8
P428103,Ultimate Revival Essence,SK-II,Skincare,Moisturizers,315.0,4.5455,3863,11.0,119.7
P468410,SKINPOWER Essence Serum,SK-II,Skincare,Moisturizers,205.0,4.0,1721,6.0,77.9
P416312,Gentle Foaming Face Wash,Skin Laundry,Skincare,Cleansers,20.0,4.2526,7009,194.0,7.6
P416589,Wrinkle Release Facial Sheet Mask,Skin Laundry,Skincare,Masks,12.0,4.5,2931,8.0,4.56
P416588,Wrinkle Release Neck & Chest Sheet Mask,Skin Laundry,Skincare,Masks,15.0,3.25,2226,4.0,5.7
P442840,Barrier+ Triple Lipid-Peptide Face Cream,Skinfix,Skincare,Moisturizers,54.0,4.2924,206494,2449.0,20.52
P479860,Mini Barrier+ Triple Lipid-Peptide Face Cream,Skinfix,Skincare,Moisturizers,20.0,4.2924,33646,2449.0,7.6
P442844,Resurface+ Glycolic and Lactic Acid Renewing Body Scrub,Skinfix,Bath & Body,Bath & Shower,32.0,4.5769,66575,761.0,12.8
P442845,Resurface+ AHA Renewing Body Cream,Skinfix,Bath & Body,Body Moisturizers,48.0,4.5741,63550,702.0,19.2
P442836,Barrier+ Foaming Oil Hydrating Cleanser,Skinfix,Skincare,Cleansers,30.0,4.5791,56605,993.0,11.4
P442838,Barrier+ Triple Lipid-Boost 360° Brightening Eye Cream,Skinfix,Skincare,Eye Care,44.0,4.3169,39524,934.0,16.72
P481739,Barrier+ Skin Barrier Niacinamide Restoring Gel Cream,Skinfix,Skincare,Moisturizers,48.0,4.5273,43004,768.0,18.24
P442839,Barrier+ Triple Lipid-Peptide Lotion Moisturizer,Skinfix,Skincare,Moisturizers,42.0,4.6503,25515,569.0,15.96
P471101,Resurface+ AHA/BHA Niacinamide Exfoliating Pads for Face and Targeted Body,Skinfix,Skincare,Treatments,50.0,4.3713,27625,501.0,19.0
P442842,Eczema+ Hand Repair Cream,Skinfix,Bath & Body,Body Moisturizers,20.0,4.4588,26022,425.0,8.0
P442843,Eczema+ Dermatitis Face Balm,Skinfix,Skincare,Moisturizers,29.0,4.2109,16974,460.0,11.02
P503668,Barrier+ Triple Lipid + Collagen + Niacinamide Activating Serum,Skinfix,Skincare,Treatments,69.0,4.8242,20730,455.0,26.22
P476415,Acne+ 2% BHA + Azelaic Acid + Niacinamide + AHA Cleanser,Skinfix,Skincare,Cleansers,35.0,4.5648,36209,432.0,13.3
P479348,Acne+ 2% BHA and Azelaic Acid Acne Spot Treatment,Skinfix,Skincare,Treatments,30.0,4.6306,26189,425.0,11.4
P442837,Barrier+ Triple Lipid-Hyaluronate Serum,Skinfix,Skincare,Treatments,50.0,4.6381,24567,420.0,19.0
P505049,barrier+ Triple Lipid + Collagen Brightening Eye Treatment,Skinfix,Skincare,Eye Care,54.0,4.7984,2065,258.0,20.52
P442847,Eczema+ Foaming Oil Body Wash,Skinfix,Bath & Body,Bath & Shower,27.0,4.1301,14613,123.0,10.8
P450599,Barrier+ Lipid-Boost Body Cream,Skinfix,Bath & Body,Body Moisturizers,48.0,4.6382,14261,152.0,19.2
P442850,Redness Recovery+ Antioxidant Redness Treatment Overnight Mask,Skinfix,Skincare,Masks,52.0,4.1577,19905,241.0,19.76
P442846,Eczema+ Extra Strength Body Cream,Skinfix,Bath & Body,Body Moisturizers,39.0,4.5982,8931,112.0,15.6
P446916,Eczema+ Care Kit,Skinfix,Skincare,Value & Gift Sets,35.0,4.2,9573,115.0,13.3
P502169,Barrier+ Besties Hydrating and Nourishing Kit,Skinfix,Skincare,Value & Gift Sets,40.0,4.7162,10557,74.0,15.2
P448562,Barrier+ Foaming Clay Cleanser,Skinfix,Skincare,Cleansers,32.0,4.4493,9256,69.0,12.16
P442848,Eczema+ Targeted Body Balm,Skinfix,Bath & Body,Body Moisturizers,27.0,4.3786,6366,103.0,10.8
P442841,Barrier+ Lip Repair Balm,Skinfix,Skincare,Lip Balms & Treatments,15.0,3.0462,10271,65.0,5.7
P442851,Remedy+ 911 Ointment,Skinfix,Bath & Body,Body Moisturizers,28.0,3.7,5631,20.0,11.2
P502192,Acne Away Kit + Salicylic Acid + Azelaic Acid + Niacinamide,Skinfix,Skincare,Value & Gift Sets,35.0,4.0,3945,1.0,13.3
P467146,Vanilla Sky Eau de Parfum,SKYLAR,Fragrance,Women,90.0,4.228,21579,579.0,27.0
P467147,Vanilla Sky Eau de Parfum Rollerball,SKYLAR,Fragrance,Women,30.0,4.228,20560,579.0,9.0
P477240,Eau De Parfum Discovery Set,SKYLAR,Fragrance,Value & Gift Sets,25.0,4.4801,14689,402.0,7.5
P479350,Coconut Cove Eau de Parfum Rollerball,SKYLAR,Fragrance,Women,30.0,4.286,12058,451.0,9.0
P479349,Coconut Cove Eau de Parfum,SKYLAR,Fragrance,Women,90.0,4.2892,10743,453.0,27.0
P502052,Peach Fields Eau de Parfum Rollerball,SKYLAR,Fragrance,Women,30.0,4.3882,9714,322.0,9.0
P502076,Peach Fields Eau de Parfum,SKYLAR,Fragrance,Women,90.0,4.3882,7617,322.0,27.0
P456975,Salt Air Eau De Parfum,SKYLAR,Fragrance,Women,90.0,4.3091,7538,220.0,27.0
P476020,Fall Cashmere Eau de Parfum Rollerball,SKYLAR,Fragrance,Women,30.0,4.0429,6242,140.0,9.0
P476022,Pink Canyon Eau de Parfum Rollerball,SKYLAR,Fragrance,Women,30.0,4.4403,6056,134.0,9.0
P447529,Capri Summer Eau De Parfum Rollerball,SKYLAR,Fragrance,Women,30.0,4.363,5914,146.0,9.0
P476021,Pink Canyon Eau De Parfum,SKYLAR,Fragrance,Women,90.0,4.4403,5677,134.0,27.0
P476019,Fall Cashmere Eau De Parfum,SKYLAR,Fragrance,Women,90.0,4.0429,5373,140.0,27.0
P483690,Honeysuckle Dream Eau de Parfum Travel Spray,SKYLAR,Fragrance,Women,30.0,4.3659,5370,246.0,9.0
P447530,Capri Summer Eau De Parfum,SKYLAR,Fragrance,Women,90.0,4.363,5239,146.0,27.0
P456976,Salt Air Eau De Parfum Rollerball,SKYLAR,Mini Size,Fragrance,30.0,4.3091,5150,220.0,13.5
P483689,Honeysuckle Dream Eau de Parfum,SKYLAR,Fragrance,Women,90.0,4.3659,4667,246.0,27.0
P447536,Isle Escape Eau De Parfum,SKYLAR,Fragrance,Women,90.0,3.9872,4441,78.0,27.0
P501787,Fall Cashmere Set,SKYLAR,Fragrance,Value & Gift Sets,90.0,4.0429,3974,140.0,27.0
P470544,Vanilla Sky Candle,SKYLAR,Fragrance,Candles & Home Scents,45.0,4.4444,3773,18.0,13.5
P447535,Isle Escape Eau De Parfum Rollerball,SKYLAR,Fragrance,Women,30.0,3.9872,3752,78.0,9.0
P477239,Sun Shower Eau De Parfum Rollerball,SKYLAR,Fragrance,Women,30.0,4.2857,2880,7.0,9.0
P477238,Sun Shower Eau De Parfum,SKYLAR,Fragrance,Women,90.0,4.2,2098,10.0,27.0
P481741,Coconut Cove Perfume Set,SKYLAR,Fragrance,Value & Gift Sets,90.0,4.3275,1235,400.0,27.0
P431718,Small Slipsilk Scrunchies,Slip,Hair,Tools,39.0,3.7815,85383,563.0,17.55
P430325,Large Slipsilk Scrunchies,Slip,Hair,Tools,39.0,3.5143,35133,105.0,17.55
P402944,Silk Pillowcase - Standard/Queen,Slip,Skincare,Wellness,89.0,4.0094,136640,427.0,33.82
P454754,Pure Silk Turban,Slip,Hair,Tools,85.0,3.3396,18461,53.0,38.25
P441823,Pure Silk Headband,Slip,Hair,Tools,69.0,3.2273,17108,22.0,31.05
P402942,Silk Sleepmask,Slip,Skincare,Wellness,50.0,3.7778,45835,171.0,19.0
P446864,Sleep Mist,Slip,Fragrance,Women,32.0,3.8095,9116,21.0,9.6
P454753,Pure Silk Glam Band,Slip,Hair,Tools,55.0,2.9231,8752,13.0,24.75
P402943,Silk Pillowcase - King,Slip,Skincare,Wellness,110.0,3.8256,25496,86.0,41.8
P467264,Reusable Face Mask,Slip,Hair,Tools,39.0,4.2059,6514,34.0,17.55
P446866,Medium Slipsilk Scrunchies,Slip,Hair,Tools,45.0,3.0833,6326,24.0,20.25
P503168,Pure Silk Scrunchies Pixie Super Set,Slip,Hair,Tools,55.0,2.0,6318,1.0,24.75
P477242,Starlet Crystal Scrunchie Set,Slip,Hair,Tools,45.0,5.0,3306,2.0,20.25
P503205,Mini Scrunchie Set,Slip,Hair,Value & Gift Sets,39.0,4.0,1881,6.0,17.55
P477761,Lovely Lashes Contour Sleep Mask,Slip,Skincare,Wellness,55.0,4.0,3771,8.0,20.9
P505038,Silk Pillowcase + Small Slipsilk Scrunchies,Slip,Hair,Tools,99.0,,28,,44.55
P409317,Always On Longwear Matte Liquid Lipstick,Smashbox,Makeup,Lip,27.0,4.2422,325180,2766.0,11.34
P9889,Photo Finish Smooth & Blur Oil-Free Foundation Primer,Smashbox,Makeup,Face,42.0,4.319,239217,7492.0,17.64
P19267373,Cover Shot Eye Shadow Palette,Smashbox,Makeup,Eye,32.0,4.3566,162334,1377.0,13.44
P387426,Step-By-Step Contour Kit,Smashbox,Makeup,Face,40.0,4.026,134467,1425.0,16.8
P292403,Studio Skin 24 Hour Oil-Free Hydra Foundation,Smashbox,Makeup,Face,43.0,4.19,102865,3142.0,18.06
P429909,Cali Contour Face Palette,Smashbox,Makeup,Makeup Palettes,43.0,4.6478,79413,531.0,18.06
P422463,Mini Photo Finish Smooth & Blur Oil-Free Foundation Primer,Smashbox,Mini Size,Makeup,16.0,4.3187,78991,7480.0,7.2
P477826,Smashbox X Becca Under Eye Brightening Corrector,Smashbox,Makeup,Face,33.0,4.1323,57822,325.0,13.86
P447363,Studio Skin 24 Hour Full Coverage Waterproof Foundation,Smashbox,Makeup,Face,38.0,3.5725,37179,2571.0,15.96
P460019,Halo Healthy Glow Tinted Moisturizer Broad Spectrum SPF 25 with Hyaluronic Acid,Smashbox,Makeup,Face,41.0,4.27,34439,637.0,17.22
P380998,Always Sharp Longwear Waterproof Kôhl Eyeliner Pencil,Smashbox,Makeup,Eye,27.0,3.4574,34000,1231.0,11.34
P427042,Photo Edit Eye Shadow Trio,Smashbox,Makeup,Eye,23.0,4.25,33977,224.0,9.66
P375100,Photo Finish Hydrating Under Eye Primer,Smashbox,Makeup,Eye,29.0,3.9417,25969,480.0,12.18
P454512,Always On Cream to Matte Lipstick,Smashbox,Makeup,Lip,27.0,4.4956,25954,452.0,11.34
P440044,Studio Skin Flawless Oil-Free 24 Hour Concealer,Smashbox,Makeup,Face,29.0,4.3951,25465,739.0,12.18
P467974,Always On Cream Shadow,Smashbox,Makeup,Eye,28.0,4.3755,23653,727.0,11.76
P439936,Gloss Angeles Lip Gloss,Smashbox,Makeup,Lip,25.0,4.5058,20339,429.0,10.5
P477825,Smashbox X BECCA Shimmering Skin Perfector Pressed Highlighter,Smashbox,Makeup,Face,40.0,4.7143,18600,154.0,16.8
P284701,Full Exposure Lash Volumizing Mascara,Smashbox,Makeup,Eye,28.0,3.9737,17104,1139.0,11.76
P429021,Super Fan Lash Lengthening Mascara,Smashbox,Makeup,Eye,28.0,4.2082,16780,1153.0,11.76
P477824,Smashbox X BECCA Mini Shimmering Skin Perfector Pressed Highlighter,Smashbox,Mini Size,Makeup,23.0,5.0,15983,2.0,10.35
P260311,Waterproof Brow Tech To Go Pencil & Gel Brush,Smashbox,Makeup,Eye,28.0,4.273,13313,773.0,11.76
P479989,Mini Photo Finish Primerizer+ Hydrating Face Primer with Hyaluronic Acid,Smashbox,Mini Size,Makeup,16.0,4.5432,13260,521.0,7.2
P479985,Photo Finish Primerizer+ Hydrating Face Primer with Hyaluronic Acid,Smashbox,Makeup,Face,42.0,4.5432,8883,521.0,17.64
P454358,Jumbo Photo Finish Smooth & Blur Oil-Free Foundation Primer,Smashbox,Makeup,Face,60.0,4.8,8341,10.0,25.2
P453267,Mindful 5 Nourishing Lip Oil,Smashbox,Makeup,Lip,18.0,4.3695,7787,609.0,7.56
P417882,Always On Waterproof Gel Eye Liner,Smashbox,Makeup,Eye,23.0,3.9912,7591,114.0,9.66
P456374,Halo Fresh Setting & Perfecting Powder,Smashbox,Makeup,Face,43.0,4.2727,7401,506.0,18.06
P479988,Mini Photo Finish Control Mattifying Face Primer with Salicylic Acid,Smashbox,Mini Size,Makeup,16.0,4.3884,6715,430.0,7.2
P439937,Gloss Angeles Extra Shine Clear Lip Gloss,Smashbox,Makeup,Lip,25.0,4.303,6677,33.0,10.5
P479982,Photo Finish Control Mattifying Face Primer with Salicylic Acid,Smashbox,Makeup,Face,42.0,4.3884,6664,430.0,17.64
P500297,Mini Halo Healthy Glow Tinted Moisturizer Broad Spectrum SPF 25 with Hyaluronic Acid,Smashbox,Mini Size,Makeup,16.0,3.3333,6593,12.0,7.2
P429910,Always On Liquid Eyeliner,Smashbox,Makeup,Eye,23.0,3.1277,6000,188.0,9.66
P479983,Photo Finish Correct Anti-Redness Face Primer,Smashbox,Makeup,Face,42.0,3.9269,5941,424.0,17.64
P398372,Brow Tech Matte Pencil & Brush,Smashbox,Makeup,Eye,21.0,3.8165,5844,158.0,8.82
P479986,Mini Photo Finish Correct Anti-Redness Face Primer,Smashbox,Mini Size,Makeup,16.0,3.9269,5363,424.0,7.2
P501284,Halo Sheer To Stay Cream Cheek + Lip Tint,Smashbox,Makeup,Cheek,28.0,4.1971,3868,416.0,11.76
P479987,Mini Photo Finish Illuminate Glow Face Primer,Smashbox,Mini Size,Makeup,16.0,4.4146,3454,410.0,7.2
P479984,Photo Finish Illuminate Glow Face Primer,Smashbox,Makeup,Face,42.0,4.4146,2829,410.0,17.64
P501511,Photo Finish Intensify 24 Hour Eyeshadow Primer,Smashbox,Makeup,Eye,26.0,3.7143,2268,14.0,10.92
P482744,Mini Photo Finish Revitalize 8-in-1 Primer Essence,Smashbox,Makeup,Face,17.0,4.3406,1822,461.0,7.14
P502061,Photo Finish Endurance Breathable Setting Spray,Smashbox,Makeup,Face,32.0,4.399,1490,416.0,13.44
P502009,Mini Photo Finish Endurance Breathable Setting Spray,Smashbox,Mini Size,Makeup,17.0,4.399,1450,416.0,7.65
P482743,Photo Finish Revitalize 8-in-1 Primer Essence,Smashbox,Makeup,Face,31.0,4.3406,1124,461.0,13.02
P503218,Skin Obsessed Color-Correcting Primer Set,Smashbox,Makeup,Face,42.0,,1118,,17.64
P504170,On-Set Essentials: Primer + Setting Spray Trio Set,Smashbox,Makeup,Face,34.0,,803,,14.28
P447213,4.5% Retinol Serum,SOBEL SKIN Rx,Skincare,Treatments,105.0,4.4459,6274,148.0,39.9
P451748,15% Niacinamide Gel Serum,SOBEL SKIN Rx,Skincare,Treatments,75.0,4.1591,1702,132.0,28.5
P451745,30% Glycolic Acid Peel Concentrate,SOBEL SKIN Rx,Skincare,Treatments,46.0,4.125,3924,24.0,17.48
P451750,Oligo Peptide Eye Cream,SOBEL SKIN Rx,Skincare,Eye Care,65.0,4.5,1832,6.0,24.7
P477706,35% Vitamin C Fusion Serum,SOBEL SKIN Rx,Skincare,Treatments,105.0,5.0,906,3.0,39.9
P504698,Bio Hyaluronic Moisturizer Cream,SOBEL SKIN Rx,Skincare,Moisturizers,95.0,,5,,36.1
P406080,Brazilian Bum Bum Body Cream,Sol de Janeiro,Bath & Body,Body Moisturizers,48.0,4.298,470934,8671.0,19.2
P444048,Bum Bum Jet Set,Sol de Janeiro,Bath & Body,Value & Gift Sets,30.0,4.5094,256184,901.0,12.0
P421481,Mini Brazilian Crush Body Fragrance Mist,Sol de Janeiro,Mini Size,Fragrance,24.0,4.4698,247502,1275.0,10.8
P417312,Brazilian Crush Cheirosa ’62 Bum Bum Hair & Body Fragrance Mist,Sol de Janeiro,Fragrance,Women,24.0,4.3049,245440,1814.0,7.2
P425318,Mini Brazilian Bum Bum Cream,Sol de Janeiro,Mini Size,Bath & Body,22.0,4.2958,197588,8550.0,9.9
P472072,Brazilian Crush Cheirosa ’40 Bom Dia Hair & Body Fragrance Mist,Sol de Janeiro,Fragrance,Women,24.0,4.3928,154827,802.0,7.2
P442821,Glowmotions Glow Body Oil,Sol de Janeiro,Bath & Body,Body Moisturizers,35.0,4.081,141170,642.0,14.0
P411862,Brazilian 4 Play Moisturizing Shower Cream-Gel,Sol de Janeiro,Bath & Body,Bath & Shower,26.0,4.2868,135345,1154.0,10.4
P483156,Brazilian Crush Cheirosa ’68 Beija Flor Hair & Body Fragrance Mist,Sol de Janeiro,Fragrance,Women,38.0,4.2588,115408,452.0,11.4
P482745,Mini Brazilian Crush Cheirosa ’68 Beija Flor Hair & Body Fragrance Mist,Sol de Janeiro,Mini Size,Fragrance,24.0,4.0855,109403,269.0,10.8
P482316,Beija Flor Elasti-Cream with Collagen and Squalane,Sol de Janeiro,Bath & Body,Body Moisturizers,48.0,4.1135,95477,758.0,19.2
P463959,Brazilian Crush Cheirosa ’71 Hair & Body Fragrance Mist,Sol de Janeiro,Fragrance,Women,24.0,4.118,90928,754.0,7.2
P470125,Bom Dia Bright Body Cream with Vitamin C,Sol de Janeiro,Bath & Body,Body Moisturizers,48.0,4.4284,81968,971.0,19.2
P503931,Bum Bum Firmeza Firming & Debloating Body Oil,Sol de Janeiro,Bath & Body,Body Moisturizers,52.0,4.3943,79665,175.0,20.8
P459306,Bum Bum Body Scrub,Sol de Janeiro,Bath & Body,Bath & Shower,42.0,4.1114,79581,404.0,16.8
P415747,Brazilian Kiss Cupuaçu Lip Butter,Sol de Janeiro,Skincare,Lip Balms & Treatments,18.0,4.1304,118586,1350.0,6.84
P449169,Brazilian Crush Cheirosa ’39 Coco Cabana Hair & Body Fragrance Mist,Sol de Janeiro,Fragrance,Women,24.0,4.1028,71657,321.0,7.2
P500027,Brazilian Joia  Milky Leave-In Conditioner,Sol de Janeiro,Hair,Hair Styling & Treatments,28.0,4.4901,65252,302.0,12.6
P479990,Brazilian Glossy Nourishing Anti-Frizz Hair Oil,Sol de Janeiro,Hair,Hair Styling & Treatments,34.0,4.0191,63451,419.0,15.3
P482317,Mini Beija Flor Elasti-Cream with Collagen and Squalane,Sol de Janeiro,Bath & Body,Body Moisturizers,22.0,3.9178,62475,219.0,8.8
P472187,Rio Deo Aluminum-Free Refillable Deodorant Cheirosa '62,Sol de Janeiro,Bath & Body,Body Care,16.0,3.7284,61529,729.0,6.4
P448211,Coco Cabana Intense Hydration Body Cream,Sol de Janeiro,Bath & Body,Body Moisturizers,48.0,3.3654,51711,1894.0,19.2
P470126,Mini Bom Dia Bright Body Cream,Sol de Janeiro,Bath & Body,Mini Size,22.0,4.2343,47988,303.0,8.8
P457858,Coco Cabana Jet Set,Sol de Janeiro,Bath & Body,Value & Gift Sets,30.0,3.9063,45721,96.0,12.0
P406081,Samba 2-Step Foot Fetish Care,Sol de Janeiro,Bath & Body,Body Moisturizers,27.0,4.2733,45216,322.0,10.8
P467265,Triple Brazilian Butter Hair Repair Treatment Mask,Sol de Janeiro,Hair,Hair Styling & Treatments,36.0,4.2262,38105,451.0,16.2
P501775,Bom Dia Bright Clarifying AHA BHA Body Wash,Sol de Janeiro,Bath & Body,Bath & Shower,26.0,4.6685,36272,181.0,10.4
P476427,Brazilian Touch Hand Cream,Sol de Janeiro,Bath & Body,Body Moisturizers,16.0,4.1064,27553,94.0,6.4
P501809,Bom Dia Body Scrub 10% AHA BHA Resurfacing Complex + Crushed Maracujá Seeds,Sol de Janeiro,Bath & Body,Bath & Shower,42.0,4.784,27021,125.0,16.8
P449168,Coco Cabana Body Cream - With New Coconut Scent and Plush Moisture Mini,Sol de Janeiro,Bath & Body,Mini Size,22.0,3.1165,26523,352.0,8.8
P447775,Brazilian 4 Play Moisturizing Shower Cream-Gel Mini,Sol de Janeiro,Bath & Body,Mini Size,10.0,4.1687,26229,83.0,4.0
P503113,SOL Cheirosa '62 Eau de Parfum,Sol de Janeiro,Fragrance,Women,78.0,4.1163,25595,86.0,23.4
P457275,Coco Cabana Moisturizing Body Cream-Cleanser,Sol de Janeiro,Bath & Body,Bath & Shower,26.0,4.2128,22545,94.0,10.4
P504143,Rio Deo Aluminum-Free Deodorant Cheirosa '40,Sol de Janeiro,Bath & Body,Body Care,16.0,3.4444,20982,63.0,6.4
P503096,Mini SOL Cheirosa 62 Eau de Parfum,Sol de Janeiro,Mini Size,Fragrance,26.0,3.3182,16721,22.0,11.7
P457276,Mini Coco Cabana Moisturizing Body Cream-Cleanser,Sol de Janeiro,Bath & Body,Mini Size,10.0,3.4359,15631,39.0,4.0
P504332,Body Firmeza Massage Tool,Sol de Janeiro,Bath & Body,Body Care,20.0,4.8,9485,5.0,8.0
P505159,Mini Rio Radiance Perfume Mist,Sol de Janeiro,Mini Size,Fragrance,24.0,4.2626,9173,99.0,10.8
P505154,Rio Radiance Perfume Mist,Sol de Janeiro,Fragrance,Women,38.0,4.2626,3232,99.0,11.4
P505355,Brazilian Joia Strengthening + Smoothing Shampoo,Sol de Janeiro,Hair,Shampoo & Conditioner,26.0,5.0,987,29.0,11.7
P505372,Brazilian Joia Strengthening + Smoothing Conditioner,Sol de Janeiro,Hair,Shampoo & Conditioner,26.0,5.0,963,31.0,11.7
P505341,Mini Brazilian Joia Strengthening + Smoothing Shampoo,Sol de Janeiro,Hair,Shampoo & Conditioner,12.0,,581,,5.4
P505352,Mini Brazilian Joia Strengthening + Smoothing Conditioner,Sol de Janeiro,Hair,Shampoo & Conditioner,12.0,5.0,309,1.0,5.4
P504508,Set + Protect Makeup Setting Spray SPF 30 with Hyaluronic Acid,Soleil Toujours,Makeup,Face,42.0,4.5,2836,10.0,17.64
P504517,Brightening Eye Cream Mineral SPF 15 with Peptides,Soleil Toujours,Skincare,Eye Care,68.0,4.8667,1880,15.0,25.84
P504509,Hydra Lip Masque Mineral SPF 15 with Peptides,Soleil Toujours,Skincare,Lip Balms & Treatments,26.0,4.6667,1420,12.0,9.88
P504513,Tinted Glow Lotion Mineral SPF 50,Soleil Toujours,Bath & Body,Body Moisturizers,58.0,4.381,1982,21.0,23.2
P504515,Daily Defense Moisturizer Mineral SPF 60 with Vitamin C,Soleil Toujours,Skincare,Moisturizers,58.0,3.8,1375,10.0,22.04
P504510,Clean Conscious Body Sunscreen Mist with Vitamin C,Soleil Toujours,Bath & Body,Sunscreen,36.0,4.6957,1279,23.0,14.4
P504519,Daily Defense Mineral Body Lotion SPF 30,Soleil Toujours,Bath & Body,Body Moisturizers,58.0,5.0,772,8.0,23.2
P481831,Tan Tonic Glow Drops,St. Tropez,Skincare,Self Tanners,42.0,4.6686,11386,1053.0,15.96
P407450,Self Tan Classic Bronzing Mousse,St. Tropez,Skincare,Self Tanners,34.0,4.2602,28627,515.0,12.92
P481830,Self-Tan Luxe Whipped Crème Mousse,St. Tropez,Skincare,Self Tanners,48.0,4.6335,7559,502.0,18.24
P407448,Self Tan Express Bronzing Mousse,St. Tropez,Skincare,Self Tanners,46.0,4.1109,27207,442.0,17.48
P456206,Self Tan Purity Vitamins Bronzing Water Body Mist,St. Tropez,Skincare,Self Tanners,45.0,4.3905,10541,402.0,17.1
P432262,Self Tan Purity Bronzing Water Face Mist,St. Tropez,Skincare,Self Tanners,33.0,3.88,33699,400.0,12.54
P481832,Gradual Tan Watermelon Daily Firming Lotion,St. Tropez,Skincare,Self Tanners,29.0,4.3238,4749,386.0,11.02
P456400,Double Sided Luxe Tan Applicator Mitt,St. Tropez,Skincare,Self Tanners,9.0,4.5556,25187,378.0,3.42
P429683,Self Tan Purity Bronzing Water Mousse,St. Tropez,Skincare,Self Tanners,44.0,3.8312,9236,160.0,16.72
P407452,Self Tan Dark Bronzing Mousse,St. Tropez,Bath & Body,Self Tanners,45.0,3.9025,8302,236.0,18.0
P419466,Tan Build Up Remover Mitt,St. Tropez,Skincare,Self Tanners,9.0,4.9492,10899,59.0,3.42
P442747,Self Tan Purity Water Gel,St. Tropez,Skincare,Self Tanners,44.0,3.3103,1821,58.0,16.72
P456204,Purity Tanning Waters Mini Kit,St. Tropez,Skincare,Value & Gift Sets,25.0,3.2,8774,30.0,9.5
P456401,Self Tan Express Bronzing Gel,St. Tropez,Skincare,Self Tanners,46.0,3.4783,2845,23.0,17.48
P456203,Self Tan Express Starter Kit,St. Tropez,Skincare,Value & Gift Sets,20.0,3.5263,5979,19.0,7.6
P482318,Gradual Tan Tinted Daily Firming Lotion,St. Tropez,Skincare,Self Tanners,29.0,2.75,1397,16.0,11.02
P409602,Self Tan Classic Bronzing Mist,St. Tropez,Bath & Body,Self Tanners,44.0,3.8095,2647,21.0,17.6
P407201,Self Tan Classic Bronzing Lotion,St. Tropez,Bath & Body,Self Tanners,44.0,3.6296,2017,27.0,17.6
P504785,Luxe Body Serum,St. Tropez,Bath & Body,Body Moisturizers,48.0,4.8173,1791,892.0,19.2
P471796,Self Tan Kit,St. Tropez,Bath & Body,Value & Gift Sets,20.0,4.0,1457,1.0,8.0
P483691,Gradual Tan Classic Daily Youth Boosting Cream,St. Tropez,Skincare,Self Tanners,29.0,5.0,1740,1.0,11.02
P63087293,Glitter & Glow Liquid Eye Shadow,stila,Makeup,Eye,25.0,4.5079,462133,1967.0,10.5
P253818,Stay All Day Waterproof Liquid Eye Liner,stila,Makeup,Eye,24.0,4.3407,398429,11255.0,10.08
P427385,Shimmer & Glow Liquid Eye Shadow,stila,Makeup,Eye,25.0,4.6466,183848,1197.0,10.5
P261621,Smudge Stick Waterproof Eye Liner,stila,Makeup,Eye,22.0,3.9002,78709,2014.0,9.24
P269019,One Step Correct,stila,Makeup,Face,36.0,3.9811,63398,1267.0,15.12
P406281,Correct & Perfect All-In-One Color Correcting Palette,stila,Makeup,Face,45.0,4.16,53317,175.0,18.9
P429008,Stay All Day Waterproof Liquid Eye Liner - Micro Tip,stila,Makeup,Eye,24.0,4.0805,26788,348.0,10.08
P397901,Huge Extreme Lash Mascara,stila,Makeup,Eye,26.0,3.9279,25064,916.0,10.92
P466152,Stay All Day Dual-Ended Waterproof Liquid Eye Liner,stila,Makeup,Eye,32.0,3.8276,17870,58.0,13.44
P482319,Mini Stay All Day Waterproof Liquid Eye Liner,stila,Mini Size,Makeup,12.0,3.3889,13018,18.0,5.4
P504316,Glisten & Glow Liquid Eye Shadow,stila,Makeup,Eye,25.0,,4147,,10.5
P474113,TL Advanced  Tightening Neck Cream PLUS for Firming & Brightening,StriVectin,Skincare,Moisturizers,95.0,4.0392,10042,153.0,36.1
P474117,Mini TL Advanced  Tightening Neck Cream PLUS for Firming & Brightening,StriVectin,Skincare,Moisturizers,15.0,4.0392,7539,153.0,5.7
P474110,Super-C Retinol Brighten & Correct Vitamin C Serum,StriVectin,Skincare,Treatments,72.0,4.6491,11839,114.0,27.36
P474121,SD Advanced  PLUS Intensive Moisturizer For Wrinkles & Stretch Marks,StriVectin,Skincare,Moisturizers,82.0,4.6848,3783,92.0,31.16
P474109,Daily Reveal  Exfoliating Face Pads with AHA + BHA + PHA + TXA,StriVectin,Skincare,Treatments,45.0,4.75,7120,64.0,17.1
P474122,Advanced Retinol Nightly Renewal Face Moisturizer with Retinol,StriVectin,Skincare,Moisturizers,119.0,4.7813,4940,64.0,45.22
P474119,Line BlurFector  Instant Wrinkle Blurring Face Primer,StriVectin,Makeup,Face,39.0,4.5882,5673,51.0,16.38
P474111,Super-C SPF 30 Vitamin C Face Moisturizer,StriVectin,Skincare,Moisturizers,69.0,4.6538,2182,52.0,26.22
P480191,Contour Restore Tightening & Sculpting Moisturizing Face Cream,StriVectin,Skincare,Moisturizers,99.0,4.7708,2824,48.0,37.62
P474116,Peptight  360˚ Tightening Eye Serum,StriVectin,Skincare,Eye Care,72.0,4.4894,6166,47.0,27.36
P474115,Peptight  Tightening & Brightening Face Serum,StriVectin,Skincare,Treatments,99.0,4.8085,3033,47.0,37.62
P474107,Hyaluronic Tripeptide Gel-Cream for Eyes,StriVectin,Skincare,Eye Care,65.0,4.6889,3261,45.0,24.7
P481743,Peptight Tightening Neck Serum Roller,StriVectin,Skincare,High Tech Tools,79.0,4.7955,9271,44.0,30.02
P481742,Advanced Retinol Daily Repair Face Moisturizer Broad Spectrum SPF 30,StriVectin,Skincare,Moisturizers,99.0,4.7143,1162,42.0,37.62
P504050,Advanced Retinol Nightly Multi Correct Serum,StriVectin,Skincare,Treatments,99.0,4.7857,855,42.0,37.62
P474118,Intensive Eye Cream Concentrate for Wrinkles PLUS,StriVectin,Skincare,Eye Care,72.0,4.425,5072,40.0,27.36
P502758,Super-C Dark Circle Brightening Eye Serum,StriVectin,Skincare,Eye Care,65.0,4.55,1322,40.0,24.7
P474124,Crepe Control  Tightening Body Cream,StriVectin,Bath & Body,Body Moisturizers,59.0,4.6667,3886,27.0,23.6
P474125,The Gamechangers,StriVectin,Skincare,Value & Gift Sets,79.0,4.68,2820,25.0,30.02
P474123,Crepe Control  Exfoliating Body Scrub,StriVectin,Bath & Body,Bath & Shower,35.0,4.8333,3374,24.0,14.0
P474114,Power Starters Tightening Trio,StriVectin,Skincare,Value & Gift Sets,89.0,4.5263,3322,19.0,33.82
P505378,Multi Action Clear Acne Control 30-Day Trial Kit,StriVectin,Skincare,Value & Gift Sets,39.0,4.875,43,8.0,14.82
P505381,Multi Action Clear Gentle Daily Brightening & Retexturizing Toner for Acne and Breakouts,StriVectin,Skincare,Cleansers,39.0,5.0,23,3.0,14.82
P505392,Multi Action Clear Acne Clearing Treatment Lotion for Breakouts,StriVectin,Skincare,Treatments,49.0,5.0,13,1.0,18.62
P505379,Multi Action Clear Gentle Daily Clarifying Cleanser for Acne and Breakouts,StriVectin,Skincare,Cleansers,29.0,,23,,11.02
P469538,Anti-Aging First Care Activating Serum,Sulwhasoo,Skincare,Treatments,89.0,4.5707,25847,976.0,33.82
P476729,Mini First Care Activating Serum,Sulwhasoo,Skincare,Mini Size,25.0,4.5707,11881,976.0,9.5
P505346,First Care Activating Serum 25th Anniversary Limited Edition,Sulwhasoo,Skincare,Treatments,110.0,4.5825,399,958.0,41.8
P450633,Gentle Cleansing Oil Makeup Remover,Sulwhasoo,Skincare,Cleansers,40.0,4.4532,31523,406.0,15.2
P476730,Mini Gentle Cleansing Oil Makeup Remover,Sulwhasoo,Skincare,Mini Size,13.0,4.4532,23559,406.0,4.94
P481833,Concentrated Ginseng Renewing Cream,Sulwhasoo,Skincare,Moisturizers,260.0,4.4766,3616,342.0,98.8
P469537,Bestsellers Trial Kit,Sulwhasoo,Skincare,Value & Gift Sets,58.0,4.702,26274,302.0,22.04
P450632,Gentle Cleansing Foam Hydrating Makeup Remover,Sulwhasoo,Skincare,Cleansers,38.0,4.5596,22064,277.0,14.44
P476731,Mini Gentle Cleansing Foam Hydrating Makeup Remover,Sulwhasoo,Skincare,Mini Size,12.0,4.5596,12981,277.0,4.56
P483708,Mini Essential Comfort Firming Cream,Sulwhasoo,Skincare,Moisturizers,28.0,4.5019,3008,257.0,10.64
P483692,Essential Comfort Firming Cream,Sulwhasoo,Skincare,Moisturizers,120.0,4.5019,2534,257.0,45.6
P502395,Concentrated Ginseng Renewing Serum,Sulwhasoo,Skincare,Treatments,210.0,4.6972,1645,142.0,79.8
P475172,Overnight Vitalizing Mask,Sulwhasoo,Skincare,Masks,54.0,4.717,12664,106.0,20.52
P481834,Concentrated Ginseng Renewing Cream Classic,Sulwhasoo,Skincare,Moisturizers,260.0,4.8,1615,60.0,98.8
P481835,Mini Concentrated Ginseng Renewing Cream,Sulwhasoo,Mini Size,Skincare,52.0,4.4766,2968,342.0,23.4
P463110,Clarifying Peel Off Mask,Sulwhasoo,Skincare,Masks,45.0,4.5,2963,10.0,17.1
P502393,Mini Concentrated Ginseng Renewing Serum,Sulwhasoo,Mini Size,Skincare,65.0,4.6972,1471,142.0,29.25
P483694,Essential Comfort Balancing Water,Sulwhasoo,Skincare,Moisturizers,68.0,5.0,3539,4.0,25.84
P463109,Overnight Vitalizing Sleeping Mask,Sulwhasoo,Skincare,Masks,54.0,3.25,259,4.0,20.52
P502448,Concentrated Ginseng Renewing Eye Cream,Sulwhasoo,Skincare,Eye Care,140.0,4.3333,3126,3.0,53.2
P483693,Essential Comfort Moisture Cream,Sulwhasoo,Skincare,Moisturizers,80.0,5.0,2324,3.0,30.4
P501175,White Ginseng Radiance Refining Mask,Sulwhasoo,Skincare,Masks,68.0,5.0,1769,1.0,25.84
P483086,Essential Comfort Balancing Emulsion,Sulwhasoo,Skincare,Moisturizers,72.0,4.0,923,1.0,27.36
P502474,Concentrated Ginseng Renewing Rescue Ampoule,Sulwhasoo,Skincare,Treatments,130.0,,1085,,49.4
P502381,Concentrated Ginseng Renewing Sheet Masks,Sulwhasoo,Skincare,Masks,120.0,,1048,,45.6
P505270,First Care Radiance Set,Sulwhasoo,Skincare,Value & Gift Sets,95.0,,352,,36.1
P505358,Concentrated Ginseng Renewing Cream Set,Sulwhasoo,Skincare,Value & Gift Sets,260.0,,74,,98.8
P429952,Jet Lag Mask,Summer Fridays,Skincare,Masks,49.0,4.0262,245435,4427.0,18.62
P480630,Mini Jet Lag Mask,Summer Fridays,Skincare,Masks,26.0,4.0262,2900,4427.0,9.88
P501777,Sheer Skin Tint with Hyaluronic Acid + Squalane,Summer Fridays,Makeup,Face,42.0,4.4694,84197,409.0,17.64
P455936,Lip Butter Balm,Summer Fridays,Skincare,Lip Balms & Treatments,24.0,4.2662,359649,1157.0,9.12
P449180,CC Me Vitamin C + Niacinamide Serum,Summer Fridays,Skincare,Treatments,68.0,4.0893,80956,896.0,25.84
P466153,Cloud Dew Gel Cream Moisturizer,Summer Fridays,Skincare,Moisturizers,45.0,4.4613,51838,646.0,17.1
P479125,Mini Cloud Dew Oil-Free Gel Cream,Summer Fridays,Skincare,Moisturizers,17.0,4.4613,12092,646.0,6.46
P436387,Overtime Mask,Summer Fridays,Skincare,Masks,49.0,4.4087,68583,531.0,18.62
P469189,Summer Silk Nourishing Body Lotion,Summer Fridays,Bath & Body,Body Moisturizers,28.0,3.7407,30301,270.0,11.2
P440504,R + R Mask,Summer Fridays,Skincare,Masks,54.0,3.7972,47304,493.0,20.52
P482074,Dream Oasis Deep Hydration Serum,Summer Fridays,Skincare,Treatments,44.0,4.7361,41405,485.0,16.72
P480192,Light Aura Vitamin C + Peptide Eye Cream,Summer Fridays,Skincare,Eye Care,42.0,4.3596,40911,381.0,15.96
P455242,Super Amino Gel Cleanser,Summer Fridays,Skincare,Cleansers,35.0,4.0833,30871,312.0,13.3
P471283,Babymoon Belly Balm,Summer Fridays,Bath & Body,Body Moisturizers,29.0,4.0882,14348,102.0,11.6
P503827,Midnight Ritual Retinol Renewal Serum,Summer Fridays,Skincare,Treatments,69.0,4.7588,14766,228.0,26.22
P476028,Heavenly Sixteen All-In-One Face Oil,Summer Fridays,Skincare,Moisturizers,55.0,4.4507,46744,213.0,20.9
P472333,ROOT REFRESH Micellar Rinse with Apple Cider Vinegar,SUNDAY II SUNDAY,Hair,Hair Styling & Treatments,31.0,4.1176,7622,51.0,13.95
P472335,REVIVE ME Daily Moisturizing Spray,SUNDAY II SUNDAY,Hair,Hair Styling & Treatments,31.0,4.6,5426,25.0,13.95
P472334,SOOTHE ME Daily Scalp Serum for Dry Scalp Relief,SUNDAY II SUNDAY,Hair,Hair Styling & Treatments,28.0,4.3889,3799,18.0,12.6
P472337,HAIR FLOURISH Vegan Biotin Gummies,SUNDAY II SUNDAY,Hair,Hair Styling & Treatments,30.0,4.9,3595,10.0,13.5
P472336,"Hair Flourish, Biotin Infused Scalp Serum",SUNDAY II SUNDAY,Hair,Hair Styling & Treatments,28.0,4.0556,3320,18.0,12.6
P472340,Tea Tree Essential Oil,SUNDAY II SUNDAY,Hair,Hair Styling & Treatments,15.0,4.25,2734,4.0,6.75
P472339,Peppermint Essential Oil,SUNDAY II SUNDAY,Hair,Hair Styling & Treatments,15.0,5.0,2367,1.0,6.75
P502217,"Minis, Post Gym Hair Kit for Travel and Workout Bags",SUNDAY II SUNDAY,Hair,Value & Gift Sets,40.0,4.5,1945,4.0,18.0
P472338,Argan Essential Oil,SUNDAY II SUNDAY,Hair,Hair Styling & Treatments,15.0,4.5,1239,2.0,6.75
P483695,Signature Scalp Balancing Shampoo,SUNDAY II SUNDAY,Hair,Shampoo & Conditioner,20.0,4.25,875,12.0,9.0
P500999,Signature Scalp Balancing Scrub,SUNDAY II SUNDAY,Hair,Hair Styling & Treatments,31.0,4.5714,570,7.0,13.95
P500331,Signature Scalp Balancing Conditioner,SUNDAY II SUNDAY,Hair,Shampoo & Conditioner,20.0,4.2857,435,7.0,9.0
P309308,Good Genes All-In-One AHA Lactic Acid Treatment,Sunday Riley,Skincare,Treatments,122.0,4.3375,262434,5393.0,46.36
P393718,Luna Sleeping Retinoid Night Oil,Sunday Riley,Skincare,Moisturizers,105.0,4.0827,174483,2442.0,39.9
P410400,U.F.O. Salicylic Acid BHA Acne Treatment Face Oil,Sunday Riley,Skincare,Moisturizers,80.0,4.135,123202,2281.0,30.4
P418346,C.E.O. 15% Vitamin C Brightening Serum,Sunday Riley,Skincare,Treatments,85.0,4.1036,97114,1785.0,32.3
P476414,5 Stars Retinol + Niacinamide Eye Serum,Sunday Riley,Skincare,Eye Care,65.0,4.6414,35885,1718.0,24.7
P424948,Auto Correct Brightening + Depuffing Eye Cream for Dark Circles,Sunday Riley,Skincare,Eye Care,65.0,4.0286,52803,1679.0,24.7
P402718,Power Couple Advanced Retinol and Lactic Acid Duo,Sunday Riley,Skincare,Value & Gift Sets,72.0,4.3017,127982,1495.0,27.36
P448937,ICE Ceramide Moisturizer with Vitamin F,Sunday Riley,Skincare,Moisturizers,65.0,4.084,19213,1178.0,24.7
P418629,C.E.O. Vitamin C Brightening Rich Hydration Moisturizer,Sunday Riley,Skincare,Moisturizers,22.0,3.9918,5905,1101.0,8.36
P416139,Mini C.E.O. Vitamin C Brightening Rich Hydration Moisturizer,Sunday Riley,Skincare,Moisturizers,65.0,4.0133,63669,977.0,24.7
P309310,Ceramic Slip French Green Clay Cleanser,Sunday Riley,Skincare,Cleansers,35.0,3.8453,50777,950.0,13.3
P442761,C.E.O Glow Vitamin C + Turmeric Face Oil,Sunday Riley,Skincare,Moisturizers,80.0,4.0759,75741,843.0,30.4
P503726,B3 Nice 10% Niacinamide Serum,Sunday Riley,Skincare,Treatments,65.0,4.726,9940,624.0,24.7
P309306,Juno Antioxidant + Superfood Face Oil,Sunday Riley,Skincare,Moisturizers,72.0,4.3299,69459,585.0,27.36
P482551,C.E.O. Afterglow Brightening Vitamin C Moisturizer,Sunday Riley,Skincare,Moisturizers,65.0,4.666,16576,527.0,24.7
P483076,C.E.O. Afterglow Brightening Vitamin C Moisturizer,Sunday Riley,Skincare,Moisturizers,22.0,4.666,2817,527.0,8.36
P440075,A+ High-Dose Retinol Serum,Sunday Riley,Skincare,Treatments,85.0,4.2016,66551,516.0,32.3
P459499,Clean Rinse Clarifying Scalp Serum with Niacinamide,Sunday Riley,Hair,Hair Styling & Treatments,48.0,4.4026,17905,77.0,21.6
P402014,Blue Moon Clean-Rinse Cleansing Balm,Sunday Riley,Skincare,Cleansers,50.0,4.2717,15699,276.0,19.0
P432053,Multivitamins 15% Vitamin C + Retinol Mini Set,Sunday Riley,Skincare,Value & Gift Sets,28.0,3.8481,54878,158.0,10.64
P460627,Saturn Sulfur + Niacinamide Spot Treatment Mask,Sunday Riley,Skincare,Masks,20.0,3.1515,8678,99.0,7.6
P463964,Pink Drink Firming Resurfacing Peptide Face Mist,Sunday Riley,Skincare,Moisturizers,48.0,3.8085,19808,94.0,18.24
P503909,Mini C.E.O. Afterglow Brightening Vitamin C Moisturizer,Sunday Riley,Mini Size,Skincare,22.0,4.666,4009,527.0,9.9
P504223,Mini Good Genes All-In-One AHA Lactic Acid Treatment,Sunday Riley,Mini Size,Skincare,43.0,4.3375,3984,5393.0,19.35
P455235,Superstars Anti-Aging Serum and Eye Kit,Sunday Riley,Skincare,Value & Gift Sets,130.0,4.16,19425,25.0,49.4
P461535,All About Acne Breakout + Blackhead Set,Sunday Riley,Skincare,Value & Gift Sets,95.0,4.2,9837,25.0,36.1
P504219,Mini C.E.O. 15% Vitamin C Brightening Serum,Sunday Riley,Mini Size,Skincare,43.0,4.1181,2899,1677.0,19.35
P483495,Wake Up With Me Morning Routine Kit,Sunday Riley,Skincare,Value & Gift Sets,95.0,4.0769,11638,13.0,36.1
P483494,Go To Bed With Me Anti-Aging Night Routine,Sunday Riley,Skincare,Value & Gift Sets,93.0,4.0833,10461,12.0,35.34
P504207,Mini A+ High-Dose Retinol Serum,Sunday Riley,Mini Size,Skincare,43.0,5.0,1617,1.0,19.35
P454380,Unseen Sunscreen SPF 40 PA+++,Supergoop!,Skincare,Sunscreen,48.0,4.26,302951,3262.0,18.24
P470255,Mini Unseen Sunscreen SPF 40 PA+++,Supergoop!,Skincare,Mini Size,22.0,4.2604,66960,3260.0,8.36
P456218,Glowscreen Sunscreen SPF 40 PA+++ with Hyaluronic Acid + Niacinamide,Supergoop!,Skincare,Sunscreen,38.0,4.1513,231004,2049.0,14.44
P482320,Mini Glowscreen Sunscreen SPF 40 PA+++ with Hyaluronic Acid + Niacinamide,Supergoop!,Skincare,Sunscreen,22.0,3.9659,64624,1439.0,8.36
P454383,PLAY Everyday Sunscreen Lotion SPF 50 PA++++,Supergoop!,Skincare,Sunscreen,34.0,4.0954,60887,1059.0,12.92
P454384,Mini PLAY Everyday Lotion SPF 50 with Sunflower Extract,Supergoop!,Skincare,Mini Size,22.0,4.0954,12937,1059.0,8.36
P442701,Shimmershade Illuminating Cream Eyeshadow SPF 30,Supergoop!,Makeup,Eye,24.0,4.0567,41275,388.0,10.08
P439928,Superscreen Daily Moisturizer Sunscreen SPF 40 PA+++,Supergoop!,Skincare,Moisturizers,44.0,3.6997,42616,646.0,16.72
P466154,Daily Dose Vitamin C + SPF 40 Sunscreen Serum PA+++,Supergoop!,Skincare,Sunscreen,46.0,3.6736,41804,573.0,17.48
P463353,CC Screen 100% Mineral CC Cream SPF 50 PA++++,Supergoop!,Skincare,Moisturizers,44.0,3.4004,37695,527.0,16.72
P429953,Glow Stick Sunscreen SPF 50 PA++++,Supergoop!,Skincare,Sunscreen,26.0,3.6587,72075,501.0,9.88
P482324,Mini (Re) Setting Refreshing Mist SPF 40,Supergoop!,Mini Size,Skincare,20.0,2.6071,26353,56.0,9.0
P470057,Mineral Sheerscreen Sunscreen SPF 30 PA+++,Supergoop!,Skincare,Sunscreen,38.0,3.9473,21689,455.0,14.44
P482321,Mini Mineral Sheerscreen Sunscreen SPF 30 PA+++,Supergoop!,Skincare,Sunscreen,22.0,3.9473,4572,455.0,8.36
P453226,Bright-Eyed 100% Mineral Eye Cream SPF 40 PA+++,Supergoop!,Skincare,Eye Care,40.0,3.6045,26354,445.0,15.2
P454387,Glow Oil Body Sunscreen SPF 50 PA++++,Supergoop!,Skincare,Sunscreen,38.0,3.947,42598,396.0,14.44
P454388,Mini Glow Oil SPF 50 PA++++,Supergoop!,Skincare,Mini Size,15.0,3.947,20710,396.0,5.7
P482323,(Re) Setting Refreshing Mist SPF 40,Supergoop!,Skincare,Sunscreen,34.0,3.6649,32091,379.0,12.92
P467976,(Re)setting 100% Mineral Powder Sunscreen SPF 35 PA+++,Supergoop!,Skincare,Sunscreen,35.0,4.0426,68453,376.0,13.3
P504045,Daily Dose Bioretinol + Mineral SPF 40 with Bakuchiol,Supergoop!,Skincare,Treatments,46.0,4.7357,11846,367.0,17.48
P454392,Handscreen Sunscreen SPF 40,Supergoop!,Bath & Body,Body Moisturizers,38.0,3.9964,19560,277.0,15.2
P446909,Zincscreen 100% Mineral Sunscreen Lotion SPF 40 PA+++,Supergoop!,Skincare,Sunscreen,44.0,3.8729,20095,354.0,16.72
P482325,Every. Single. Face. Watery Lotion SPF 50,Supergoop!,Skincare,Sunscreen,34.0,4.2805,23635,353.0,12.92
P454389,PLAY Antioxidant Body Sunscreen Mist SPF 50 PA++++,Supergoop!,Skincare,Sunscreen,21.0,3.9048,28604,294.0,7.98
P479351,Daily Dose Hydra-Ceramide Boost + SPF 40 Sunscreen Oil PA+++,Supergoop!,Skincare,Moisturizers,46.0,4.3783,23310,267.0,17.48
P470058,Glowscreen Body Sunscreen SPF 40 PA+++,Supergoop!,Skincare,Sunscreen,42.0,4.4389,21531,262.0,15.96
P454393,Mini Handscreen SPF 40,Supergoop!,Bath & Body,Mini Size,14.0,3.9964,12909,277.0,5.6
P476733,Mineral Mattescreen Sunscreen SPF 40 PA+++,Supergoop!,Skincare,Sunscreen,38.0,4.0153,22699,131.0,14.44
P505211,(Glow)Setting 100% Mineral Powder SPF 35,Supergoop!,Skincare,Sunscreen,36.0,4.4758,2352,124.0,13.68
P454385,Mini PLAY Everyday Sunscreen Lotion SPF 30 PA++++,Supergoop!,Skincare,Sunscreen,34.0,4.3333,9058,57.0,12.92
P482322,Mini Mineral Mattescreen Sunscreen SPF 40 PA+++,Supergoop!,Skincare,Sunscreen,22.0,4.125,10079,24.0,8.36
P456407,PLAY Body Sunscreen Mousse SPF 50,Supergoop!,Skincare,Sunscreen,34.0,3.9583,6119,24.0,12.92
P454391,PLAY Antioxidant Body Sunscreen Mist SPF 30 PA++++,Supergoop!,Skincare,Sunscreen,21.0,3.3684,6277,19.0,7.98
P482746,PLAY 100% Mineral Lotion SPF 30 with Green Algae,Supergoop!,Skincare,Sunscreen,36.0,4.0909,2927,11.0,13.68
P504320,SPF Bestsellers Kit,Supergoop!,Skincare,Value & Gift Sets,30.0,3.75,9331,8.0,11.4
P500782,100% Mineral SPF Starter Kit,Supergoop!,Skincare,Value & Gift Sets,29.0,1.8,4707,5.0,11.02
P500060,Play! Mineral SPF Stick,Supergoop!,Skincare,Sunscreen,24.0,3.0,2951,4.0,9.12
P482747,PLAY Mineral Mist SPF 30 with Marigold Extract,Supergoop!,Skincare,Sunscreen,34.0,2.5,1971,2.0,12.92
P505208,100% Mineral Sunscreen Starter Kit,Supergoop!,Skincare,Value & Gift Sets,30.0,5.0,1702,1.0,11.4
P504911,Everyday SPF Faves,Supergoop!,Skincare,Value & Gift Sets,60.0,,865,,22.8
P471577,Moondust Hair Wash,Susteau,Hair,Shampoo & Conditioner,29.0,4.3269,6457,104.0,13.05
P471580,Moondust Hair Wash Fragrance Free,Susteau,Hair,Shampoo & Conditioner,29.0,4.2308,1581,26.0,13.05
P471578,Moondust Conditioner,Susteau,Hair,Shampoo & Conditioner,29.0,3.0,809,9.0,13.05
P471581,Moondust Conditioner Fragrance Free,Susteau,Hair,Shampoo & Conditioner,29.0,2.5,799,20.0,13.05
P415212,"Volumizing Hot Rollers LUXE for Volume, Body, and Shine",T3,Hair,Tools,139.99,3.4167,19066,96.0,63.0
P282405,SinglePass Compact Travel Styling Flat Iron with Cap (White & Rose Gold),T3,Tools & Brushes,Hair Tools,89.0,4.205,18706,200.0,44.5
P428229,SinglePass Curl 1.25” Professional Ceramic Curling Iron,T3,Hair,Tools,169.99,3.7983,16813,119.0,76.5
P477244,AireBrush Duo Interchangeable Hot Air Blow Dry Brush,T3,Hair,Tools,189.99,4.199,16677,196.0,85.5
P445425,"SinglePass Curl 1"" Professional Curling Iron",T3,Hair,Tools,169.99,4.5185,12455,27.0,76.5
P428228,SinglePass Wave Professional Tapered Ceramic Styling Wand,T3,Hair,Tools,169.99,4.4762,11045,42.0,76.5
P422239,BodyWaver 1.75” Professional Ceramic Styling Iron for Waves and Volume (White & Rose Gold),T3,Hair,Tools,169.99,3.3846,10547,65.0,76.5
P424208,Source Hand-Held Mineral Water Filter,T3,Hair,Tools,150.0,2.9286,9257,14.0,67.5
P469539,Fit Hair Dryer,T3,Hair,Tools,149.99,4.7,8228,200.0,67.5
P445441,Smooth Paddle Brush,T3,Hair,Tools,35.0,3.6,7599,15.0,15.75
P445439,Volume Round Brush,T3,Hair,Tools,35.0,3.1765,6250,17.0,15.75
P463355,Curl ID 1.25” Smart Curling Iron with Interactive Touch Interface,T3,Hair,Tools,249.0,4.5079,6027,63.0,112.05
P500153,AireLuxe Hair Dryer,T3,Hair,Tools,199.99,4.8415,5707,183.0,90.0
P500152,Edge Heated Smoothing & Styling Brush,T3,Hair,Tools,149.99,4.5736,5094,197.0,67.5
P502211,SinglePass Curl 1 ½” Professional Curling Iron,T3,Hair,Tools,169.99,4.8444,4753,45.0,76.5
P502161,Lucea 1 ½” Professional Straightening and Styling Iron,T3,Hair,Tools,189.99,4.9179,4440,195.0,85.5
P445440,Dry Vent Brush,T3,Hair,Tools,35.0,3.5,3809,8.0,15.75
P481501,Afar - Lightweight Travel Size Hair Dryer,T3,Hair,Tools,179.99,4.801,3749,206.0,81.0
P469540,Fit Diffuser,T3,Hair,Tools,25.0,2.6667,1551,3.0,11.25
P502204,SinglePass Curl ½” Professional Curling Iron,T3,Hair,Tools,169.99,4.9091,1522,44.0,76.5
P502212,SinglePass Curl ¾” Professional Curling Iron,T3,Hair,Tools,169.99,4.9216,1522,51.0,76.5
P500164,Soft Touch 3 Diffuser,T3,Hair,Tools,30.0,5.0,1291,1.0,13.5
P504176,Smooth ID 1” Digital Ceramic Flat Iron with Smart Heat Setting Personalization,T3,Hair,Tools,249.0,4.9143,1191,105.0,112.05
P500157,Smoothing Comb Blow Dryer Attachment,T3,Hair,Tools,30.0,1.0,599,1.0,13.5
P503810,AireBrush Duo 2.5” Round Brush Attachment,T3,Hair,Tools,45.0,,312,,20.25
P503812,AireBrush Duo 3.0” Paddle Brush Attachment,T3,Hair,Tools,45.0,,220,,20.25
P424988,THE FACE Illuminating Self-Tan Drops,TAN-LUXE,Skincare,Self Tanners,50.0,3.9894,55771,471.0,19.0
P424989,THE BODY Illuminating Self-Tan Drops,TAN-LUXE,Skincare,Self Tanners,60.0,4.1959,22970,194.0,22.8
P424986,THE BUTTER Illuminating Tanning Butter,TAN-LUXE,Skincare,Self Tanners,38.0,4.3425,17319,181.0,14.44
P424990,THE GRADUAL Illuminating Gradual Tan Lotion,TAN-LUXE,Skincare,Self Tanners,34.0,4.1111,23906,171.0,12.92
P447199,Super Glow Hyaluronic Self-Tan Serum,TAN-LUXE,Skincare,Self Tanners,49.0,3.9845,13931,129.0,18.62
P424985,THE WATER Hydrating Self-Tan Water,TAN-LUXE,Skincare,Self Tanners,48.0,4.0,14995,90.0,18.24
P424984,HYDRA MOUSSE Hydrating Self-Tan Mousse,TAN-LUXE,Skincare,Self Tanners,49.0,4.0769,6083,65.0,18.62
P456989,Super Glow Body Hyaluronic Self-Tan Serum,TAN-LUXE,Skincare,Self Tanners,49.0,3.6809,6917,47.0,18.62
P474376,Mini THE FACE Illuminating Self-Tan Drops,TAN-LUXE,Skincare,Self Tanners,25.0,3.7632,13586,38.0,9.5
P433440,Wonder Oil Illuminating Self-Tan Oil,TAN-LUXE,Skincare,Self Tanners,69.0,3.8182,4124,33.0,26.22
P424987,SLEEP OIL Rejuvenating Miracle Tanning Oil,TAN-LUXE,Skincare,Self Tanners,52.0,3.5,4731,24.0,19.76
P470545,Super Gloss Instant Bronzing Face Drops with SPF 30,TAN-LUXE,Skincare,Self Tanners,49.0,4.4286,5117,21.0,18.62
P432664,Instant Hero Skin Perfector,TAN-LUXE,Bath & Body,Self Tanners,36.0,3.4545,3205,11.0,14.4
P481837,The Crème Gradual Self-Tanning Face Moisturizer,TAN-LUXE,Skincare,Self Tanners,49.0,4.4444,4679,18.0,18.62
P432665,Glyco Water Self-Tan Eraser,TAN-LUXE,Bath & Body,Self Tanners,35.0,2.1429,1389,7.0,14.0
P278610,Amazonian Clay 12-Hour Blush,tarte,Makeup,Cheek,30.0,4.6131,375001,6187.0,12.6
P403812,Tartelette In Bloom Clay Eyeshadow Palette,tarte,Makeup,Eye,45.0,4.6624,359779,3303.0,18.9
P482750,Maracuja Juicy Lip Plump,tarte,Makeup,Lip,24.0,3.6902,225353,326.0,10.08
P391759,Tartelette Amazonian Clay Matte Eyeshadow Palette,tarte,Makeup,Eye,45.0,4.4715,194002,2225.0,18.9
P405601,SEA Quench Lip Rescue Balm,tarte,Makeup,Lip,19.0,4.2672,174115,1778.0,7.98
P423935,Tartelette Toasted Eyeshadow Palette,tarte,Makeup,Eye,45.0,4.4568,152180,902.0,18.9
P467977,Maracuja Juicy Lip Balm,tarte,Makeup,Lip,24.0,4.0149,148071,268.0,10.08
P433206,Maracuja Creaseless Concealer,tarte,Makeup,Face,29.0,3.2345,136004,1919.0,12.18
P376726,Maracuja Oil,tarte,Skincare,Moisturizers,48.0,4.396,79986,2419.0,18.24
P377542,BB blur tinted moisturizer Broad Spectrum SPF 30 Sunscreen,tarte,Makeup,Face,40.0,4.254,121421,3547.0,16.8
P111902,"Lights, Camera, Lashes 4-in-1 Mascara",tarte,Makeup,Eye,25.0,4.1675,112414,6585.0,10.5
P447364,Mini Maracuja Creaseless Concealer,tarte,Mini Size,Makeup,14.0,3.2108,107596,574.0,6.3
P427600,Chrome Paint Shadow Pot,tarte,Makeup,Eye,22.0,4.6314,95968,407.0,9.24
P405599,SEA drink of H2O hydrating boost moisturizer,tarte,Skincare,Moisturizers,39.0,4.2373,70039,1749.0,14.82
P429612,SEA H2O Lip Gloss,tarte,Makeup,Lip,19.0,4.2838,80397,458.0,7.98
P290629,Amazonian Clay Waterproof 12-Hour Concealer,tarte,Makeup,Face,25.0,4.0378,79657,1587.0,10.5
P67617,Amazonian Clay BB Tinted Moisturizer Broad Spectrum SPF 20 Sunscreen,tarte,Makeup,Face,39.0,4.2289,78502,2586.0,16.38
P262113,Amazonian Clay Matte Waterproof Bronzer,tarte,Makeup,Cheek,32.0,4.5594,72328,1044.0,13.44
P408432,Double Take Eyeliner,tarte,Makeup,Eye,26.0,4.2154,72299,1142.0,10.92
P413181,Tarteist Pro Cruelty-Free Lashes,tarte,Makeup,Eye,15.0,3.849,69002,437.0,6.3
P275309,Picture Perfect Duo,tarte,Mini Size,Makeup,21.0,3.9663,65213,1719.0,9.45
P405096,SEA Deep Dive Cleansing Gel,tarte,Skincare,Cleansers,12.0,4.312,48796,1157.0,4.56
P387228,Timeless Smoothing Primer,tarte,Makeup,Face,39.0,3.9469,56251,828.0,16.38
P392636,Tarteist Clay Paint Liner,tarte,Makeup,Eye,24.0,3.7019,55088,1362.0,10.08
P409631,SEA FRXXXTION Stick Exfoliating Cleanser,tarte,Skincare,Cleansers,22.0,4.5315,38635,969.0,8.36
P377545,Maracuja C-Brighter Eye Treatment,tarte,Skincare,Eye Care,39.0,4.0089,45734,901.0,14.82
P415984,Fake Awake Eye Highlighter,tarte,Makeup,Eye,22.0,3.9923,45588,260.0,9.24
P310018,Poreless Mattifying Primer,tarte,Makeup,Face,32.0,3.9068,44849,730.0,13.44
P456371,Maracuja Hydrating Tinted Moisturizer,tarte,Makeup,Face,30.0,4.0428,44454,304.0,12.6
P442792,babassu foundcealer skincare foundation SPF 20,tarte,Makeup,Face,40.0,3.8002,44242,856.0,16.8
P473000,SEA Hydroflex Serum Foundation,tarte,Makeup,Face,39.0,3.8897,43802,272.0,16.38
P286101,Gifted Amazonian Clay Smart Mascara,tarte,Makeup,Eye,25.0,4.3345,41336,1943.0,10.5
P408285,Lippie Lingerie Matte Lip Tint,tarte,Makeup,Lip,24.0,3.7698,39569,291.0,10.08
P405597,SEA The Airbrusher Double-Ended Concealer Brush,tarte,Makeup,Brushes & Applicators,27.0,4.5481,39447,135.0,11.34
P450535,Mini Amazonian Clay 12-Hour Blush,tarte,Makeup,Cheek,16.0,4.2152,37307,79.0,6.72
P427525,Clay Play Face Shaping Palette II,tarte,Makeup,Makeup Palettes,49.0,4.1957,37111,235.0,20.58
P387175,Colored Clay CC Undereye Corrector,tarte,Makeup,Face,28.0,4.2839,36594,722.0,11.76
P504200,maracuja juicy lip crème,tarte,Makeup,Lip,24.0,4.6667,36484,18.0,10.08
P179924,"Lights, Camera, Splashes Waterproof Mascara",tarte,Makeup,Eye,25.0,3.6866,35578,2055.0,10.5
P99809,Amazonian Clay Waterproof Bronzer,tarte,Makeup,Cheek,32.0,4.6236,34847,1145.0,13.44
P456586,SEA Jelly Glaze Anytime Lip Mask,tarte,Makeup,Lip,16.0,4.1618,34230,309.0,6.72
P420231,Sex Kitten Liquid Liner,tarte,Makeup,Eye,22.0,4.1388,32637,641.0,9.24
P397383,Opening Act Lash Primer,tarte,Makeup,Eye,25.0,4.4476,32213,382.0,10.5
P456601,SEA Breezy Cream Bronzer,tarte,Makeup,Cheek,29.0,4.4239,31242,184.0,12.18
P407637,Lash Paint Mascara,tarte,Makeup,Eye,25.0,4.0474,31221,1309.0,10.5
P481746,SEA Power Flex Full Coverage Vegan Concealer,tarte,Makeup,Face,28.0,3.681,30436,163.0,11.76
P481744,Mini SEA Power Flex Full Coverage Vegan Concealer,tarte,Makeup,Face,12.0,4.5,28818,12.0,5.04
P152703,Smooth Operator Amazonian Clay Tinted Pressed Finishing Powder,tarte,Makeup,Face,35.0,4.1933,28818,978.0,14.7
P453271,SEA Surfer Curl Volumizing Mascara,tarte,Makeup,Eye,24.0,3.3956,28698,819.0,10.08
P456602,SEA Mini Breezy Cream Bronzer,tarte,Makeup,Mini Size,14.0,4.4,27563,120.0,5.88
P414737,Pearly Girl Vegan Teeth Whitening Pen,tarte,Skincare,High Tech Tools,25.0,4.1788,69366,481.0,9.5
P413182,Tarteist Pro Lash Adhesive,tarte,Makeup,Eye,15.0,3.7105,26085,228.0,6.3
P500780,Maracuja Juicy Glow Highlighting Stick,tarte,Makeup,Face,29.0,4.1667,25798,12.0,12.18
P500620,Mini Clay Play To-Go Cheek Palette,tarte,Makeup,Cheek,25.0,4.303,25644,33.0,10.5
P472191,SEA Mini Breezy Cream Blush,tarte,Makeup,Mini Size,14.0,4.4167,24238,36.0,5.88
P473001,Mini SEA Hydroflex Serum Foundation,tarte,Makeup,Face,15.0,3.1071,23549,84.0,6.3
P440260,Tarteist Double Take Eyeliner- Travel Size,tarte,Makeup,Eye,15.0,3.4722,23193,180.0,6.3
P500182,tartelette tubing mascara,tarte,Makeup,Eye,25.0,3.6218,22941,156.0,10.5
P456587,SEA Breezy Blender Cream Bronzer Brush,tarte,Makeup,Brushes & Applicators,29.0,4.4688,21669,32.0,12.18
P469864,SEA Breezy Cream Blush,tarte,Makeup,Cheek,27.0,4.3636,20783,55.0,11.34
P242810,Amazonian Clay Waterproof Brow Pencil,tarte,Makeup,Eye,22.0,4.3535,20532,874.0,9.24
P472190,SEA H2O Balm Lip Tint,tarte,Makeup,Lip,21.0,3.7872,20129,47.0,8.82
P470550,Quick Stick Waterproof Shadow & Liner,tarte,Makeup,Eye,26.0,3.7541,19624,61.0,10.92
P473840,Tartelette Juicy Amazonian Clay Eyeshadow Palette,tarte,Makeup,Eye,45.0,4.2083,19428,24.0,18.9
P456604,Mini Maracuja Hydrating Tinted Moisturizer,tarte,Makeup,Mini Size,16.0,3.3704,18382,81.0,6.72
P441841,Micellar Magic Makeup Remover & Cleanser,tarte,Makeup,Accessories,18.0,3.414,17047,186.0,7.56
P430818,SEA Mermaid Skin Hyaluronic H2O Serum,tarte,Skincare,Treatments,15.0,4.1093,20912,302.0,5.7
P409630,SEA Pack Your Bags Undereye Patches,tarte,Skincare,Eye Care,22.0,4.1779,56808,298.0,8.36
P385760,Smooth Operator Amazonian Clay Finishing Setting Powder,tarte,Makeup,Face,35.0,3.7654,16687,260.0,14.7
P441843,Foundcealer Foundation Brush,tarte,Makeup,Brushes & Applicators,30.0,3.5079,16539,126.0,12.6
P453920,Mini SEA Surfer Curl Volumizing Mascara,tarte,Makeup,Eye,15.0,3.0037,16464,268.0,6.3
P450537,Mini Timeless Smoothing Primer,tarte,Makeup,Face,19.0,3.6222,15995,45.0,7.98
P450536,Mini Amazonian Clay Waterproof Bronzer,tarte,Makeup,Cheek,16.0,4.2857,15469,42.0,6.72
P504210,maracuja juicy lip liner,tarte,Makeup,Lip,20.0,4.3,15366,10.0,8.4
P473821,Amazonian Clay 16-Hour Full Coverage Foundation,tarte,Makeup,Face,40.0,3.3624,15089,574.0,16.8
P439932,"Mini Lights, Camera, Lashes 4-in-1 Mascara",tarte,Makeup,Eye,15.0,3.6266,14675,233.0,6.3
P469802,SEA Hydrocealer Concealer Brush,tarte,Makeup,Brushes & Applicators,22.0,4.8333,14674,6.0,9.24
P468224,Cheeky Claymate Face Palette,tarte,Makeup,Cheek,25.0,4.359,14424,39.0,10.5
P473856,The Buffer Airbrush Finish Foundation Brush,tarte,Makeup,Brushes & Applicators,34.0,3.6471,14072,17.0,14.28
P468223,Mini BB Blur Tinted Moisturizer Broad Spectrum SPF 30,tarte,Makeup,Face,16.0,2.6842,14013,38.0,6.72
P450534,Mini Opening Act Lash Primer,tarte,Makeup,Eye,15.0,3.8824,13289,51.0,6.3
P415990,Sex Kitten Eyeliner,tarte,Makeup,Eye,22.0,4.0595,12667,185.0,9.24
P420230,Pout Prep Lip Exfoliant,tarte,Skincare,Lip Balms & Treatments,16.0,4.1024,23307,205.0,6.08
P432866,SEA Quench Hydrating Primer,tarte,Makeup,Face,32.0,3.805,12114,200.0,13.44
P505244,tint & plump maracuja juicy lip duo,tarte,Makeup,Lip,29.0,4.5,11906,2.0,12.18
P469865,SEA Surfer Curl Waterproof Gel Eyeliner,tarte,Makeup,Eye,20.0,4.0345,10959,29.0,8.4
P501022,mini tartelette  tubing mascara,tarte,Mini Size,Makeup,15.0,3.6515,10610,66.0,6.75
P481745,SEA Power Flex Concealer Brush,tarte,Makeup,Brushes & Applicators,22.0,3.8889,10327,9.0,9.24
P505127,Maracuja Juicy Glow Skin Tint,tarte,Makeup,Face,40.0,3.68,10256,25.0,16.8
P442989,Youth or Dare Multi-Acid & C-Serum,tarte,Skincare,Treatments,42.0,3.1014,11296,138.0,15.96
P444433,Big Ego Mascara,tarte,Makeup,Eye,25.0,3.4153,9434,366.0,10.5
P447200,Baba Bomb Moisturizer,tarte,Skincare,Moisturizers,39.0,4.4104,10945,134.0,14.82
P454990,Mini babassu foundcealer skincare foundation SPF 20,tarte,Makeup,Face,16.0,3.52,9262,25.0,6.72
P452909,Frameworker Brow Pomade,tarte,Makeup,Eye,20.0,4.2,9043,60.0,8.4
P453918,Sketch & Set Brow Pencil and Tinted Gel,tarte,Makeup,Eye,25.0,4.0408,8980,49.0,10.5
P504215,Amazonian clay blurring powder foundation,tarte,Makeup,Face,39.0,4.125,8512,16.0,16.38
P441842,Foundcealer Multi-Tasking Sponge,tarte,Makeup,Brushes & Applicators,16.0,4.1186,7905,59.0,6.72
P479994,Shimmering Light Highlighter,tarte,Makeup,Face,32.0,4.6,7591,10.0,13.44
P440306,SEA Mini Drink of H2O Hydrating Boost Moisturizer,tarte,Skincare,Mini Size,14.0,3.5814,12223,86.0,5.32
P473335,SEA Hydro-Smoother Brush,tarte,Makeup,Brushes & Applicators,30.0,3.7,7254,10.0,12.6
P469800,SEA Glowtion Skin Perfector Primer,tarte,Makeup,Face,32.0,3.9429,7247,35.0,13.44
P473843,Mini Amazonian Clay 16-Hour Full Coverage Foundation,tarte,Mini Size,Makeup,16.0,3.7353,7057,34.0,7.2
P420232,Tarteist Brow Gel,tarte,Makeup,Eye,19.0,3.8679,6426,53.0,7.98
P474862,Best of SEA Must-Haves Hydroflex Foundation Customizable Set,tarte,Makeup,Face,39.0,2.25,6267,16.0,16.38
P446871,Mini Big Ego Mascara,tarte,Makeup,Eye,15.0,3.5385,6055,91.0,6.3
P454376,knockout daily exfoliating cleanser,tarte,Skincare,Cleansers,12.0,3.8983,5032,59.0,4.56
P450538,Travel Size Gifted Amazonian Clay Smart Mascara,tarte,Mini Size,Makeup,15.0,3.28,5672,25.0,6.75
P449835,Mini Maracuja Oil,tarte,Skincare,Mini Size,16.0,3.898,9396,49.0,6.08
P443762,Mini Lash Paint Mascara,tarte,Makeup,Eye,15.0,3.6667,5188,27.0,6.3
P454989,Mini Sketch & Set Brow Pencil and Tinted Gel,tarte,Makeup,Eye,14.0,3.3846,5165,13.0,5.88
P449836,Mini SEA Deep Dive Cleansing Gel,tarte,Skincare,Mini Size,12.0,4.2889,7205,45.0,4.56
P452910,Fill Service Brow Brush and Spoolie,tarte,Makeup,Brushes & Applicators,20.0,3.7692,5113,13.0,8.4
P479998,Amazonian Clay 16-Hour Full Coverage Foundation Custom Value Set,tarte,Makeup,Face,39.0,2.0,4699,1.0,16.38
P463968,Big Ego DIY Brow Detailing Pen,tarte,Makeup,Eye,21.0,3.5769,4678,26.0,8.82
P447409,Mini Baba Bomb Moisturizer,tarte,Skincare,Mini Size,14.0,4.1111,5514,36.0,5.32
P468415,SEA Hydrocealer Sponge,tarte,Makeup,Brushes & Applicators,16.0,,3668,,6.72
P504220,tartelette energy Amazonian clay palette,tarte,Makeup,Eye,25.0,4.3333,3602,6.0,10.5
P457468,Brazilliance 2HR Express Deep Foaming Self-Tanner,tarte,Skincare,Self Tanners,39.0,3.0417,2207,24.0,14.82
P504573,tartelette spark Amazonian clay palette,tarte,Makeup,Eye,25.0,,3522,,10.5
P454822,Mini SEA Mermaid Skin Hyaluronic H2O Serum,tarte,Skincare,Mini Size,15.0,3.6667,7287,21.0,5.7
P505137,Mini Maracuja Juicy Glow Skin Tint,tarte,Mini Size,Makeup,16.0,4.2,3157,5.0,7.2
P454377,Mini knockout daily exfoliating cleanser,tarte,Skincare,Mini Size,12.0,3.7895,4343,19.0,4.56
P502375,Brighter Smile Value Set,tarte,Makeup,Value & Gift Sets,29.0,,2766,,12.18
P449411,Mini Micellar Magic Makeup Remover & Cleanser,tarte,Skincare,Mini Size,9.0,3.4286,3357,14.0,3.42
P456434,knockout brightening gel moisturizer,tarte,Skincare,Moisturizers,14.0,4.25,2400,8.0,5.32
P502844,Mini Amazonian Clay Finishing Powder,tarte,Mini Size,Makeup,16.0,,1397,,7.2
P457279,Moisturizer Mini knockout brightening gel,tarte,Skincare,Mini Size,14.0,4.6667,4857,3.0,5.32
P502885,Amazonian Clay Finishing Powder,tarte,Makeup,Face,35.0,4.3333,950,3.0,14.7
P470548,Knockout 10% Acid Complex Serum,tarte,Skincare,Treatments,39.0,5.0,1445,3.0,14.82
P470547,Brazilliance Overnight Mask Gradual Self-Tanner,tarte,Bath & Body,Self Tanners,29.0,2.8333,832,6.0,11.6
P505256,lashes & splashes mascara duo,tarte,Makeup,Eye,32.0,,520,,13.44
P379707,Resurfacing BHA Glow Mask,Tata Harper,Skincare,Masks,68.0,4.3471,55191,847.0,25.84
P379710,Regenerating Exfoliating Cleanser,Tata Harper,Skincare,Cleansers,88.0,4.4649,40150,699.0,33.44
P458917,Water-Lock Moisturizer with Skin-Smoothing Peptides,Tata Harper,Skincare,Moisturizers,68.0,4.4461,13855,343.0,25.84
P432048,Resurfacing AHA + BHA Serum,Tata Harper,Skincare,Treatments,92.0,4.2562,18261,320.0,34.96
P429954,Clarifying Blemish & Oil Control Cleanser,Tata Harper,Skincare,Cleansers,88.0,3.9476,19570,267.0,33.44
P462747,Mini Clarifying Blemish & Oil Control Cleanser,Tata Harper,Skincare,Mini Size,46.0,3.9476,4047,267.0,17.48
P420143,Clarifying AHA + BHA Mask,Tata Harper,Skincare,Masks,75.0,3.916,16958,250.0,28.5
P379711,Rejuvenating Anti-Aging Serum,Tata Harper,Skincare,Treatments,146.0,3.4232,7907,241.0,55.48
P386739,Restorative Plumping + Brightening Eye Cream,Tata Harper,Skincare,Eye Care,130.0,4.11,12946,209.0,49.4
P392144,Purifying Pore Detox Cleanser,Tata Harper,Skincare,Cleansers,88.0,4.2059,14771,170.0,33.44
P462748,Mini Purifying Pore Detox Cleanser,Tata Harper,Skincare,Mini Size,46.0,4.2059,3104,170.0,17.48
P379709,Repairative Anti-Aging Moisturizer,Tata Harper,Skincare,Moisturizers,130.0,3.4118,6030,136.0,49.4
P408301,Purifying Pore & Blackhead Detox Mask,Tata Harper,Skincare,Masks,75.0,3.845,18342,129.0,28.5
P392143,Tata's Daily Essentials Kit,Tata Harper,Skincare,Value & Gift Sets,75.0,3.65,22558,120.0,28.5
P392142,Nourishing Makeup Removing Oil Cleanser,Tata Harper,Skincare,Cleansers,88.0,4.0211,9393,95.0,33.44
P379705,Hydrating Hyaluronic Acid Floral Essence,Tata Harper,Skincare,Moisturizers,76.0,3.883,13637,94.0,28.88
P392001,Revitalizing Anti-Aging Body Oil,Tata Harper,Bath & Body,Body Moisturizers,120.0,3.8421,7434,38.0,48.0
P412407,Clarifying Moisturizer,Tata Harper,Skincare,Moisturizers,130.0,3.8519,6554,81.0,49.4
P379704,Retinoic Nutrient Face Oil With Vitamin A,Tata Harper,Skincare,Moisturizers,165.0,4.2,11417,75.0,62.7
P472341,Superkind Fragrance-Free Fortifying Moisturizer,Tata Harper,Skincare,Moisturizers,130.0,4.58,2480,50.0,49.4
P472343,Superkind Fragrance-Free Softening Cleanser,Tata Harper,Skincare,Cleansers,88.0,4.5417,4114,48.0,33.44
P476736,Superkind Fragrance-Free Bio-Barrier Serum,Tata Harper,Skincare,Treatments,146.0,4.7273,2010,44.0,55.48
P442748,Hydrating Floral Mask,Tata Harper,Skincare,Masks,95.0,4.375,4076,32.0,36.1
P422848,Crème Riche Anti-Aging Peptide Night Cream,Tata Harper,Skincare,Moisturizers,230.0,4.1429,2825,21.0,87.4
P500781,Resurfacing + Smoothing Body Serum with AHAs,Tata Harper,Bath & Body,Bath & Shower,155.0,4.7778,2543,63.0,62.0
P449410,Boosted Contouring Retinol Eye Balm,Tata Harper,Skincare,Eye Care,260.0,3.4167,2191,12.0,98.8
P472342,Superkind Fragrance-Free Radiance Mask,Tata Harper,Skincare,Masks,68.0,4.75,4881,4.0,25.84
P500482,The Clean Dream Team Set,Tata Harper,Skincare,Value & Gift Sets,75.0,4.0,1395,3.0,28.5
P480354,Glow Facial Set,Tata Harper,Skincare,Value & Gift Sets,98.0,3.0,1476,1.0,37.24
P503877,Superkind Refining Cleanser,Tata Harper,Skincare,Cleansers,88.0,5.0,689,1.0,33.44
P476737,Bio-Barrier Eye Crème,Tata Harper,Skincare,Eye Care,130.0,,484,,49.4
P502434,Deep Clean Kit,Tata Harper,Skincare,Value & Gift Sets,85.0,,410,,32.3
P418218,The Water Cream Oil-Free Pore Minimizing Moisturizer,Tatcha,Skincare,Moisturizers,70.0,4.0245,373877,4168.0,26.6
P454794,Mini The Water Cream,Tatcha,Skincare,Mini Size,22.0,4.0245,23723,4168.0,8.36
P441101,The Dewy Skin Cream Plumping & Hydrating Moisturizer,Tatcha,Skincare,Moisturizers,70.0,4.1023,388775,3148.0,26.6
P428661,The Silk Canvas Protective Primer,Tatcha,Makeup,Face,54.0,4.0885,185135,4148.0,22.68
P415771,The Essence Skincare Boosting Treatment,Tatcha,Skincare,Moisturizers,110.0,4.4442,113656,2483.0,41.8
P473160,Mini The Essence  Skincare Boosting Treatment,Tatcha,Skincare,Moisturizers,65.0,4.4442,13964,2483.0,24.7
P461537,The Rice Wash Skin-Softening Cleanser,Tatcha,Skincare,Cleansers,40.0,4.5018,190401,2449.0,15.2
P504595,Mini Rice Wash Skin-Softening Cleanser,Tatcha,Skincare,Mini Size,18.0,4.5018,5450,2449.0,6.84
P456446,The Liquid Silk Canvas: Featherweight Protective Primer,Tatcha,Makeup,Face,54.0,4.3976,129166,1831.0,22.68
P427536,The Deep Cleanse Gentle Exfoliating Cleanser,Tatcha,Skincare,Cleansers,40.0,4.1478,245976,2361.0,15.2
P504615,Mini Deep Cleanse Gentle Exfoliating Cleanser,Tatcha,Skincare,Mini Size,18.0,4.1478,5097,2361.0,6.84
P399623,Luminous Dewy Skin Mist,Tatcha,Skincare,Moisturizers,49.0,3.951,209577,2041.0,18.62
P392235,The Camellia Oil 2-in-1 Makeup Remover & Cleanser,Tatcha,Skincare,Cleansers,50.0,4.4815,142010,1836.0,19.0
P460512,Mini Liquid Silk Canvas: Featherweight Protective Primer,Tatcha,Skincare,Mini Size,24.0,4.3976,65016,1831.0,9.12
P426340,The Rice Polish Foaming Enzyme Powder,Tatcha,Skincare,Cleansers,68.0,4.4278,184011,1725.0,25.84
P439058,Violet-C Brightening Serum 20% Vitamin C + 10% AHA,Tatcha,Skincare,Treatments,89.0,4.2124,129875,1610.0,33.82
P447780,The Silk Peony Melting Eye Cream,Tatcha,Skincare,Eye Care,62.0,4.1593,91742,1557.0,23.56
P466155,The Dewy Serum Resurfacing and Plumping Treatment,Tatcha,Skincare,Treatments,89.0,4.6355,77027,1391.0,33.82
P454018,The Serum Stick: Treatment & Touch Up Balm,Tatcha,Skincare,Treatments,49.0,4.3761,47060,1348.0,18.62
P453225,The Kissu Lip Mask,Tatcha,Skincare,Lip Balms & Treatments,29.0,3.7724,202204,1226.0,11.02
P474377,Indigo Overnight Repair Serum in Cream Treatment,Tatcha,Skincare,Moisturizers,92.0,4.5474,104455,1098.0,34.96
P503191,Mini Indigo Overnight Repair Serum in Cream Treatment,Tatcha,Skincare,Moisturizers,22.0,4.5474,17810,1098.0,8.36
P422069,Mini Dewy Skin Mist,Tatcha,Mini Size,Skincare,22.0,3.951,54743,2041.0,9.9
P469546,The Silk Powder Protective Setting Powder,Tatcha,Makeup,Face,49.0,4.4021,45737,1363.0,20.58
P440934,The Silk Canvas Protective Primer Mini,Tatcha,Skincare,Mini Size,24.0,3.6444,98580,807.0,9.12
P413326,Camellia Gold Spun Lip Balm,Tatcha,Skincare,Lip Balms & Treatments,30.0,4.2806,46733,670.0,11.4
P420699,Violet-C Radiance Mask,Tatcha,Skincare,Masks,70.0,4.0507,96300,651.0,26.6
P481169,The Silk Sunscreen Mineral Broad Spectrum SPF 50 PA++++ with Hyaluronic Acid and Niacinamide,Tatcha,Skincare,Sunscreen,62.0,3.3975,37047,483.0,23.56
P500640,Mini The Silk Sunscreen Mineral Broad Spectrum SPF 50 PA++++ with Hyaluronic Acid and Niacinamide,Tatcha,Mini Size,Skincare,25.0,3.3975,15688,483.0,11.25
P417867,The Silk Cream,Tatcha,Skincare,Moisturizers,125.0,4.1885,44847,260.0,47.5
P479352,The Texture Tonic AHA Liquid Exfoliating Treatment,Tatcha,Skincare,Treatments,62.0,4.6484,30103,219.0,23.56
P482552,The Clarifying Clay Mask Exfoliating Pore Treatment,Tatcha,Skincare,Masks,70.0,4.6316,46732,209.0,26.6
P403315,Gold Camellia Beauty Oil,Tatcha,Skincare,Moisturizers,98.0,4.4751,47809,181.0,37.24
P502469,Hinoki Gentle Exfoliating Body Wash,Tatcha,Bath & Body,Bath & Shower,34.0,4.8059,10754,170.0,13.6
P502491,Hinoki Hydrating Body Oil,Tatcha,Bath & Body,Body Moisturizers,58.0,4.8698,9046,169.0,23.2
P502455,Hinoki Body Milk Lotion,Tatcha,Bath & Body,Body Moisturizers,48.0,4.8488,8946,172.0,19.2
P504506,The Silk Serum Wrinkle-Smoothing Retinol Alternative,Tatcha,Skincare,Treatments,98.0,4.8387,2589,124.0,37.24
P399622,Luminous Deep Hydration Lifting Mask,Tatcha,Skincare,Masks,95.0,4.4074,27298,81.0,36.1
P460746,Aburatorigami Japanese Blotting Papers,Tatcha,Skincare,Cleansers,14.0,4.4074,16714,54.0,5.32
P504218,Dewy Cleanse + Hydrate Duo,Tatcha,Skincare,Value & Gift Sets,27.0,4.5405,23678,37.0,10.26
P474128,Mini The Silk Powder,Tatcha,Mini Size,Makeup,24.0,4.0,3399,1.0,10.8
P468229,Ageless Revitalizing Neck Cream,Tatcha,Skincare,Moisturizers,112.0,4.15,12625,20.0,42.56
P504327,Mini Favorites Set,Tatcha,Skincare,Value & Gift Sets,68.0,4.4211,32077,19.0,25.84
P471582,The Powder Brush,Tatcha,Makeup,Brushes & Applicators,88.0,3.2857,2344,7.0,36.96
P504203,Clarifying Cleanse + Hydrate Duo,Tatcha,Skincare,Value & Gift Sets,27.0,3.25,9900,12.0,10.26
P501323,Overnight Recovery Duo,Tatcha,Skincare,Value & Gift Sets,88.0,4.2,15655,10.0,33.44
P504303,Strengthening Nighttime Ritual Set,Tatcha,Skincare,Value & Gift Sets,95.0,4.875,5528,8.0,36.1
P502365,Clarifying Cleanse + Hydrate Duo,Tatcha,Skincare,Value & Gift Sets,27.0,3.5,16760,6.0,10.26
P454795,Mini The Dewy Skin Cream,Tatcha,Skincare,Mini Size,22.0,4.0,0,6.0,8.36
P480355,The Essence Skincare Boosting Treatment – Lunar New Year Edition,Tatcha,Skincare,Moisturizers,110.0,5.0,5440,2.0,41.8
P503716,The Essence Skincare Boosting Treatment – Lunar New Year Edition,Tatcha,Skincare,Moisturizers,110.0,,0,,41.8
P481168,Mini The Dewy Skin Cream Plumping & Hydrating Moisturizer,Tatcha,Skincare,Moisturizers,22.0,,0,,8.36
P428713,Vanilla Woods Eau de Parfum,The 7 Virtues,Fragrance,Women,88.0,4.3717,72345,1138.0,26.4
P428714,Vanilla Woods Eau de Parfum Rollerball,The 7 Virtues,Fragrance,Women,32.0,4.3717,49498,1138.0,9.6
P480464,Peace Perfume Discovery Set,The 7 Virtues,Fragrance,Value & Gift Sets,29.0,4.4875,17035,160.0,8.7
P468853,Santal Vanille Eau de Parfum,The 7 Virtues,Fragrance,Women,88.0,4.3216,14269,342.0,26.4
P468854,Santal Vanille Eau de Parfum Rollerball,The 7 Virtues,Fragrance,Women,32.0,4.3216,14004,342.0,9.6
P468852,Vanilla Woods Gemstone Perfume Oil,The 7 Virtues,Bath & Body,Body Moisturizers,69.0,4.4789,12034,71.0,27.6
P480633,Lotus Pear Eau de Parfum,The 7 Virtues,Fragrance,Women,88.0,4.4679,9133,265.0,26.4
P455880,Blackberry Lily Eau de Parfum,The 7 Virtues,Fragrance,Women,88.0,4.4495,7430,218.0,26.4
P480632,Lotus Pear Eau de Parfum Rollerball,The 7 Virtues,Fragrance,Women,32.0,4.4679,6982,265.0,9.6
P428707,Orange Blossom Eau de Parfum Rollerball,The 7 Virtues,Fragrance,Women,32.0,4.3131,6313,99.0,9.6
P468851,Blackberry Lily Gemstone Perfume Oil,The 7 Virtues,Bath & Body,Body Moisturizers,69.0,4.6364,5747,33.0,27.6
P428705,Jasmine Neroli Eau de Parfum Rollerball,The 7 Virtues,Fragrance,Women,32.0,4.3362,5719,116.0,9.6
P428711,Rose Amber Eau de Parfum,The 7 Virtues,Fragrance,Women,88.0,4.3977,5244,88.0,26.4
P428704,Jasmine Neroli Eau de Parfum,The 7 Virtues,Fragrance,Women,88.0,4.3362,5189,116.0,26.4
P504855,Coconut Sun Eau de Parfum,The 7 Virtues,Fragrance,Women,88.0,4.45,5138,40.0,26.4
P428706,Orange Blossom Eau de Parfum,The 7 Virtues,Fragrance,Women,88.0,4.3131,4948,99.0,26.4
P468855,Santal Vanille Gemstone Perfume Oil,The 7 Virtues,Bath & Body,Body Moisturizers,69.0,4.6364,4842,55.0,27.6
P428712,Rose Amber Eau de Parfum Rollerball,The 7 Virtues,Fragrance,Women,32.0,4.3977,4684,88.0,9.6
P504991,Coconut Sun Eau de Parfum Travel Spray,The 7 Virtues,Fragrance,Women,32.0,3.4828,4579,29.0,9.6
P428709,Patchouli Citrus Eau de Parfum Rollerball,The 7 Virtues,Fragrance,Women,32.0,4.3093,4093,97.0,9.6
P428708,Patchouli Citrus Eau de Parfum,The 7 Virtues,Fragrance,Women,88.0,4.3093,3882,97.0,26.4
P428715,Vetiver Elemi Eau de Parfum,The 7 Virtues,Fragrance,Women,88.0,4.4478,3062,67.0,26.4
P482076,Lotus Pear Perfume Oil,The 7 Virtues,Fragrance,Women,69.0,4.6667,1665,12.0,20.7
P504673,Peace Perfume Discovery Set,The 7 Virtues,Fragrance,Value & Gift Sets,25.0,,52,,7.5
P455364,Oat Cleansing Balm,The INKEY List,Skincare,Cleansers,11.99,3.6098,127819,2968.0,4.56
P478030,Mini Oat Cleansing Balm,The INKEY List,Skincare,Cleansers,5.99,3.6098,40474,2968.0,2.28
P443845,Hyaluronic Acid Hydrating Serum,The INKEY List,Skincare,Treatments,9.99,4.4073,169217,1964.0,3.8
P443840,Caffeine Eye Cream,The INKEY List,Skincare,Eye Care,10.99,3.898,174319,1598.0,4.18
P443833,Salicylic Acid Acne + Pore Cleanser,The INKEY List,Skincare,Cleansers,11.99,4.3775,150051,1547.0,4.56
P443842,Retinol Anti-Aging Serum,The INKEY List,Skincare,Treatments,12.99,4.3826,200087,1137.0,4.94
P448802,Brighten-i Eye Cream,The INKEY List,Skincare,Eye Care,12.99,3.7617,87730,1137.0,4.94
P480636,Salicylic Acid Exfoliating Scalp Treatment,The INKEY List,Hair,Hair Styling & Treatments,15.99,3.9797,56979,197.0,7.2
P446942,Niacinamide Oil Control Serum,The INKEY List,Skincare,Treatments,9.99,4.199,80563,985.0,3.8
P443830,Polyglutamic Acid Hydrating Serum,The INKEY List,Skincare,Treatments,14.99,4.3937,48143,960.0,5.7
P467655,Succinic Acid Acne Treatment,The INKEY List,Skincare,Treatments,9.99,3.8503,67403,915.0,3.8
P455369,Peptide Moisturizer,The INKEY List,Skincare,Moisturizers,15.99,3.7913,69215,781.0,6.08
P455368,15% Vitamin C and EGF Brightening Serum,The INKEY List,Skincare,Treatments,15.99,3.9446,87389,668.0,6.08
P455366,Retinol Eye Cream,The INKEY List,Skincare,Eye Care,12.99,3.9532,76545,662.0,4.94
P443843,Q10 Antioxidant Serum,The INKEY List,Skincare,Treatments,9.99,4.3088,43585,612.0,3.8
P443846,Collagen Booster Firming Peptide Serum,The INKEY List,Skincare,Treatments,12.99,4.3103,66477,580.0,4.94
P479354,Omega Water Cream Moisturizer,The INKEY List,Skincare,Moisturizers,10.99,4.073,42831,562.0,4.18
P443841,Vitamin C Brightening Cream,The INKEY List,Skincare,Treatments,10.99,3.0271,31769,517.0,4.18
P450614,Tranexamic Acid Hyperpigmentation Treatment,The INKEY List,Skincare,Treatments,15.99,3.9335,61536,511.0,6.08
P480634,Hyaluronic Acid Hydrating Hair Treatment,The INKEY List,Hair,Hair Styling & Treatments,10.99,4.2604,24725,169.0,4.95
P450262,Polyhydroxy Acid (PHA) Gentle Exfoliating Toner,The INKEY List,Skincare,Cleansers,12.99,4.2619,43383,443.0,4.94
P442871,Beta Hydroxy Acid (BHA) Blemish + Blackhead Serum,The INKEY List,Skincare,Treatments,12.99,4.0835,72805,431.0,4.94
P447778,Bakuchiol Retinol Alternative Moisturizer,The INKEY List,Skincare,Treatments,12.99,4.0376,28723,346.0,4.94
P469088,Fulvic Acid Brightening Cleanser,The INKEY List,Skincare,Cleansers,11.99,4.4203,38263,345.0,4.56
P478029,Mini Fulvic Acid Brightening Cleanser,The INKEY List,Skincare,Cleansers,5.99,4.4203,18399,345.0,2.28
P480637,Caffeine Stimulating Scalp Treatment,The INKEY List,Hair,Hair Styling & Treatments,15.99,4.0615,18215,130.0,7.2
P450244,Ceramide Hydrating Night Treatment,The INKEY List,Skincare,Treatments,15.99,4.2899,36241,307.0,6.08
P455365,"Vitamin B, C, and E Moisturizer",The INKEY List,Skincare,Moisturizers,7.99,4.1429,53343,294.0,3.04
P443838,Glycolic Acid Exfoliating Toner,The INKEY List,Skincare,Cleansers,12.99,4.3918,45406,291.0,4.94
P501010,Glycolic Acid Exfoliating Scalp Scrub,The INKEY List,Hair,Hair Styling & Treatments,14.99,4.2817,15373,71.0,6.75
P480635,Peptide Volumizing Hair Treatment,The INKEY List,Hair,Hair Styling & Treatments,13.99,4.1679,14511,131.0,6.3
P443837,Kaolin Mask,The INKEY List,Skincare,Masks,7.49,4.3084,30744,227.0,2.85
P479353,Hyaluronic Acid Cleanser,The INKEY List,Skincare,Cleansers,10.99,4.1735,18857,219.0,4.18
P479722,Mandelic Acid Treatment,The INKEY List,Skincare,Treatments,11.99,4.4615,23101,195.0,4.56
P443834,Rosehip Nourishing Night Oil,The INKEY List,Skincare,Moisturizers,11.99,4.1029,34950,175.0,4.56
P480638,PCA Bond Repair Hair Treatment,The INKEY List,Hair,Hair Styling & Treatments,13.99,3.2581,10599,31.0,6.3
P443839,Squalane Oil,The INKEY List,Skincare,Moisturizers,12.99,4.4422,23440,147.0,4.94
P448537,Alpha Arbutin Brightening Serum,The INKEY List,Skincare,Treatments,12.99,4.2174,29698,115.0,4.94
P502749,SuperSolutions 5% Benzoyl Peroxide Cleanser Acne Solution,The INKEY List,Skincare,Cleansers,17.99,3.7722,6148,79.0,6.84
P502691,SuperSolutions 1% Retinol Serum,The INKEY List,Skincare,Treatments,24.99,4.1558,13720,77.0,9.5
P474972,Symbright Brightening Moisturizer,The INKEY List,Skincare,Moisturizers,13.99,3.3467,6523,75.0,5.32
P502741,SuperSolutions 10% Azelaic Serum Redness Relief Solution,The INKEY List,Skincare,Treatments,17.99,3.863,7690,73.0,6.84
P502710,SuperSolutions 20% Niacinamide Serum,The INKEY List,Skincare,Treatments,17.99,3.8971,5072,68.0,6.84
P502756,SuperSolutions 10% Urea Moisturizer Textured Skin Solution,The INKEY List,Skincare,Moisturizers,19.99,4.1935,4253,62.0,7.6
P469544,C-50 Blemish Night Treatment,The INKEY List,Skincare,Treatments,15.99,4.1724,28910,58.0,6.08
P505711,Polyglutamic Acid Dewy Sunscreen SPF 30,The INKEY List,Skincare,Sunscreen,14.99,4.8654,164,52.0,5.7
P500775,Back to Basics: Hydration Heroes Skincare Set,The INKEY List,Skincare,Value & Gift Sets,27.0,3.75,6671,4.0,10.26
P505471,Maker Perfume Discovery Kit,The Maker,Fragrance,Value & Gift Sets,35.0,,113,,10.5
P505453,Naked Eau de Parfum,The Maker,Fragrance,Women,175.0,,44,,52.5
P505459,Fire Eau de Parfum,The Maker,Fragrance,Women,175.0,,37,,52.5
P505466,Wild Eau de Parfum,The Maker,Fragrance,Women,175.0,,35,,52.5
P505467,Libertine Eau de Parfum,The Maker,Fragrance,Women,175.0,,22,,52.5
P505443,Paradiso Eau de Parfum,The Maker,Fragrance,Women,175.0,,22,,52.5
P505465,Stag Eau de Parfum,The Maker,Fragrance,Women,175.0,,16,,52.5
P505436,Spiritus Candle,The Maker,Fragrance,Candles & Home Scents,80.0,,2,,24.0
P505463,Artist Candle,The Maker,Fragrance,Candles & Home Scents,80.0,,1,,24.0
P505472,Gardener Candle,The Maker,Fragrance,Candles & Home Scents,80.0,,0,,24.0
P476459,Forest Lungs Anti-Stress Fragrance Travel Spray,The Nue Co.,Skincare,Wellness,30.0,4.2042,4285,191.0,11.4
P476447,Debloat+ Anti-Bloat Supplement with Digestive Enzymes,The Nue Co.,Skincare,Wellness,45.0,4.2651,1867,166.0,17.1
P476538,Prebiotic + Probiotic Vegan Gut Microbiome Supplement,The Nue Co.,Skincare,Wellness,55.0,4.4356,1820,163.0,20.9
P480466,Supa Thick Scalp Serum,The Nue Co.,Hair,Hair Styling & Treatments,45.0,4.6905,10283,42.0,20.25
P476554,Skin Hydrator Ceramide and Hyaluronic Acid Supplement,The Nue Co.,Skincare,Wellness,45.0,4.1883,1560,154.0,17.1
P476553,Skin Filter Vitamin A and Zinc Blemish + Brightening Supplement,The Nue Co.,Skincare,Wellness,45.0,4.1544,2584,149.0,17.1
P480465,Growth Phase Hair Supplement,The Nue Co.,Hair,Hair Styling & Treatments,65.0,4.55,4403,40.0,29.25
P480358,Mini Debloat+ Anti-Bloat Supplement with Digestive Enzymes,The Nue Co.,Skincare,Wellness,18.0,4.6,6299,25.0,6.84
P504049,Skin Filter Daily Brightening Phyto-Retinol + AHA Serum,The Nue Co.,Skincare,Treatments,65.0,5.0,400,12.0,24.7
P505209,Barrier Culture Moisturizer with Niacinamide & Squalane,The Nue Co.,Skincare,Moisturizers,65.0,5.0,48,7.0,24.7
P503564,The Hair Growth Collection,The Nue Co.,Hair,Value & Gift Sets,88.0,5.0,1398,2.0,39.6
P505210,"Barrier Culture Cleanser Pre-, Pro- & Postbiotic Face Wash",The Nue Co.,Skincare,Cleansers,42.0,5.0,27,6.0,15.96
P427417,Niacinamide 10% + Zinc 1% Oil Control Serum,The Ordinary,Skincare,Treatments,6.0,4.2439,763168,5778.0,2.28
P500423,Multi-Peptide Lash and Brow Serum,The Ordinary,Makeup,Eye,14.5,3.9864,288362,2355.0,6.09
P442831,Multi-Peptide Serum for Hair Density,The Ordinary,Hair,Hair Styling & Treatments,21.7,3.863,254620,1168.0,9.76
P427419,Hyaluronic Acid 2% + B5 Hydrating Serum,The Ordinary,Skincare,Treatments,15.7,4.2133,720504,3788.0,5.97
P442563,AHA 30% + BHA 2% Exfoliating Peeling Solution,The Ordinary,Skincare,Treatments,9.5,4.5734,533877,3242.0,3.61
P427406,Glycolic Acid 7% Exfoliating Toning Solution,The Ordinary,Skincare,Cleansers,13.0,4.3456,542743,2891.0,4.94
P427416,Caffeine 5% + EGCG Depuffing Eye Serum,The Ordinary,Skincare,Treatments,8.9,3.7715,281928,2118.0,3.38
P427414,Natural Moisturizing Factors + HA,The Ordinary,Skincare,Treatments,6.5,4.1472,258456,2052.0,2.47
P427408,High-Adherence Silicone Primer,The Ordinary,Makeup,Face,6.7,3.902,97414,929.0,2.81
P427415,100% Organic Cold-Pressed Rose Hip Seed Oil,The Ordinary,Skincare,Moisturizers,10.9,4.3988,240783,1620.0,4.14
P427420,Multi-Peptide + HA Serum,The Ordinary,Skincare,Treatments,30.8,4.1429,338410,1609.0,11.7
P427413,Lactic Acid 10% + HA 2% Exfoliating Serum,The Ordinary,Skincare,Treatments,8.9,4.5035,295071,1289.0,3.38
P427410,Vitamin C Suspension 23% + HA Spheres 2%,The Ordinary,Skincare,Treatments,7.8,3.4454,132601,1109.0,2.96
P427411,Azelaic Acid 10% Suspension Brightening Cream,The Ordinary,Skincare,Treatments,11.1,4.1578,190367,957.0,4.22
P502999,"The Hair, Lash & Brow Density Set",The Ordinary,Hair,Value & Gift Sets,24.3,3.3529,46944,17.0,10.93
P481170,Natural Moisturizing Factors + Hyaluronic Acid Scalp Serum,The Ordinary,Hair,Hair Styling & Treatments,14.2,3.894,46065,566.0,6.39
P444718,Squalane Cleanser,The Ordinary,Skincare,Cleansers,9.0,4.0068,121486,888.0,3.42
P447598,High-Spreadability Fluid Primer,The Ordinary,Makeup,Face,10.0,4.0462,41985,173.0,4.2
P427412,Alpha Arbutin 2% + HA Hyperpigmentation Serum,The Ordinary,Skincare,Treatments,11.1,4.0411,190345,755.0,4.22
P427418,Granactive Retinoid* 2% Emulsion,The Ordinary,Skincare,Treatments,11.7,4.4548,195325,708.0,4.45
P442830,100% Plant-Derived Squalane,The Ordinary,Skincare,Treatments,10.0,4.5374,108468,655.0,3.8
P448530,Salicylic Acid 2% Masque,The Ordinary,Skincare,Masks,13.3,4.3736,164697,637.0,5.05
P442754,Ascorbic Acid 8% + Alpha Arbutin 2%,The Ordinary,Skincare,Treatments,12.2,3.7505,106253,501.0,4.64
P442758,Mandelic Acid 10% + HA,The Ordinary,Skincare,Treatments,7.5,4.464,106124,431.0,2.85
P427409,Vitamin C Suspension 30% in Silicone,The Ordinary,Skincare,Treatments,8.3,3.6345,72633,394.0,3.15
P481171,Sulphate 4% Shampoo Cleanser for Body & Hair,The Ordinary,Hair,Shampoo & Conditioner,8.9,3.8583,19953,635.0,4.0
P447596,100% Organic Cold-Pressed Moroccan Argan Oil,The Ordinary,Skincare,Moisturizers,7.5,4.1709,65051,357.0,2.85
P479732,Salicylic Acid 2% Anhydrous Solution Pore Clearing Serum,The Ordinary,Skincare,Treatments,7.2,3.8389,109679,329.0,2.74
P455900,100% Plant-Derived Hemi-Squalane,The Ordinary,Skincare,Treatments,5.0,4.398,48131,294.0,1.9
P481172,Behentrimonium Chloride 2% Conditioner,The Ordinary,Hair,Shampoo & Conditioner,8.9,4.1591,15485,591.0,4.0
P442752,"""Buffet"" + Copper Peptides 1%",The Ordinary,Skincare,Treatments,30.9,4.1804,91079,255.0,11.74
P442753,Argireline Solution 10%,The Ordinary,Skincare,Treatments,9.4,4.1984,85389,247.0,3.57
P442757,"""B"" Oil",The Ordinary,Skincare,Moisturizers,11.1,4.2286,49358,245.0,4.22
P455899,Marine Hyaluronics,The Ordinary,Skincare,Treatments,8.9,4.209,43421,244.0,3.38
P427405,Matrixyl* 10% + HA,The Ordinary,Skincare,Treatments,10.5,4.3165,83357,237.0,3.99
P442759,Amino Acids + B5,The Ordinary,Skincare,Treatments,8.9,4.4123,55852,228.0,3.38
P504028,Multi-Peptide Eye Serum,The Ordinary,Skincare,Eye Care,25.0,3.9714,11059,210.0,9.5
P455898,Pycnogenol 5%,The Ordinary,Skincare,Treatments,11.1,4.5243,55894,206.0,4.22
P455338,100% L-Ascorbic Acid Powder,The Ordinary,Skincare,Treatments,6.4,4.3317,65023,202.0,2.43
P455339,Lactic Acid 5% + HA,The Ordinary,Skincare,Treatments,7.8,4.3081,74003,172.0,2.96
P427404,Ascorbyl Tetraisopalmitate Solution 20% in Vitamin F,The Ordinary,Skincare,Treatments,19.8,3.8193,58355,166.0,7.52
P503209,Mini Multi Peptide Hair Density Serum,The Ordinary,Mini Size,Hair,13.0,2.6667,10485,3.0,5.85
P442755,Resveratrol 3% + Ferulic Acid 3%,The Ordinary,Skincare,Treatments,10.0,4.0,60746,162.0,3.8
P442756,Ascorbyl Glucoside Solution 12%,The Ordinary,Skincare,Treatments,14.3,4.0926,43799,162.0,5.43
P442833,EUK 134 0.1%,The Ordinary,Skincare,Treatments,11.1,4.35,35874,140.0,4.22
P482327,Mini Squalane Cleanser,The Ordinary,Skincare,Cleansers,9.0,3.9537,27760,108.0,3.42
P468709,100% Niacinamide Powder,The Ordinary,Skincare,Treatments,6.4,4.3187,27717,91.0,2.43
P482328,Mini Natural Moisturizing Factors + HA,The Ordinary,Skincare,Treatments,6.5,3.9213,38431,89.0,2.47
P447597,100% Organic Virgin Chia Seed Oil,The Ordinary,Skincare,Moisturizers,8.5,4.1892,21125,74.0,3.23
P483496,Salicylic Acid 2% Exfoliating Blemish Solution,The Ordinary,Skincare,Treatments,6.5,4.2535,43971,71.0,2.47
P455897,Ethylated Ascorbic Acid 15% Solution,The Ordinary,Skincare,Treatments,20.0,4.0,20715,42.0,7.6
P479861,The Bright Set,The Ordinary,Skincare,Value & Gift Sets,40.7,4.0625,24451,16.0,15.47
P500139,The Skinimalist Set,The Ordinary,Skincare,Value & Gift Sets,22.0,4.5,23001,10.0,8.36
P505274,Glucoside Foaming Cleanser,The Ordinary,Skincare,Cleansers,12.5,4.3333,1580,6.0,4.75
P396033,The Original MakeUp Eraser Makeup Remover Cloth,The Original MakeUp Eraser,Makeup,Accessories,20.0,4.2671,101334,2523.0,8.4
P474845,THE PUFF 5 Piece Set: Tone & Deeply Exfoliate,The Original MakeUp Eraser,Tools & Brushes,Brushes & Applicators,15.0,3.5333,10279,15.0,7.5
P461466,THE SPONGE,The Original MakeUp Eraser,Makeup,Brushes & Applicators,18.0,4.5794,7828,126.0,7.56
P504702,Juicy Optimism 7 Piece MakeUp Eraser Set,The Original MakeUp Eraser,Makeup,Accessories,25.0,4.5,7268,10.0,10.5
P483475,Earth Day Set,The Original MakeUp Eraser,Makeup,Value & Gift Sets,25.0,4.4,6721,10.0,10.5
P500018,Smiley MakeUp Eraser 7-Day Set,The Original MakeUp Eraser,Makeup,Accessories,25.0,4.875,5553,8.0,10.5
P504898,Mini Pink Reusable MakeUp Eraser,The Original MakeUp Eraser,Makeup,Accessories,10.0,5.0,3710,2.0,4.2
P504073,Ultralight Moisture-Boosting Botanical Oil,The Outset,Skincare,Moisturizers,44.0,4.836,1949,189.0,16.72
P483697,Firming Vegan Collagen Prep Serum,The Outset,Skincare,Treatments,46.0,4.6898,7728,187.0,17.48
P504076,Exfoliating Revitalizing & Energizing Caffeine Micro Polish,The Outset,Skincare,Cleansers,34.0,4.7705,933,183.0,12.92
P483699,Restorative Niacinamide Night Cream,The Outset,Skincare,Moisturizers,54.0,4.6225,5533,151.0,20.52
P483700,Smoothing Vitamin C Eye + Expression Lines Cream,The Outset,Skincare,Eye Care,42.0,4.374,3752,123.0,15.96
P483698,Nourishing Squalane Daily Moisturizer,The Outset,Skincare,Moisturizers,44.0,4.5893,4721,112.0,16.72
P483696,Gentle Micellar Antioxidant Cleanser,The Outset,Skincare,Cleansers,32.0,4.6937,3860,111.0,12.16
P483701,Daily Essentials Travel Set,The Outset,Skincare,Value & Gift Sets,50.0,4.5741,4435,108.0,19.0
P500417,Phluid Sampler Set,The Phluid Project,Fragrance,Value & Gift Sets,20.0,3.0,1695,6.0,6.0
P500434,Transcend Eau de Parfum,The Phluid Project,Fragrance,Women,55.0,4.7391,1569,23.0,16.5
P500422,Transcend Eau de Parfum Travel Spray,The Phluid Project,Fragrance,Women,20.0,,1186,,6.0
P500451,Balance Eau de Parfum Travel Spray,The Phluid Project,Fragrance,Women,20.0,4.0,939,2.0,6.0
P500446,Intention Eau de Parfum,The Phluid Project,Fragrance,Women,20.0,4.6111,932,18.0,6.0
P500431,Humanity Eau de Parfum Travel Spray,The Phluid Project,Fragrance,Women,20.0,3.6667,903,3.0,6.0
P500409,Intention Eau de Parfum Travel Spray,The Phluid Project,Fragrance,Women,20.0,5.0,854,1.0,6.0
P500447,Balance Eau de Parfum,The Phluid Project,Fragrance,Women,20.0,4.8889,761,18.0,6.0
P500443,Humanity Eau de Parfum,The Phluid Project,Fragrance,Women,20.0,4.7778,646,18.0,6.0
P38221,Florence,TOCCA,Fragrance,Women,80.0,4.3896,36621,734.0,24.0
P54900,Cleopatra,TOCCA,Fragrance,Women,80.0,4.2905,21947,568.0,24.0
P234438,Giulietta,TOCCA,Fragrance,Women,80.0,4.3654,19117,468.0,24.0
P38220,Stella,TOCCA,Fragrance,Women,80.0,4.4779,14336,452.0,24.0
P440917,Gia,TOCCA,Fragrance,Women,27.0,3.9535,8392,86.0,8.1
P258057,Bianca,TOCCA,Fragrance,Women,46.0,4.5521,7255,163.0,13.8
P377472,Giulietta Rollerball,TOCCA,Fragrance,Women,27.0,3.9636,6829,55.0,8.1
P392941,Stella Travel Spray,TOCCA,Fragrance,Women,46.0,4.5769,4740,26.0,13.8
P442943,Mini Replica Wardrobe Set,TOCCA,Fragrance,Value & Gift Sets,48.0,3.9,4546,10.0,14.4
P428443,Maya,TOCCA,Fragrance,Women,27.0,4.0154,4297,65.0,8.1
P428442,Maya Rollerball,TOCCA,Fragrance,Women,27.0,4.3846,3764,26.0,8.1
P442598,Maya Hair Fragrance,TOCCA,Fragrance,Women,34.0,4.0,3678,4.0,10.2
P404752,Emelia,TOCCA,Fragrance,Women,76.0,4.4889,3413,45.0,22.8
P440918,Gia Rollerball,TOCCA,Fragrance,Women,27.0,4.1667,3124,6.0,8.1
P392937,Giulietta Travel Spray,TOCCA,Fragrance,Women,46.0,4.8571,0,7.0,13.8
P392935,Florence Travel Spray,TOCCA,Fragrance,Women,46.0,5.0,0,5.0,13.8
P392931,Cleopatra Travel Spray,TOCCA,Fragrance,Women,46.0,4.6667,0,3.0,13.8
P422568,Eye Color Quad Eyeshadow Palette,TOM FORD,Makeup,Eye,90.0,4.3658,223284,2061.0,37.8
P416057,Lip Color Lipstick,TOM FORD,Makeup,Lip,59.0,4.5791,182091,841.0,24.78
P436489,Lost Cherry,TOM FORD,Fragrance,Women,395.0,4.1758,66898,1041.0,118.5
P416222,Lip Color Matte Lipstick,TOM FORD,Makeup,Lip,59.0,4.5879,62083,1126.0,24.78
P393151,Tobacco Vanille,TOM FORD,Fragrance,Women,295.0,4.3116,61807,1210.0,88.5
P456175,Mini Soleil Blanc Shimmering Body Oil,TOM FORD,Fragrance,Women,34.0,4.3983,58576,816.0,10.2
P449372,Gloss Luxe Lip Gloss,TOM FORD,Makeup,Lip,59.0,4.6643,57082,971.0,24.78
P183301,Black Orchid Eau de Parfum,TOM FORD,Fragrance,Women,150.0,4.2191,54405,1912.0,45.0
P406527,Soleil Blanc Shimmering Body Oil,TOM FORD,Fragrance,Women,100.0,4.3983,50317,816.0,30.0
P464308,Lost Cherry Travel Spray,TOM FORD,Fragrance,Women,80.0,4.1734,49613,1038.0,24.0
P459506,Traceless Soft Matte Foundation,TOM FORD,Makeup,Face,90.0,4.3998,46859,1228.0,37.8
P422453,Traceless Foundation Stick,TOM FORD,Makeup,Face,90.0,4.3422,46010,301.0,37.8
P406526,Soleil Blanc,TOM FORD,Fragrance,Women,295.0,4.1481,43952,824.0,88.5
P433672,Tobacco Vanille Travel Spray,TOM FORD,Fragrance,Women,70.0,4.3116,43689,1210.0,21.0
P422574,Shade And Illuminate Cream Contour Duo,TOM FORD,Makeup,Face,90.0,4.5059,41942,1109.0,37.8
P464304,Bitter Peach Eau De Parfum,TOM FORD,Fragrance,Women,395.0,4.1186,36182,894.0,118.5
P464313,Soleil Balm Frost Lip Balm,TOM FORD,Makeup,Lip,58.0,3.3918,34489,97.0,24.36
P429291,Fucking Fabulous,TOM FORD,Fragrance,Women,395.0,3.9544,34439,943.0,118.5
P429018,Ultra Shine Lip Color,TOM FORD,Makeup,Lip,59.0,4.6596,34411,564.0,24.78
P393167,Oud Wood,TOM FORD,Fragrance,Women,295.0,4.4396,32653,1092.0,88.5
P387250,Velvet Orchid,TOM FORD,Fragrance,Women,150.0,4.3795,27253,332.0,45.0
P433669,Soleil Blanc Travel Spray,TOM FORD,Fragrance,Women,70.0,4.1481,27143,824.0,21.0
P433663,Ombré Leather Eau de Parfum,TOM FORD,Fragrance,Women,150.0,4.2316,26555,898.0,45.0
P448464,Fucking Fabulous Travel Spray,TOM FORD,Fragrance,Women,80.0,3.9544,23918,943.0,24.0
P428452,Eau de Soleil Blanc,TOM FORD,Fragrance,Women,150.0,4.165,23309,618.0,45.0
P422571,Eye Defining Pen Liquid Eyeliner Duo,TOM FORD,Makeup,Eye,62.0,4.5055,22624,1187.0,26.04
P455598,Rose Prick,TOM FORD,Fragrance,Women,395.0,4.23,21455,974.0,118.5
P378133,Neroli Portofino,TOM FORD,Fragrance,Women,295.0,3.4729,20330,277.0,88.5
P430909,Black Orchid Eau de Parfum Travel Spray,TOM FORD,Fragrance,Women,50.0,4.2191,19060,1912.0,15.0
P477712,Bitter Peach Eau de Parfum Travel Spray,TOM FORD,Fragrance,Women,80.0,4.1186,18235,894.0,24.0
P450194,Soleil Neige,TOM FORD,Fragrance,Women,295.0,4.6016,18213,620.0,88.5
P443930,Soleil Glow Bronzer,TOM FORD,Makeup,Face,70.0,4.4894,17214,47.0,29.4
P481356,Eye Color Crème Eyeshadow Quad,TOM FORD,Makeup,Eye,90.0,4.4063,16957,571.0,37.8
P430910,Velvet Orchid Travel Spray,TOM FORD,Fragrance,Women,50.0,4.3795,16789,332.0,15.0
P433671,Oud Wood Travel Spray,TOM FORD,Fragrance,Women,70.0,4.4396,16369,1092.0,21.0
P393141,Jasmin Rouge,TOM FORD,Fragrance,Women,295.0,4.5918,16168,49.0,88.5
P422552,Shade and Illuminate Highlighting Duo,TOM FORD,Makeup,Face,89.0,4.4924,15393,526.0,37.38
P476743,Lip Blush Lip Balm,TOM FORD,Makeup,Lip,58.0,4.2258,15387,31.0,24.36
P446023,Eau de Soleil Blanc Travel Spray,TOM FORD,Fragrance,Women,50.0,4.141,15096,681.0,15.0
P393159,Santal Blush,TOM FORD,Fragrance,Women,180.0,4.4286,14921,56.0,54.0
P476744,Shade & Illuminate Blush Duo,TOM FORD,Makeup,Cheek,95.0,4.5987,13995,638.0,39.9
P468419,Rose Prick Travel Spray,TOM FORD,Fragrance,Women,80.0,4.23,13061,974.0,24.0
P464305,Soleil Neige Eau De Parfum Travel Spray,TOM FORD,Fragrance,Women,70.0,4.6016,12853,620.0,21.0
P393137,White Suede,TOM FORD,Fragrance,Women,295.0,4.52,11510,25.0,88.5
P395693,Noir Extreme,TOM FORD,Fragrance,Men,215.0,4.467,11175,439.0,64.5
P393163,Noir de Noir,TOM FORD,Fragrance,Women,295.0,4.6279,10852,43.0,88.5
P393153,Tuscan Leather,TOM FORD,Fragrance,Women,295.0,3.8034,10433,595.0,88.5
P459414,Ombré Leather Eau de Parfum Travel Spray,TOM FORD,Fragrance,Women,50.0,4.2316,10311,898.0,15.0
P392229,Mandarino Di Amalfi,TOM FORD,Fragrance,Women,295.0,3.9318,10227,44.0,88.5
P460873,Black Orchid Parfum,TOM FORD,Fragrance,Women,235.0,4.2806,10091,581.0,70.5
P477827,Mini Soleil Neige Shimmering Body Oil,TOM FORD,Fragrance,Women,34.0,4.4615,9658,26.0,10.2
P478734,Ébène Fumé Eau de Parfum,TOM FORD,Fragrance,Women,295.0,4.2469,8992,1142.0,88.5
P428696,Vanille Fatale,TOM FORD,Fragrance,Women,295.0,3.65,8796,20.0,88.5
P504169,Cherry Smoke,TOM FORD,Fragrance,Women,395.0,3.8667,8321,15.0,118.5
P443932,Lip Blush,TOM FORD,Makeup,Lip,58.0,3.7297,7899,37.0,24.36
P481174,Bitter Peach Lip Color Matte Lipstick,TOM FORD,Makeup,Lip,58.0,4.6818,7598,22.0,24.36
P428908,Brow Sculptor,TOM FORD,Makeup,Eye,56.0,4.5911,7354,538.0,23.52
P504167,Electric Cherry,TOM FORD,Fragrance,Women,395.0,3.6154,7306,13.0,118.5
P438529,Fucking Fabulous Candle,TOM FORD,Fragrance,Candles & Home Scents,135.0,2.9,7237,20.0,40.5
P448155,MÉTALLIQUE,TOM FORD,Fragrance,Women,235.0,3.6533,6591,225.0,70.5
P501561,Lost Cherry Perfume Set,TOM FORD,Fragrance,Value & Gift Sets,390.0,5.0,6342,3.0,117.0
P451871,White Suede Travel Spray,TOM FORD,Fragrance,Women,70.0,3.8,6314,5.0,21.0
P451872,Noir de Noir Travel Spray,TOM FORD,Fragrance,Women,65.0,4.0,6312,18.0,19.5
P450195,Soleil Neige Shimmering Body Oil,TOM FORD,Bath & Body,Body Moisturizers,100.0,4.4615,6094,26.0,40.0
P445433,Emotionproof Mascara,TOM FORD,Makeup,Eye,50.0,4.0698,5743,129.0,21.0
P470554,Soleil Brulant,TOM FORD,Fragrance,Women,395.0,4.0379,5132,449.0,118.5
P464307,Lost Cherry Candle,TOM FORD,Fragrance,Candles & Home Scents,135.0,4.2857,4688,7.0,40.5
P467979,Costa Azzurra Eau de Parfum,TOM FORD,Fragrance,Men,150.0,4.5111,4629,853.0,45.0
P468710,Tubéreuse Nue,TOM FORD,Fragrance,Women,395.0,4.0117,4596,426.0,118.5
P503100,Soleil Neige Eye Color Quad,TOM FORD,Makeup,Eye,90.0,2.5,4436,4.0,37.8
P474863,Ombré Leather Parfum,TOM FORD,Fragrance,Women,235.0,4.3349,4331,642.0,70.5
P479655,Rose D'Amalfi Eau De Parfum,TOM FORD,Fragrance,Women,295.0,4.1618,4251,272.0,88.5
P422546,Extreme Mascara,TOM FORD,Makeup,Eye,50.0,4.1337,4126,419.0,21.0
P411714,Conditioning Beard Oil,TOM FORD,Men,Shaving,57.0,4.5357,4043,28.0,23.94
P468711,Rose Prick Candle,TOM FORD,Fragrance,Candles & Home Scents,135.0,5.0,3895,2.0,40.5
P473735,Soleil Brulant Eau de Parfum Travel Spray,TOM FORD,Fragrance,Women,80.0,4.0379,3878,449.0,24.0
P483499,Sheer Cheek Duo,TOM FORD,Makeup,Cheek,84.0,3.625,3758,8.0,35.28
P481173,Bitter Peach Eye Colour Eyeshadow Palette,TOM FORD,Makeup,Eye,89.0,2.5455,3647,22.0,37.38
P501479,Bitter Peach Perfume Set,TOM FORD,Fragrance,Value & Gift Sets,390.0,4.6667,3644,3.0,117.0
P474864,Ombré Leather Parfum Travel Spray,TOM FORD,Fragrance,Women,65.0,4.3349,3637,642.0,19.5
P481398,Rose De Chine Eau De Parfum,TOM FORD,Fragrance,Women,295.0,4.3563,3569,247.0,88.5
P481747,Traceless Soft Matte Primer,TOM FORD,Makeup,Face,90.0,4.342,3490,462.0,37.8
P481351,Costa Azzurra Parfum,TOM FORD,Fragrance,Men,235.0,4.5191,3402,131.0,70.5
P448466,Tuscan Leather Travel Spray,TOM FORD,Fragrance,Women,70.0,3.8034,2824,595.0,21.0
P433910,Fougère d'Argent,TOM FORD,Fragrance,Men,295.0,5.0,2775,9.0,88.5
P430912,Noir Extreme Travel Spray,TOM FORD,Fragrance,Women,49.0,4.2857,2231,7.0,14.7
P477832,Tubéreuse Nue Travel Spray,TOM FORD,Fragrance,Women,80.0,4.0117,2173,426.0,24.0
P411725,Brow Gel Comb,TOM FORD,Makeup,Eye,54.0,3.5,2044,8.0,22.68
P502494,Bois Marocain Eau de Parfum,TOM FORD,Fragrance,Women,295.0,4.0363,2043,496.0,88.5
P501540,Oud Wood Perfume Set,TOM FORD,Fragrance,Value & Gift Sets,285.0,,1998,,85.5
P502337,Ebene Fume Eau de Parfum Travel Spray,TOM FORD,Fragrance,Women,75.0,5.0,1936,2.0,22.5
P480194,Bitter Peach Candle,TOM FORD,Fragrance,Candles & Home Scents,135.0,4.0,1927,1.0,40.5
P501520,Noir Extreme Parfum,TOM FORD,Fragrance,Men,235.0,4.6117,1838,273.0,70.5
P454404,Beau de Jour,TOM FORD,Fragrance,Men,150.0,4.1591,1826,421.0,45.0
P505166,Rose Prick Eye Color Crème Eyeshadow Quad,TOM FORD,Makeup,Eye,90.0,3.4286,1656,7.0,37.8
P505165,Rose Prick Lip Color Satin Matte,TOM FORD,Makeup,Lip,60.0,,1417,,25.2
P458271,Most Wanted Lip Color Lipstick Collection,TOM FORD,Makeup,Lip,59.0,4.5684,1097,841.0,24.78
P505387,Traceless Soft Matte Concealer,TOM FORD,Makeup,Face,60.0,5.0,430,1.0,25.2
P501516,Eyebrow Laminator,TOM FORD,Makeup,Eye,55.0,4.0884,356,441.0,23.1
P505393,Eye Color Quad - Cherry Collection,TOM FORD,Makeup,Eye,90.0,,299,,37.8
P381000,Better Than Sex Volumizing & Lengthening Mascara,Too Faced,Makeup,Eye,28.0,3.7373,532085,18610.0,11.76
P432298,Born This Way Super Coverage Multi-Use Longwear Concealer,Too Faced,Makeup,Face,34.0,4.339,501464,4230.0,14.28
P397517,Born This Way Natural Finish Longwear Liquid Foundation,Too Faced,Makeup,Face,45.0,4.0437,465412,14882.0,18.9
P407636,Melted Matte Liquid Lipstick,Too Faced,Makeup,Lip,26.0,4.1661,329418,2745.0,10.92
P229406,Chocolate Soleil Matte Bronzer,Too Faced,Makeup,Cheek,35.0,4.625,286081,3947.0,14.7
P378111,Lip Injection Extreme Hydrating Lip Plumper,Too Faced,Makeup,Lip,29.0,3.6516,213097,2615.0,12.18
P407907,Sweet Peach Eyeshadow Palette,Too Faced,Makeup,Eye,49.0,4.4938,211853,2965.0,20.58
P387589,Hangover Replenishing Face Primer,Too Faced,Makeup,Face,37.0,4.0941,169292,3656.0,15.54
P420166,Hangover 3-in-1 Replenishing Primer & Setting Spray,Too Faced,Makeup,Face,36.0,4.2129,125922,1494.0,15.12
P425608,Mini Better Than Sex Volumizing & Lengthening Mascara,Too Faced,Mini Size,Makeup,16.0,3.7063,121319,15620.0,7.2
P425607,Mini Lip Injection Extreme Hydrating Lip Plumper,Too Faced,Mini Size,Makeup,16.0,3.6069,119069,2521.0,7.2
P426850,Diamond Light Highlighter,Too Faced,Makeup,Face,39.0,4.1511,109870,556.0,16.38
P202625,Shadow Insurance 24-Hour Eyeshadow Primer,Too Faced,Makeup,Eye,26.0,4.0437,108937,595.0,10.92
P407908,Better Than Sex Volumizing & Lengthening Waterproof Mascara,Too Faced,Makeup,Eye,28.0,2.9841,107171,4022.0,11.76
P455201,Born This Way The Natural Nudes Eyeshadow Palette,Too Faced,Makeup,Eye,52.0,3.9965,104823,286.0,21.84
P429602,Natural Eyes Eyeshadow Palette,Too Faced,Makeup,Eye,44.0,4.3351,84383,379.0,18.48
P74520,Lip Injection Hydrating & Plumping Lip Gloss,Too Faced,Makeup,Lip,26.0,3.7268,73664,1208.0,10.92
P467795,Lip Injection Power Plumping Hydrating Lip Gloss,Too Faced,Makeup,Lip,26.0,4.4161,72484,137.0,10.92
P504072,Cloud Crush Blurring Blush,Too Faced,Makeup,Cheek,29.0,4.5428,62771,619.0,12.18
P429604,Natural Face Palette,Too Faced,Makeup,Makeup Palettes,44.0,4.5449,62747,345.0,18.48
P467794,Lip Injection Maximum Plump Extra Strength Hydrating Lip Plumper,Too Faced,Makeup,Lip,33.0,4.0842,59505,736.0,13.86
P442803,Peach Puff Long-Wearing Diffused Matte Lip Color,Too Faced,Makeup,Lip,19.0,4.2839,54730,310.0,7.98
P460018,Hangover Pillow Balm Ultra-Hydrating Lip Balm,Too Faced,Makeup,Lip,26.0,4.494,53598,334.0,10.92
P48406,Sun Bunny Natural Bronzer,Too Faced,Makeup,Cheek,35.0,4.5176,52340,997.0,14.7
P425855,Mini Better Than Sex Waterproof Mascara,Too Faced,Mini Size,Makeup,16.0,3.458,49250,727.0,7.2
P458586,Born This Way Matte Longwear Liquid Foundation,Too Faced,Makeup,Face,45.0,4.2657,48195,1035.0,18.9
P425602,Mini Hangover Replenishing Face Primer,Too Faced,Mini Size,Makeup,18.0,4.0941,47818,3656.0,8.1
P471584,Mini Lip Injection Maximum Plump Extra Strength Hydrating Lip Plumper,Too Faced,Makeup,Mini Size,18.0,3.6645,47415,152.0,7.56
P444600,Damn Girl! 24-Hour Mascara,Too Faced,Makeup,Eye,29.0,3.1733,43513,2112.0,12.18
P439069,Pretty Rich Diamond Light Eyeshadow Palette,Too Faced,Makeup,Eye,49.0,4.1953,42605,256.0,20.58
P447123,Born This Way Pressed Powder Foundation,Too Faced,Makeup,Face,39.0,4.0047,39049,213.0,16.38
P467151,Killer Liner 36 Hour Waterproof Gel Eyeliner,Too Faced,Makeup,Eye,23.0,3.5,38621,170.0,9.66
P441854,Better Than Sex Easy Glide Waterproof Liquid Eyeliner,Too Faced,Makeup,Eye,24.0,3.6175,38095,536.0,10.08
P484079,Born This Way Ethereal Light Smoothing Concealer,Too Faced,Makeup,Face,26.0,4.2849,34712,516.0,10.92
P502382,Mini Lip Injection Plumping Mobile Lip Plumper Set,Too Faced,Makeup,Lip,36.0,4.0,32016,20.0,15.12
P456594,Peach Perfect Instant Coverage Concealer - Peaches and Cream Collection,Too Faced,Makeup,Face,22.0,3.5887,27541,124.0,9.24
P480363,Too Femme Heart Core Lipstick,Too Faced,Makeup,Lip,26.0,4.625,27088,56.0,10.92
P476747,Lady Bold Cream Lipstick,Too Faced,Makeup,Lip,28.0,4.4481,23490,616.0,11.76
P483500,Born This Way Sunset Stripped Eyeshadow Palette,Too Faced,Makeup,Eye,52.0,4.543,21960,291.0,21.84
P475179,Lip Injection Power Plumping Cream Liquid Lipstick,Too Faced,Makeup,Lip,28.0,3.3548,18130,31.0,11.76
P476746,Lady Bold Waterproof Longwear Lip Liner,Too Faced,Makeup,Lip,20.0,4.5546,15813,577.0,8.4
P501036,Cocoa Bold Cream Lipstick,Too Faced,Makeup,Lip,28.0,4.4762,15809,21.0,11.76
P447768,Mini Damn Girl! 24-Hour Mascara,Too Faced,Mini Size,Makeup,17.0,3.3969,15490,262.0,7.65
P484078,Fluff & Hold Laminating Brow Wax,Too Faced,Makeup,Eye,25.0,4.0156,15210,639.0,10.5
P502503,Mini Secret Santa Eyeshadow Palette,Too Faced,Mini Size,Value & Gift Sets,29.0,4.2,15161,10.0,13.05
P467266,Kitty Likes to Scratch Mini Eyeshadow Palette,Too Faced,Mini Size,Makeup,29.0,3.9231,14599,13.0,13.05
P467267,Let’s Play Mini Eyeshadow Palette,Too Faced,Mini Size,Makeup,29.0,4.3889,12797,18.0,13.05
P467981,Plump & Prime Face Plumping Primer Serum,Too Faced,Makeup,Face,45.0,4.2543,10834,637.0,18.9
P475178,Lip Injection Power Plumping Hydrating Liquid Lip Balm,Too Faced,Makeup,Lip,26.0,3.5714,10440,35.0,10.92
P428037,Mini Hangover 3-in-1 Replenishing Primer & Setting Spray,Too Faced,Mini Size,Makeup,18.0,4.2667,9991,45.0,8.1
P501013,Born This Way Ethereal Setting Powder,Too Faced,Makeup,Face,38.0,4.4699,8405,581.0,15.96
P501033,Better Than Chocolate Eyeshadow Palette,Too Faced,Makeup,Eye,54.0,4.3387,8330,561.0,22.68
P502499,Melted Matte PSL Liquid Lipstick,Too Faced,Makeup,Lip,26.0,4.375,8130,16.0,10.92
P501027,Chocolate Soleil Natural Bronzer,Too Faced,Makeup,Cheek,35.0,4.5028,7115,537.0,14.7
P504178,Cheek Popper Blushing Highlighter,Too Faced,Makeup,Face,27.0,3.6667,6562,9.0,11.34
P473825,Brow Wig Brush on Eyebrow Gel,Too Faced,Makeup,Eye,25.0,4.2687,6437,547.0,10.5
P473851,Pomade In A Pencil Eyebrow Shaper & Filler,Too Faced,Makeup,Eye,25.0,4.4092,5626,650.0,10.5
P473854,Super Fine Brow Detailer Eyebrow Pencil,Too Faced,Makeup,Eye,25.0,4.554,5510,657.0,10.5
P504182,Pinker Times Ahead Eyeshadow Palette,Too Faced,Makeup,Eye,39.0,2.4286,5150,7.0,16.38
P504037,Makeup Insurance Longwear Setting Spray + Blue Light Defense,Too Faced,Makeup,Face,34.0,4.4697,4351,528.0,14.28
P505390,Lip Injection Extreme Lip Shaper Plumping Lip Liner,Too Faced,Makeup,Lip,24.0,4.4253,1244,221.0,10.08
P505386,Born This Way Healthy Glow Spf 30 Moisturizing Skin Tint,Too Faced,Makeup,Face,42.0,,1020,,17.64
P479355,High Roller Ingrown Hair Tonic with AHA and BHA,Topicals,Bath & Body,Bath & Shower,26.0,4.5749,72114,207.0,10.4
P470259,Faded Serum for Dark Spots & Discoloration,Topicals,Skincare,Treatments,38.0,3.6634,139007,906.0,14.44
P484080,Mini Faded Serum for Dark Spots & Discoloration,Topicals,Skincare,Treatments,18.0,3.6634,93075,906.0,6.84
P481500,Slather Exfoliating Body Serum with Retinol and AHAs,Topicals,Bath & Body,Body Moisturizers,30.0,4.4477,36373,172.0,12.0
P474378,Faded Brightening & Clearing Mist,Topicals,Bath & Body,Body Moisturizers,32.0,3.7778,31057,90.0,12.8
P474379,"Like Butter Body Hydrating and Soothing Mist for Dry, Sensitive & Eczema-Prone Skin",Topicals,Bath & Body,Body Moisturizers,30.0,4.0896,14679,67.0,12.0
P480529,Power Mist Hydrating Hand Sanitizer,Touchland,Bath & Body,Body Care,10.0,4.2429,95944,177.0,4.0
P480530,Glow Mist Rejuvenating Hand Sanitizer,Touchland,Bath & Body,Body Care,16.0,4.1591,21810,44.0,6.4
P448854,ShineOn Lip Jelly Non-Sticky Gloss,Tower 28 Beauty,Makeup,Lip,16.0,4.5531,383024,2054.0,6.72
P449342,BeachPlease Lip + Cheek Cream Blush,Tower 28 Beauty,Makeup,Cheek,20.0,4.507,257946,1006.0,8.4
P477829,SunnyDays SPF 30 Tinted Sunscreen Foundation,Tower 28 Beauty,Makeup,Face,32.0,4.2277,102015,694.0,13.44
P502484,MakeWaves Lengthening + Volumizing Mascara,Tower 28 Beauty,Makeup,Eye,20.0,4.1975,74741,628.0,8.4
P458281,Bronzino Illuminating Cream Bronzer,Tower 28 Beauty,Makeup,Cheek,20.0,4.172,51578,343.0,8.4
P448852,SOS Daily Rescue Facial Spray,Tower 28 Beauty,Skincare,Moisturizers,12.0,4.2481,91499,653.0,4.56
P504183,JuiceBalm Vegan Tinted Lip Balm,Tower 28 Beauty,Makeup,Lip,16.0,4.5195,35511,308.0,6.72
P448855,SuperDew Shimmer-Free Highlight Balm,Tower 28 Beauty,Makeup,Face,18.0,3.7799,34412,209.0,7.56
P501332,Dreamy Gleamy Holiday Lip Gloss Duo Set,Tower 28 Beauty,Makeup,Lip,22.0,4.6923,32535,26.0,9.24
P504041,OneLiner Lip Liner + Eyeliner + Cheek Pencil,Tower 28 Beauty,Makeup,Lip,15.0,4.7322,23277,183.0,6.3
P503943,Sculptino Soft Matte Cream Contour + Bronzer,Tower 28 Beauty,Makeup,Face,20.0,4.6338,22075,314.0,8.4
P448853,Mini SOS Daily Rescue Facial Spray,Tower 28 Beauty,Skincare,Moisturizers,12.0,3.9091,64871,187.0,4.56
P500121,SOS Intensive Redness Relief Serum,Tower 28 Beauty,Skincare,Treatments,34.0,4.1902,21555,163.0,12.92
P475182,The Cult Classic Purifying Face Cleanser,TULA Skincare,Skincare,Cleansers,34.0,3.9064,11798,406.0,12.92
P482757,Mini The Cult Classic Purifying Face Cleanser,TULA Skincare,Skincare,Cleansers,12.0,3.9064,6904,406.0,4.56
P475185,24-7 Moisture Hydrating Day & Night Cream,TULA Skincare,Skincare,Moisturizers,54.0,4.1884,12166,398.0,20.52
P475203,Mini 24-7 Moisture Hydrating Day & Night Cream,TULA Skincare,Skincare,Moisturizers,26.0,4.1884,6853,398.0,9.88
P475190,Rose Glow + Get It Cooling & Brightening Eye Balm,TULA Skincare,Skincare,Eye Care,32.0,4.0732,19298,369.0,12.16
P475181,Glow + Get It Cooling & Brightening Eye Balm,TULA Skincare,Skincare,Eye Care,30.0,3.9578,17136,332.0,11.4
P475194,Brightening Treatment Drops Triple Vitamin C Serum,TULA Skincare,Skincare,Treatments,56.0,4.2572,10279,276.0,21.28
P481748,Bright Start Vitamin C Antioxidant Brightening Moisturizer,TULA Skincare,Skincare,Moisturizers,56.0,4.4061,6166,229.0,21.28
P482753,Protect + Glow Daily Sunscreen Gel Broad Spectrum SPF 30,TULA Skincare,Skincare,Sunscreen,38.0,4.4256,8977,195.0,14.44
P475201,24-7 Power Swipe Hydrating Day & Night Treatment Eye Balm,TULA Skincare,Skincare,Eye Care,38.0,4.2595,7302,185.0,14.44
P484081,Eye Recharge + Replenish Pro-Ferm Overnight Eye Cream with Bakuchiol and Peptides,TULA Skincare,Skincare,Eye Care,56.0,4.5397,11155,126.0,21.28
P503652,24-7 Moisture Intense Ultra Hydrating Day & Night Cream with Hyaluronic Acid + Squalane,TULA Skincare,Skincare,Moisturizers,58.0,4.4182,1482,110.0,22.04
P475180,On The Go Best Sellers Travel Kit,TULA Skincare,Skincare,Value & Gift Sets,49.0,4.2366,5711,93.0,18.62
P475188,Instant De-Puff Eye Renewal Serum,TULA Skincare,Skincare,Treatments,58.0,4.2105,4283,76.0,22.04
P501316,Beauty Sleep Overnight Repair Treatment Cream with AHA's and Vitamin C,TULA Skincare,Skincare,Moisturizers,68.0,4.0417,1817,72.0,25.84
P475189,Secret Solutions Pro-Glycolic 10% Resurfacing Toner,TULA Skincare,Skincare,Cleansers,46.0,4.1343,2757,67.0,17.48
P482754,Mineral Magic Oil-Free Mineral Sunscreen Fluid Broad Spectrum SPF 30,TULA Skincare,Skincare,Sunscreen,38.0,4.3548,3802,62.0,14.44
P475197,Balancing Act Purifying & pH Balancing Biodegradable Toner Pads,TULA Skincare,Skincare,Cleansers,36.0,4.0545,2470,55.0,13.68
P475184,Hello Radiance Illuminating Serum,TULA Skincare,Skincare,Treatments,68.0,4.2182,1327,55.0,25.84
P475195,Protect + Plump Firming & Hydrating Face Moisturizer,TULA Skincare,Skincare,Moisturizers,64.0,3.963,2230,54.0,24.32
P475192,So Poreless Deep Exfoliating Blackhead Scrub,TULA Skincare,Skincare,Cleansers,34.0,3.9038,7262,52.0,12.92
P475183,So Polished Exfoliating Sugar Scrub,TULA Skincare,Skincare,Cleansers,34.0,4.32,3585,50.0,12.92
P475204,Sensitive Skin Treatment Drops Calming Vitamin B Serum,TULA Skincare,Skincare,Treatments,48.0,4.1489,2137,47.0,18.24
P475193,Wrinkle Treatment Drops Retinol Alternative Serum,TULA Skincare,Skincare,Treatments,68.0,4.2979,2136,47.0,25.84
P475186,Revive + Rewind Revitalizing Eye Cream,TULA Skincare,Skincare,Eye Care,52.0,4.2391,1921,46.0,19.76
P475196,So Smooth Resurfacing & Brightening Fruit Enzyme Mask,TULA Skincare,Skincare,Masks,36.0,4.25,2603,44.0,13.68
P475200,Your Best Skin at Every Age Firming & Smoothing Discovery Kit,TULA Skincare,Skincare,Value & Gift Sets,66.0,3.8293,2541,41.0,25.08
P475187,Firm Up Deep Wrinkle Serum,TULA Skincare,Skincare,Treatments,84.0,4.1579,1258,38.0,31.92
P482755,Claydate Detoxifying & Toning Face Mask Stick,TULA Skincare,Skincare,Masks,36.0,4.3333,1460,36.0,13.68
P475198,Prime of Your Life Smoothing & Firming Treatment Primer,TULA Skincare,Makeup,Face,42.0,3.7917,3828,48.0,17.64
P475191,Brighten Up Smoothing Primer Gel,TULA Skincare,Makeup,Face,34.0,4.3036,2672,56.0,14.28
P505409,"24-7 Ultra Hydration Triple-Hydra Complex Day & Night Serum with Hyaluronic Acid, Squalane & Collagen",TULA Skincare,Skincare,Treatments,48.0,,11,,18.24
P384903,Brow Shaping Scissors & Brush,TWEEZERMAN,Makeup,Eye,21.0,4.707,35546,157.0,8.82
P389168,Smooth Finish Facial Hair Remover,TWEEZERMAN,Tools & Brushes,Beauty Tools,20.0,3.5863,23556,452.0,10.0
P390932,Pink Perfection Mini Slant Tweezer,TWEEZERMAN,Makeup,Eye,16.0,4.5228,23316,197.0,6.72
P377005,Pink Perfection Slant Tweezer,TWEEZERMAN,Tools & Brushes,Beauty Tools,24.0,4.3105,23009,277.0,12.0
P398357,ProMaster Eyelash Curler,TWEEZERMAN,Makeup,Accessories,24.0,4.1491,22918,389.0,10.08
P230701,ProCurl Eyelash Curler,TWEEZERMAN,Tools & Brushes,Beauty Tools,24.0,3.8445,21114,733.0,12.0
P375640,Stainless Steel Slant Tweezer,TWEEZERMAN,Tools & Brushes,Beauty Tools,24.0,4.0078,21108,255.0,12.0
P377523,Pink Perfection Petite Tweeze Set,TWEEZERMAN,Tools & Brushes,Beauty Tools,28.0,4.3168,15943,161.0,14.0
P460845,Mini Rose Gold Slant Tweezer,TWEEZERMAN,Makeup,Accessories,18.0,4.875,11278,16.0,7.56
P473738,Sole Smoother Antibacterial Callus Stone,TWEEZERMAN,Bath & Body,Bath & Shower,21.0,4.6,7854,15.0,8.4
P442763,Micro Mini Pink Perfection Tweezer Set,TWEEZERMAN,Makeup,Accessories,25.0,3.4194,7549,31.0,10.5
P377004,Pink Perfection Point Tweezer,TWEEZERMAN,Tools & Brushes,Beauty Tools,25.0,3.9101,7125,89.0,12.5
P460010,Prep & Plane Facial Razors,TWEEZERMAN,Skincare,High Tech Tools,10.0,2.7105,5661,38.0,3.8
P377007,Pink Perfection Pointed Slant Tweezer,TWEEZERMAN,Tools & Brushes,Beauty Tools,26.0,3.0424,4548,118.0,13.0
P473736,Mini Cuticle Nipper,TWEEZERMAN,Makeup,Nail,14.0,4.0,3675,9.0,5.88
P473737,Cuticle Pusher and Nail Cleaner,TWEEZERMAN,Makeup,Nail,18.0,5.0,3426,1.0,7.56
P473739,Nail Clipper Set,TWEEZERMAN,Makeup,Nail,12.0,2.5556,2014,9.0,5.04
P463103,Rose Gold Slant Tweezer,TWEEZERMAN,Tools & Brushes,Beauty Tools,24.0,,0,,12.0
P263504,All Nighter Long-Lasting Makeup Setting Spray,Urban Decay,Makeup,Face,36.0,4.447,652806,12371.0,15.12
P409523,Vice Hydrating Lipstick,Urban Decay,Makeup,Lip,21.0,4.5825,593515,1303.0,8.82
P133707,24/7 Glide-On Waterproof Eyeliner Pencil,Urban Decay,Makeup,Eye,25.0,4.3773,543118,17179.0,10.5
P309813,24/7 Eyeshadow,Urban Decay,Makeup,Eye,21.0,4.5045,426543,220.0,8.82
P384099,Naked3 Eyeshadow Palette,Urban Decay,Makeup,Eye,59.0,4.3522,420808,6692.0,24.78
P284716,Eyeshadow Primer Potion,Urban Decay,Makeup,Eye,27.0,4.5273,305092,10066.0,11.34
P74312,Heavy Metal Glitter Eyeliner,Urban Decay,Makeup,Eye,25.0,4.584,286897,2428.0,10.5
P378821,24/7 Moondust Eyeshadow,Urban Decay,Makeup,Eye,24.0,4.6801,278053,544.0,10.08
P388225,Naked2 Basics Eyeshadow Palette,Urban Decay,Mini Size,Makeup,33.0,4.4037,231052,1900.0,14.85
P422455,Mini All Nighter Long-Lasting Makeup Setting Spray,Urban Decay,Mini Size,Makeup,16.0,4.4463,208071,12254.0,7.2
P420913,Naked Heat Eyeshadow Palette,Urban Decay,Makeup,Eye,59.0,4.6585,206040,1915.0,24.78
P219001,24/7 Glide-On Lip Pencil,Urban Decay,Makeup,Lip,25.0,4.4068,173223,1669.0,10.5
P277222,De-Slick Oil-Control Makeup Setting Spray,Urban Decay,Makeup,Face,36.0,3.9422,130647,3861.0,15.12
P410548,All Nighter Liquid Foundation,Urban Decay,Makeup,Face,40.0,3.4258,93025,3631.0,16.8
P387956,Perversion Volumizing Mascara,Urban Decay,Makeup,Eye,28.0,3.9338,85403,3081.0,11.76
P422461,Mini Original Eyeshadow Primer Potion,Urban Decay,Mini Size,Makeup,16.0,4.2035,80094,521.0,7.2
P381306,Eyeshadow Primer Potion - Anti-Aging,Urban Decay,Makeup,Eye,27.0,4.027,72168,1370.0,11.34
P447143,Stay Naked Weightless Foundation,Urban Decay,Makeup,Face,40.0,4.117,70914,2111.0,16.8
P440905,Brow Blade Waterproof Eyebrow Pencil & Ink Stain,Urban Decay,Makeup,Eye,28.0,4.1106,57374,1700.0,11.76
P440907,Naked Reloaded Eyeshadow Palette,Urban Decay,Makeup,Eye,50.0,4.0458,51066,240.0,21.0
P468712,Naked Wild West Eyeshadow Palette,Urban Decay,Makeup,Eye,49.0,4.4483,49653,890.0,20.58
P474380,Mini Naked3 Eyeshadow Palette,Urban Decay,Makeup,Eye,33.0,4.3865,41769,401.0,13.86
P467658,Hydromaniac Glowy Tinted Hydrator Foundation,Urban Decay,Makeup,Face,33.0,4.3181,41759,2138.0,13.86
P422458,Mini De-Slick Oil-Control Makeup Setting Spray,Urban Decay,Mini Size,Makeup,16.0,4.1178,37576,467.0,7.2
P447553,Stay Naked Correcting Concealer,Urban Decay,Makeup,Face,30.0,4.345,37001,942.0,12.6
P501181,Vice Lip Bond Glossy Liquid Lipstick,Urban Decay,Makeup,Lip,27.0,4.3876,35863,1579.0,11.34
P431455,All Nighter Waterproof Setting Powder,Urban Decay,Makeup,Face,35.0,4.1881,34825,776.0,14.7
P401771,24/7 Waterline Eye Pencil,Urban Decay,Makeup,Eye,25.0,3.3484,30089,577.0,10.5
P432630,24/7 Glide-On Eye Pencil - Born To Run Collection,Urban Decay,Makeup,Eye,25.0,4.4167,28895,108.0,10.5
P387594,Subversion Lash Primer,Urban Decay,Makeup,Eye,26.0,4.2685,28837,406.0,10.92
P482758,All Nighter Long-Lasting Makeup Setting Spray with Vitamin C,Urban Decay,Makeup,Face,36.0,4.6683,28379,1845.0,15.12
P454337,All Nighter Face Primer,Urban Decay,Makeup,Face,38.0,4.3129,26329,505.0,15.96
P422460,Mini Anti-Aging Eyeshadow Primer Potion,Urban Decay,Mini Size,Makeup,16.0,3.5331,26140,257.0,7.2
P395733,Ultimate Ozone Multipurpose Primer Pencil,Urban Decay,Makeup,Lip,22.0,4.052,24909,346.0,9.24
P500430,Mini Naked Eyeshadow Palette,Urban Decay,Mini Size,Makeup,33.0,4.6398,22897,1738.0,14.85
P501510,UD x Robin Eisenberg All Nighter Setting Spray Duo Set,Urban Decay,Makeup,Value & Gift Sets,42.0,5.0,22360,6.0,17.64
P503994,Quickie 24H Multi-Use Hydrating Full-Coverage Concealer,Urban Decay,Makeup,Face,33.0,4.3813,22247,1319.0,13.86
P415988,Quick Fix Hydracharged Complexion Prep Priming Spray,Urban Decay,Makeup,Face,36.0,4.13,22082,277.0,15.12
P461544,Ultra Glow All Nighter Setting Spray,Urban Decay,Makeup,Face,36.0,4.5442,20491,351.0,15.12
P453943,All Nighter Ultra Matte Makeup Setting Spray,Urban Decay,Makeup,Face,36.0,3.5157,20012,351.0,15.12
P219007,Grindhouse Double Barrel Pencil Sharpener,Urban Decay,Tools & Brushes,Beauty Tools,12.0,4.663,17695,911.0,6.0
P422466,Mini Perversion Volumizing Mascara,Urban Decay,Mini Size,Makeup,16.0,4.069,16851,261.0,7.2
P461545,Ultra Glow All Nighter Primer,Urban Decay,Makeup,Face,38.0,4.5057,14331,352.0,15.96
P437925,24/7 Glide-On Eye Pencil - Naked Cherry Collection,Urban Decay,Makeup,Eye,25.0,3.8696,13068,46.0,10.5
P446816,24/7 Glide-On Eye Pencil - Sparkle Out Loud Collection,Urban Decay,Makeup,Eye,25.0,4.5449,12816,334.0,10.5
P454606,Stay Naked The Fix Powder Foundation,Urban Decay,Makeup,Face,40.0,4.1551,12462,445.0,16.8
P454338,"Stay Naked Threesome Blush, Bronzer, & Highlighter Palette",Urban Decay,Makeup,Cheek,38.0,2.9818,10247,55.0,15.96
P463116,Mini All Nighter Ultra Matte Setting Spray,Urban Decay,Makeup,Face,16.0,4.0,9254,29.0,6.72
P456357,Inked Brow Gel,Urban Decay,Makeup,Eye,26.0,4.0236,7706,466.0,10.92
P445423,Perversion Waterproof Mascara,Urban Decay,Makeup,Eye,28.0,3.9231,7638,104.0,11.76
P445424,Perversion Waterproof Liquid Eyeliner,Urban Decay,Makeup,Eye,25.0,3.4397,7036,116.0,10.5
P455265,Mini Stay Naked Correcting Concealer,Urban Decay,Makeup,Face,14.0,3.9091,6937,11.0,5.88
P463117,Mini All Nighter Complexion Primer,Urban Decay,Makeup,Face,16.0,2.9,6256,10.0,6.72
P503573,UD x Robin Eisenberg Good to Go Mini Eye Set,Urban Decay,Makeup,Eye,25.0,4.3333,5713,3.0,10.5
P456361,Brow Beater Waterproof Brow Pencil & Spoolie,Urban Decay,Makeup,Eye,24.0,3.8846,4688,26.0,10.08
P503579,UD x Robin Eisenberg 24/7 Glide-On Waterproof Eyeliner Pencil Holidaze Set,Urban Decay,Makeup,Eye,23.0,4.2222,3778,9.0,9.66
P482077,Wild Lash Plant-Powered Volumizing Mascara,Urban Decay,Makeup,Eye,28.0,4.2784,3151,1031.0,11.76
P500474,Mini Wild Lash Plant-Powered Volumizing Mascara,Urban Decay,Mini Size,Makeup,16.0,3.0,2409,5.0,7.2
P446821,Heavy Metal Glitter Eyeliner - Sparkle Out Loud Collection,Urban Decay,Makeup,Eye,25.0,,0,,10.5
P449116,Donna Born In Roma Eau de Parfum,Valentino,Fragrance,Women,130.0,4.5206,181114,2134.0,39.0
P449117,Donna Born In Roma Eau de Parfum Travel Spray,Valentino,Fragrance,Women,35.0,4.5206,67127,2134.0,10.5
P500251,Mini Born In Roma Perfume Set,Valentino,Fragrance,Value & Gift Sets,35.0,4.5061,46481,247.0,10.5
P462409,Voce Viva Eau de Parfum,Valentino,Fragrance,Women,156.0,4.4442,34578,986.0,46.8
P479501,Rosso Valentino High Pigment Refillable Lipstick,Valentino,Makeup,Lip,45.0,4.5093,31262,216.0,18.9
P462410,Voce Viva Eau de Parfum Travel Spray,Valentino,Fragrance,Women,35.0,4.4442,28206,986.0,10.5
P480365,Born in Roma Coral Fantasy Eau de Parfum,Valentino,Fragrance,Women,156.0,4.6933,24668,864.0,46.8
P479473,Eye2Cheek Eyeshadow and Blush,Valentino,Makeup,Eye,52.0,4.3627,20785,204.0,21.84
P452943,Uomo Born In Roma,Valentino,Fragrance,Men,96.0,4.533,16349,212.0,28.8
P470063,Donna Born in Roma Yellow Dream Eau de Parfum,Valentino,Fragrance,Women,156.0,4.6551,15990,316.0,46.8
P503054,Born in Roma Trio Gift Set,Valentino,Fragrance,Value & Gift Sets,65.0,4.9286,15984,14.0,19.5
P474381,Voce Viva Intensa Eau de Parfum,Valentino,Fragrance,Women,156.0,4.6288,13931,633.0,46.8
P504312,Donna Born In Roma Intense Eau de Parfum,Valentino,Fragrance,Women,35.0,4.6988,13815,581.0,10.5
P479508,Twin Liner Gel and Liquid Eyeliner,Valentino,Makeup,Eye,40.0,4.2576,10108,198.0,16.8
P504337,Donna Born In Roma Intense Eau de Parfum Travel Spray,Valentino,Mini Size,Fragrance,35.0,3.8571,8054,7.0,15.75
P479471,Dreamdust Glitter Eyeshadow,Valentino,Makeup,Eye,32.0,4.0209,7235,191.0,13.44
P479491,Mini Rosso Valentino Lipstick,Valentino,Mini Size,Makeup,25.0,3.5,6894,8.0,11.25
P482759,Uomo Coral Fantasy Cologne,Valentino,Fragrance,Men,115.0,4.6995,6761,629.0,34.5
P470062,Uomo Yellow Dream Cologne,Valentino,Fragrance,Men,115.0,4.8211,6420,246.0,34.5
P500141,Voce Viva Intensa Travel Spray,Valentino,Fragrance,Women,35.0,4.0,5834,7.0,10.5
P479462,Brow Trio Eyebrow Liner,Valentino,Makeup,Eye,40.0,4.5476,5176,84.0,16.8
P479510,V-Lighter Illuminating Face Primer and Highlighter with Hyaluronic Acid,Valentino,Makeup,Face,58.0,4.2638,4000,254.0,24.36
P503173,Voce Viva Perfume Set,Valentino,Fragrance,Value & Gift Sets,122.0,5.0,3985,1.0,36.6
P479487,Magnificent Smudgeproof Volumizing Mascara,Valentino,Makeup,Eye,32.0,4.2562,3109,242.0,13.44
P479463,Color Flip Eyeshadow Palette,Valentino,Makeup,Eye,98.0,4.3837,2424,86.0,41.16
P479479,Go-Clutch Finishing Powder Refill Pan,Valentino,Makeup,Face,50.0,4.0,2410,1.0,21.0
P479500,Rosso Valentino Lipstick Refill,Valentino,Makeup,Lip,30.0,4.4552,2140,134.0,12.6
P479480,Go-Clutch Refillable Radiant Setting Powder,Valentino,Makeup,Face,205.0,2.6667,2097,3.0,86.1
P479472,Dreamdust Lip and Cheek Loose Glitter,Valentino,Makeup,Eye,32.0,,2004,,13.44
P504451,Uomo Born In Roma Intense Eau de Parfum,Valentino,Fragrance,Men,110.0,4.7137,1568,517.0,33.0
P473007,GRO Hair Serum for Thinning Hair,Vegamour,Hair,Hair Styling & Treatments,58.0,4.3756,61087,860.0,26.1
P473012,GRO More Kit (Serum + Gummies),Vegamour,Hair,Hair Styling & Treatments,74.0,4.5619,19347,226.0,33.3
P501535,GRO Scalp Massager,Vegamour,Hair,Tools,18.0,4.5556,14435,18.0,8.1
P473003,GRO Revitalizing Shampoo for Thinning Hair,Vegamour,Hair,Shampoo & Conditioner,48.0,4.2286,12027,643.0,21.6
P473008,"GRO Scalp Detox Clarifying Treatment for Dry, Flaky, Oily Scalp",Vegamour,Hair,Hair Styling & Treatments,42.0,4.4703,9237,353.0,18.9
P500338,GRO AGELESS Anti-Gray Hair Serum,Vegamour,Hair,Hair Styling & Treatments,78.0,4.4877,9021,285.0,35.1
P473005,GRO Dry Shampoo for Thinning Hair,Vegamour,Hair,Hair Styling & Treatments,36.0,4.3356,8787,450.0,16.2
P473004,GRO Revitalizing Conditioner for Thinning Hair,Vegamour,Hair,Shampoo & Conditioner,48.0,4.2702,7749,581.0,21.6
P473011,GRO Biotin Gummies for Thinning Hair,Vegamour,Hair,Hair Styling & Treatments,36.0,4.3547,7365,406.0,16.2
P473009,GRO Volumizing Lash Serum,Vegamour,Makeup,Eye,72.0,4.3617,6833,188.0,30.24
P483095,GRO Hair Serum Trio Set,Vegamour,Hair,Value & Gift Sets,148.0,4.3756,5728,860.0,66.6
P500299,Mini GRO Revitalizing Shampoo for Thinning Hair,Vegamour,Hair,Shampoo & Conditioner,48.0,4.2286,5587,643.0,21.6
P500312,Mini GRO Revitalizing Conditioner for Thinning Hair,Vegamour,Hair,Shampoo & Conditioner,14.0,4.2702,4781,581.0,6.3
P473010,GRO Volumizing Brow Serum,Vegamour,Makeup,Eye,72.0,4.2486,4733,177.0,30.24
P481175,GRO WELL Hair Boost Supplement Powder + Probiotic,Vegamour,Hair,Hair Styling & Treatments,68.0,3.3758,3592,157.0,30.6
P500639,GRO Ageless Gray Delay Hair Supplement,Vegamour,Hair,Hair Styling & Treatments,78.0,4.6376,3253,149.0,35.1
P504617,HYDR-8 Deep Moisture Repair Hair Mask,Vegamour,Hair,Hair Styling & Treatments,52.0,4.8294,3118,686.0,23.4
P473006,GRO Hair Foam for Thinning Hair,Vegamour,Hair,Hair Styling & Treatments,58.0,3.72,2897,75.0,26.1
P504453,GRO Revitalizing Shampoo and Conditioner Set for Thinning Hair,Vegamour,Hair,Value & Gift Sets,86.0,4.3429,2147,35.0,38.7
P504602,HYDR-8 Hydrate and Repair Shampoo,Vegamour,Hair,Shampoo & Conditioner,38.0,4.7447,2050,474.0,17.1
P504593,HYDR-8 Hydrate and Repair Conditioner,Vegamour,Hair,Shampoo & Conditioner,38.0,4.7474,1711,475.0,17.1
P478532,GRO Hair Serum Trio for Thinning Hair,Vegamour,Hair,Value & Gift Sets,148.0,,822,,66.6
P504600,Mini GRO Dry Shampoo for Thinning Hair,Vegamour,Hair,Mini Size,18.0,4.3356,505,450.0,8.1
P429277,Effortless - No Trim - Natural Lash Collection,Velour Lashes,Makeup,Eye,26.0,4.4301,68879,1044.0,10.92
P429278,Effortless Kit - No Trim No Measure Natural Lash Kit,Velour Lashes,Makeup,Eye,29.0,3.9385,48693,423.0,12.18
P420513,Lash Adhesive,Velour Lashes,Makeup,Eye,12.0,3.9707,24345,581.0,5.04
P420514,Too Easy Lash Applicator,Velour Lashes,Makeup,Eye,22.0,4.6818,21133,44.0,9.24
P477378,Magnetic Effortless Kit - No Trim No Measure Magnetic Lash Kit,Velour Lashes,Makeup,Eye,35.0,4.1141,15452,184.0,14.7
P468423,Vegan Mink Luxe Lash Collection,Velour Lashes,Makeup,Eye,27.0,4.8123,13996,261.0,11.34
P477379,Magnetic Effortless - No Trim Natural Lash Collection,Velour Lashes,Makeup,Eye,28.0,4.4412,10767,170.0,11.76
P460561,Fluff'n Brow Pencil - 3-in-1 Brow Pencil and Balm,Velour Lashes,Makeup,Eye,25.0,4.5788,7581,330.0,10.5
P477377,Lash & Go Eyeliner 3-in-1 Eyeliner + Magnetic Lash Adhesive,Velour Lashes,Makeup,Eye,25.0,4.3614,7087,166.0,10.5
P449085,The Glamoureyes Kit,Velour Lashes,Makeup,Eye,29.0,3.4091,6863,22.0,12.18
P471585,Pretty Big Deal Tubing Mascara & Peptide Lash Serum,Velour Lashes,Makeup,Eye,26.0,4.0888,5967,338.0,10.92
P481177,Long & Strong Lash Serum,Velour Lashes,Makeup,Eye,42.0,4.1989,3732,186.0,17.64
P501532,Plant Fibre Lash Collection,Velour Lashes,Makeup,Eye,24.0,4.7778,3305,81.0,10.08
P481176,24hr Lash Care Kit,Velour Lashes,Makeup,Value & Gift Sets,30.0,4.063,2495,127.0,12.6
P399992,Ghost WeightlessHairOil,Verb,Hair,Hair Styling & Treatments,26.0,4.5573,123621,1764.0,11.7
P421945,Ghost Shampoo,Verb,Hair,Shampoo & Conditioner,20.0,3.9112,40843,1014.0,9.0
P421944,Ghost Conditioner,Verb,Hair,Shampoo & Conditioner,20.0,4.1328,29582,655.0,9.0
P468714,Volume Dry Texture Spray,Verb,Hair,Hair Styling & Treatments,20.0,4.4241,26095,349.0,9.0
P406901,HydratingHair TreatmentMask,Verb,Hair,Hair Styling & Treatments,20.0,4.4249,25764,393.0,9.0
P399995,Leave-In Conditioning Mist,Verb,Hair,Hair Styling & Treatments,20.0,3.7273,22525,385.0,9.0
P399994,Hydrating Shampoo,Verb,Hair,Shampoo & Conditioner,20.0,3.7991,17437,468.0,9.0
P423400,Ghost PrepHeat Protectant,Verb,Hair,Hair Styling & Treatments,20.0,4.2814,16463,167.0,9.0
P399993,Hydrating Conditioner,Verb,Hair,Shampoo & Conditioner,20.0,3.9794,15332,291.0,9.0
P484084,Glossy Shine Heat Protectant Spray,Verb,Hair,Hair Styling & Treatments,20.0,4.548,13934,177.0,9.0
P421943,Ghost DryConditionerOil,Verb,Hair,Shampoo & Conditioner,20.0,4.2991,13421,234.0,9.0
P457414,Purple Toning + Hydrating Hair Mask,Verb,Hair,Hair Styling & Treatments,20.0,4.1495,13027,368.0,9.0
P442789,Ghost Hair Mask,Verb,Hair,Hair Styling & Treatments,20.0,4.0685,12552,146.0,9.0
P399988,Curl Cream,Verb,Hair,Hair Styling & Treatments,20.0,3.8071,11334,420.0,9.0
P399991,Ghost Hairspray,Verb,Hair,Hair Styling & Treatments,20.0,4.3924,11284,316.0,9.0
P410207,Volume Shampoo,Verb,Hair,Shampoo & Conditioner,20.0,4.0936,10993,545.0,9.0
P431722,Dry Shampoo for Dark Hair,Verb,Hair,Hair Styling & Treatments,20.0,4.1961,10698,255.0,9.0
P480642,Ghost Exfoliating Scalp Serum,Verb,Hair,Hair Styling & Treatments,20.0,4.5912,10106,159.0,9.0
P472076,Moringa + Jojoba Hair Treatment Oil,Verb,Hair,Hair Styling & Treatments,20.0,4.2611,9921,226.0,9.0
P471107,Ghost Weightless Shampoo and Conditioner Jumbo Set for Fine Hair,Verb,Hair,Value & Gift Sets,70.0,3.7636,9050,55.0,31.5
P431723,Dry Shampoo for Light Hair,Verb,Hair,Hair Styling & Treatments,20.0,4.5399,8971,263.0,9.0
P413684,Detangling Brush,Verb,Hair,Tools,20.0,4.1067,8143,150.0,9.0
P447113,Reset Clarifying Shampoo,Verb,Hair,Shampoo & Conditioner,20.0,3.687,8056,115.0,9.0
P399999,Volume Spray,Verb,Hair,Hair Styling & Treatments,20.0,3.4255,7361,94.0,9.0
P452404,Curl Leave-In Conditioner,Verb,Hair,Hair Styling & Treatments,20.0,4.4792,6864,144.0,9.0
P410208,Volume Conditioner,Verb,Hair,Shampoo & Conditioner,20.0,4.1889,6447,434.0,9.0
P447114,Reset RepairingHairMask,Verb,Hair,Hair Styling & Treatments,20.0,3.7636,5288,55.0,9.0
P468713,Volume Texture Powder,Verb,Hair,Hair Styling & Treatments,20.0,4.0792,4829,303.0,9.0
P481178,Ghost Your Brass Purple Toning Hair Kit,Verb,Hair,Value & Gift Sets,49.0,4.1667,4629,6.0,22.05
P473852,Sea Spray,Verb,Hair,Hair Styling & Treatments,20.0,4.4733,4587,150.0,9.0
P452402,Curl Shampoo,Verb,Hair,Shampoo & Conditioner,20.0,4.3803,4356,305.0,9.0
P502464,Curl Foaming Gel,Verb,Hair,Hair Styling & Treatments,20.0,4.5796,4207,157.0,9.0
P471108,Hydrating Shampoo and Conditioner Jumbo Set for Dry and Damaged Hair,Verb,Hair,Value & Gift Sets,70.0,4.0,4106,13.0,31.5
P452403,Curl Conditioner,Verb,Hair,Shampoo & Conditioner,20.0,4.4212,4079,292.0,9.0
P417357,Strong Hairspray,Verb,Hair,Hair Styling & Treatments,20.0,4.4381,3813,194.0,9.0
P447115,Reset SealingHairMist,Verb,Hair,Hair Styling & Treatments,20.0,3.9048,3281,21.0,9.0
P500885,Dry Shampoo Powder,Verb,Hair,Hair Styling & Treatments,20.0,3.741,3281,166.0,9.0
P476749,Body Wash,Verb,Bath & Body,Bath & Shower,20.0,4.5097,3263,155.0,8.0
P481395,Purple Shampoo,Verb,Hair,Shampoo & Conditioner,20.0,4.5573,3230,192.0,9.0
P399990,Forming Fiber,Verb,Hair,Hair Styling & Treatments,20.0,4.1935,2466,31.0,9.0
P476750,Body Lotion,Verb,Bath & Body,Body Moisturizers,20.0,4.5638,2335,149.0,8.0
P484082,Glossy Shampoo,Verb,Hair,Shampoo & Conditioner,20.0,4.2639,2325,144.0,9.0
P399996,Sculpting Clay,Verb,Hair,Hair Styling & Treatments,20.0,3.9259,2321,27.0,9.0
P484083,Glossy Conditioner,Verb,Hair,Shampoo & Conditioner,20.0,4.1399,2273,143.0,9.0
P163103,Bright Crystal,Versace,Fragrance,Women,105.0,4.5377,159691,2243.0,31.5
P455378,Mini Bright Crystal and Bright Crystal Absolu Set,Versace,Fragrance,Value & Gift Sets,25.0,4.3333,73801,75.0,7.5
P382751,Eros,Versace,Fragrance,Men,96.0,4.7105,46412,411.0,28.8
P399835,Bright Crystal Ovetto Mini Spray,Versace,Fragrance,Women,33.0,4.5377,42528,2243.0,9.9
P307000,Crystal Noir,Versace,Fragrance,Women,105.0,4.5849,37305,212.0,31.5
P429981,Dylan Blue Pour Femme,Versace,Fragrance,Women,98.0,4.1516,36867,310.0,29.4
P501782,Mini Duo Set,Versace,Fragrance,Value & Gift Sets,25.0,4.6154,29361,13.0,7.5
P395212,Eros Pour Femme Eau de Parfum,Versace,Fragrance,Women,130.0,4.5633,26660,245.0,39.0
P307002,Yellow Diamond,Versace,Fragrance,Women,65.0,4.3153,24475,314.0,19.5
P385465,Bright Crystal Absolu,Versace,Fragrance,Women,120.0,4.6432,22420,185.0,36.0
P411325,Dylan Blue,Versace,Fragrance,Men,96.0,4.7115,18663,156.0,28.8
P432419,Dylan Blue Pour Femme Ovetto Spray,Versace,Fragrance,Women,33.0,4.4231,18576,52.0,9.9
P468856,Dylan Turquoise Pour Femme,Versace,Fragrance,Women,110.0,4.2996,17828,791.0,33.0
P219907,Pour Homme,Versace,Fragrance,Men,92.0,4.8439,16364,314.0,27.6
P443788,Bright Crystal Travel Spray,Versace,Fragrance,Women,32.0,4.5377,15569,2243.0,9.6
P169301,Versace Man Eau Fraiche,Versace,Fragrance,Men,130.0,4.8292,14544,322.0,39.0
P432418,Bright Crystal Absolu Ovetto Spray,Versace,Fragrance,Women,33.0,4.4516,13467,31.0,9.9
P503203,Mini Perfume Set,Versace,Fragrance,Value & Gift Sets,35.0,2.0,12350,3.0,10.5
P412536,Eros Pour Femme Eau de Toilette,Versace,Fragrance,Women,110.0,4.661,10547,59.0,33.0
P442726,Eros Flame,Versace,Fragrance,Men,107.0,4.4928,8916,69.0,32.1
P413150,Dylan Blue Pour Homme Travel Spray,Versace,Fragrance,Women,32.0,4.6222,8351,45.0,9.6
P464315,Eros Pour Homme Eau de Parfum,Versace,Fragrance,Men,107.0,4.5556,7712,27.0,32.1
P468857,Dylan Turquoise Pour Femme Travel Spray,Versace,Fragrance,Women,32.0,4.2996,7468,791.0,9.6
P390009,Eros Pour Homme Travel Spray,Versace,Fragrance,Mini Size,32.0,5.0,6934,16.0,9.6
P306816,Bright Crystal Body Lotion,Versace,Bath & Body,Body Moisturizers,55.0,4.1333,6596,15.0,22.0
P444196,Yellow Diamond Travel Spray,Versace,Fragrance,Women,32.0,4.5789,5905,19.0,9.6
P478046,Dylan Turquoise Ovetto Spray,Versace,Fragrance,Women,33.0,5.0,5477,8.0,9.9
P414129,Eros Pour Femme Eau de Toilette Rollerball,Versace,Fragrance,Women,26.0,3.7813,5354,32.0,7.8
P504912,Dylan Purple Eau de Parfum,Versace,Fragrance,Women,120.0,4.0,5098,25.0,36.0
P442727,Eros Flame Travel Spray,Versace,Fragrance,Women,32.0,4.6364,5023,22.0,9.6
P503231,Dylan Blue & Dylan Turquoise Travel Spray Duo Set,Versace,Fragrance,Value & Gift Sets,40.0,5.0,4537,3.0,12.0
P390007,Pour Homme Travel Spray,Versace,Fragrance,Women,32.0,4.5,4523,14.0,9.6
P431915,Dylan Blue Pour Femme Travel Spray,Versace,Fragrance,Women,32.0,4.1176,4226,17.0,9.6
P390005,Versace Man Eau Fraîche Travel Spray,Versace,Fragrance,Women,32.0,4.8235,3898,17.0,9.6
P469828,Dylan Turquoise Hair Mist,Versace,Fragrance,Women,50.0,4.7143,2859,7.0,15.0
P483706,Bright Crystal Hair Mist,Versace,Fragrance,Women,50.0,2.0,2490,1.0,15.0
P477738,Eros Parfum,Versace,Fragrance,Men,145.0,5.0,2105,7.0,43.5
P505269,Bright Crystal Absolu Travel Spray,Versace,Fragrance,Women,30.0,,253,,9.0
P503194,Eros Parfum,Versace,Fragrance,Men,190.0,,226,,57.0
P255506,Flowerbomb,Viktor&Rolf,Fragrance,Women,180.0,4.585,232390,5039.0,54.0
P397836,BONBON,Viktor&Rolf,Fragrance,Women,80.0,4.3722,45486,309.0,24.0
P446119,Flowerbomb Travel Spray,Viktor&Rolf,Fragrance,Women,35.0,4.587,43947,4939.0,10.5
P429082,Flowerbomb Nectar,Viktor&Rolf,Fragrance,Women,132.0,4.4426,41686,357.0,39.6
P479358,Flowerbomb Ruby Orchid Eau de Parfum,Viktor&Rolf,Fragrance,Women,180.0,4.5138,36283,545.0,54.0
P426305,Flowerbomb Mini,Viktor&Rolf,Fragrance,,58.0,4.5859,32165,4953.0,17.4
P376737,Spicebomb,Viktor&Rolf,Fragrance,Men,128.0,4.6876,23272,525.0,38.4
P479474,Flowerbomb Ruby Orchid Eau de Parfum Travel Spray,Viktor&Rolf,Fragrance,Women,35.0,4.5138,19856,545.0,10.5
P456977,Flowerbomb GIft Set,Viktor&Rolf,Fragrance,Value & Gift Sets,135.0,4.9444,17955,36.0,40.5
P503641,Mini Good Fortune & Flowerbomb Perfume Set,Viktor&Rolf,Fragrance,Value & Gift Sets,29.0,4.4571,16376,70.0,8.7
P484086,Good Fortune Eau de Parfum,Viktor&Rolf,Fragrance,Women,180.0,4.4065,14484,1476.0,54.0
P484087,Good Fortune Eau de Parfum Travel Spray,Viktor&Rolf,Fragrance,Women,35.0,4.4065,12721,1476.0,10.5
P405501,Spicebomb Extreme,Viktor&Rolf,Fragrance,Men,134.0,4.3873,8681,173.0,40.2
P371607,Flowerbomb Body Lotion,Viktor&Rolf,Bath & Body,Body Moisturizers,56.0,4.4,6756,35.0,22.4
P445721,Spicebomb Night Vision,Viktor&Rolf,Fragrance,Men,128.0,4.3796,5708,137.0,38.4
P472830,Spicebomb Infrared Eau de Toilette,Viktor&Rolf,Fragrance,Men,128.0,4.4847,3899,295.0,38.4
P503240,Good Fortune Perfume Set,Viktor&Rolf,Fragrance,Value & Gift Sets,130.0,4.125,3275,8.0,39.0
P461989,Spicebomb Night Vision Eau de Parfum,Viktor&Rolf,Fragrance,Men,134.0,4.5156,2787,128.0,40.2
P504326,Flowerbomb Eau de Parfum Perfume Gift Set,Viktor&Rolf,Fragrance,Value & Gift Sets,135.0,4.9444,1485,36.0,40.5
P504331,Spicebomb Night Vision Eau de Toilette Cologne Set,Viktor&Rolf,Fragrance,Value & Gift Sets,140.0,,239,,42.0
P502029,Mini Good Fortune and Flowerbomb Perfume Set,Viktor&Rolf,Fragrance,Value & Gift Sets,29.0,,0,,8.7
P425705,HG - PRO Eyeshadow Palette,Violet Voss,Makeup,Eye,45.0,4.6085,69269,258.0,18.9
P428123,Hashtag - PRO Eyeshadow Palette,Violet Voss,Makeup,Eye,45.0,4.5527,43353,275.0,18.9
P460733,Sakura Blossom Eyeshadow and Pressed Pigment Palette,Violet Voss,Makeup,Eye,42.0,4.775,11333,40.0,17.64
P454982,Matte Vibes Eyeshadow Palette,Violet Voss,Makeup,Eye,30.0,4.2308,10041,26.0,12.6
P468858,I Love U Cherry Much Eyeshadow Palette,Violet Voss,Makeup,Eye,42.0,4.8,6367,15.0,17.64
P483707,Mini Soft Butterfly Kisses Eyeshadow Palette,Violet Voss,Makeup,Mini Size,20.0,5.0,1998,1.0,8.4
P500691,Hair Shampoo & Conditioner Bar with Bamboo Holder Set,Viori,Hair,Value & Gift Sets,39.0,4.65,32382,800.0,17.55
P500702,Hair Shampoo & Conditioner Bar Set,Viori,Hair,Value & Gift Sets,36.0,4.7778,7654,261.0,16.2
P500698,Hair Shampoo Bar,Viori,Hair,Shampoo & Conditioner,18.0,4.6349,6568,63.0,8.1
P500707,Hair Conditioner Bar,Viori,Hair,Shampoo & Conditioner,18.0,4.625,2361,32.0,8.1
P500695,Hair Shampoo & Conditioner Bamboo Bar Holder,Viori,Hair,Tools,12.0,4.375,2196,24.0,5.4
P448865,Hydrating & Heat Protectant Healing Hair Oil,Virtue,Hair,Hair Styling & Treatments,44.0,4.7287,15926,387.0,19.8
P480195,Flourish Density Booster for Healthy Hair Growth,Virtue,Hair,Hair Styling & Treatments,50.0,4.4342,12932,76.0,22.5
P448169,"Restorative, Hydrating Treatment Hair Mask with Keratin",Virtue,Hair,Hair Styling & Treatments,34.0,4.4179,9793,201.0,15.3
P448733,"Hydrating Recovery Shampoo for Dry, Damaged & Colored Hair",Virtue,Hair,Shampoo & Conditioner,40.0,4.183,7785,153.0,18.0
P448729,Volumizing Full Shampoo for Fine Hair,Virtue,Hair,Shampoo & Conditioner,40.0,4.4832,7484,149.0,18.0
P448739,6-in-1 Vitamin E Hair Smoothing Styler,Virtue,Hair,Hair Styling & Treatments,36.0,4.6634,7387,202.0,16.2
P448734,"Hydrating Recovery Conditioner for Dry, Damaged & Colored Hair",Virtue,Hair,Shampoo & Conditioner,42.0,4.5503,6771,189.0,18.9
P460411,Clarifying & Exfoliating  Scalp Treatment,Virtue,Hair,Hair Styling & Treatments,48.0,4.5385,6354,78.0,21.6
P480368,Flourish Volumizing Keratin Shampoo for Thinning Hair,Virtue,Hair,Shampoo & Conditioner,44.0,4.7065,5888,92.0,19.8
P480373,FLOURISH X MANTA  Healthy Hair Brush,Virtue,Hair,Tools,36.0,4.6667,5141,12.0,16.2
P480370,Flourish Minoxidil 5% Hair Growth Treatment,Virtue,Hair,Hair Styling & Treatments,30.0,3.8333,5060,6.0,13.5
P448738,Strengthening Split End Hair Repair Serum Treatment,Virtue,Hair,Hair Styling & Treatments,42.0,4.2619,4899,84.0,18.9
P455851,Mini 6-in-1 Vitamin E Hair Smoothing Styler,Virtue,Hair,Hair Styling & Treatments,20.0,4.625,4610,8.0,9.0
P448864,Correct Un-Frizz Hair Styling & Smoothing Cream,Virtue,Hair,Hair Styling & Treatments,44.0,4.6701,4403,97.0,19.8
P480375,Flourish Hair Rejuvenation Treatment Set for Volume,Virtue,Hair,Hair Styling & Treatments,65.0,4.6463,4373,82.0,29.25
P448730,Volumizing Full Conditioner for Fine Hair,Virtue,Hair,Shampoo & Conditioner,42.0,4.6019,4136,108.0,18.9
P480369,Flourish Volumizing & Detangling Conditioner for Thinning Hair,Virtue,Hair,Shampoo & Conditioner,46.0,4.8372,3877,86.0,20.7
P455871,Volumizing Full Discovery Set for Fine Hair,Virtue,Hair,Value & Gift Sets,38.0,4.3333,3822,12.0,17.1
P480374,Flourish Hair Growth Treatment Set with Monixidil,Virtue,Hair,Hair Styling & Treatments,65.0,4.5185,3774,54.0,29.25
P463976,Mini Healthy Hair To Go Set For Recovery,Virtue,Hair,Value & Gift Sets,25.0,2.0,3271,5.0,11.25
P480371,Flourish Minoxidil 5% Hair Growth Treatment Set,Virtue,Hair,Hair Styling & Treatments,58.0,4.2,3256,5.0,26.1
P500310,Frizz Block Humidity Proof Smoothing Spray,Virtue,Hair,Hair Styling & Treatments,44.0,4.675,3051,40.0,19.8
P448735,Purifying Clarifying Shampoo,Virtue,Hair,Shampoo & Conditioner,30.0,4.7083,2966,48.0,13.5
P455872,"Hydrating Recovery Discovery Set for dry, Damaged & Colored Hair",Virtue,Hair,Value & Gift Sets,38.0,3.3529,2961,17.0,17.1
P448736,Detangling Heat Protectant Purifying Leave-In Conditioner,Virtue,Hair,Hair Styling & Treatments,32.0,4.1667,2783,12.0,14.4
P460412,Soothing Hyaluronic Acid Topical Scalp Supplement,Virtue,Hair,Hair Styling & Treatments,56.0,2.9231,2721,13.0,25.2
P448731,Smooth Shampoo for Coarse & Textured Hair,Virtue,Hair,Shampoo & Conditioner,40.0,4.8119,2706,101.0,18.0
P455002,"Mini Hydrating Recovery Conditioner for Dry, Damaged & Colored Hair",Virtue,Hair,Shampoo & Conditioner,17.0,4.5714,2344,14.0,7.65
P448732,Smooth Conditioner for Coarse & Textured Hair,Virtue,Hair,Shampoo & Conditioner,42.0,4.7212,2342,104.0,18.9
P455854,Mini The Perfect Ending Split End Serum,Virtue,Hair,Hair Styling & Treatments,21.0,2.375,2292,8.0,9.45
P448744,Create Hair Texturizing Spray,Virtue,Hair,Hair Styling & Treatments,38.0,4.6364,2188,11.0,17.1
P455001,"Mini Hydrating Recovery Shampoo for Dry, Damaged & Colored Hair",Virtue,Hair,Shampoo & Conditioner,16.0,3.4737,1989,19.0,7.2
P468719,Hydrating Curl Defining Whip with Shea Butter,Virtue,Hair,Hair Styling & Treatments,38.0,4.1563,1888,32.0,17.1
P455858,Mini Volumizing Full Shampoo for Fine Hair,Virtue,Hair,Shampoo & Conditioner,16.0,3.3333,1866,6.0,7.2
P476039,ColorKick Debrassing Blue - Purple Shampoo,Virtue,Hair,Shampoo & Conditioner,42.0,4.6552,1862,29.0,18.9
P502035,Flourish Thickening & Hydrating Mask for Thinning Hair,Virtue,Hair,Hair Styling & Treatments,70.0,4.7831,1802,83.0,31.5
P455873,Smooth Discovery Set for Coarse & Textured Hair,Virtue,Hair,Value & Gift Sets,38.0,3.2857,1747,7.0,17.1
P468718,Hydrating Curl Conditioner with Jojoba Oil,Virtue,Hair,Shampoo & Conditioner,42.0,4.6761,1736,71.0,18.9
P455852,Mini Create Hair Texturizing Spray,Virtue,Hair,Hair Styling & Treatments,19.0,3.0,1695,3.0,8.55
P468717,Hydrating Curl Shampoo with Jojoba Oil,Virtue,Hair,Shampoo & Conditioner,40.0,4.6377,1690,69.0,18.0
P480372,Flourish Volumizing Heat Protectant Styler,Virtue,Hair,Hair Styling & Treatments,42.0,4.0,1683,8.0,18.9
P455833,Volumizing Hair Mousse for Fine Hair,Virtue,Hair,Hair Styling & Treatments,38.0,4.1667,1669,6.0,17.1
P448737,Healthy Hair Refresh Dry Shampoo,Virtue,Hair,Hair Styling & Treatments,17.0,3.7586,1653,29.0,7.65
P448743,Create Style-Setting Hair Volumizing Primer,Virtue,Hair,Hair Styling & Treatments,38.0,3.25,1538,8.0,17.1
P455857,Mini Volumizing Full Conditioner for Fine Hair,Virtue,Hair,Shampoo & Conditioner,17.0,3.0,1312,1.0,7.65
P471110,Mini Hair & Scalp Treatment Duo,Virtue,Hair,Value & Gift Sets,27.0,2.0,1233,4.0,12.15
P455856,Mini Smooth Shampoo for Coarse & Textured Hair,Virtue,Hair,Shampoo & Conditioner,16.0,5.0,1077,1.0,7.2
P504317,Mini Hydrating & Heat Protectant Healing Hair Oil,Virtue,Hair,Hair Styling & Treatments,26.0,4.728,987,386.0,11.7
P455853,Mini Healthy Hair Refresh Dry Shampoo,Virtue,Hair,Hair Styling & Treatments,17.0,1.0,888,2.0,7.65
P455855,Mini Smooth Conditioner for Coarse & Textured Hair,Virtue,Hair,Shampoo & Conditioner,17.0,3.0,860,2.0,7.65
P504335,Heal & Shine Hair Oil Duo for Dry or Damaged Hair,Virtue,Hair,Value & Gift Sets,49.0,4.7123,828,365.0,22.05
P504307,FLOURISH Thickening & Hydrating Duo for Thinning Hair,Virtue,Hair,Value & Gift Sets,84.0,,661,,37.8
P428669,Petit PRO 2 Eyeshadow Palette,Viseart,Makeup,Eye,30.0,3.8247,23624,97.0,12.6
P455558,Moisture Boost Lip Shine,Viseart,Makeup,Lip,19.0,4.1304,3322,23.0,7.98
P436753,"Mini Candle Trio - French Cade, Goji & Lychee",VOLUSPA,Fragrance,Candles & Home Scents,30.0,4.2727,15523,22.0,9.0
P429550,"Mini Candle Set - Panjore Lychee, Japanese Plum Bloom, Goji & Tarocco Orange",VOLUSPA,Fragrance,Candles & Home Scents,30.0,4.0909,14261,22.0,9.0
P435110,Panjore Lychee Glass Jar Candle,VOLUSPA,Fragrance,Candles & Home Scents,20.0,3.8431,11221,51.0,6.0
P435108,French Cade & Lavender Glass Jar Candle,VOLUSPA,Fragrance,Candles & Home Scents,20.0,4.5923,10199,130.0,6.0
P467272,Tahitian Coconut Vanilla Glass Jar Candle,VOLUSPA,Fragrance,Candles & Home Scents,32.0,4.2832,8796,173.0,9.6
P455593,Santal Vanille Glass Jar Candle,VOLUSPA,Fragrance,Candles & Home Scents,32.0,4.1444,8638,90.0,9.6
P469197,Tahitian Coconut Vanilla Home Diffuser,VOLUSPA,Fragrance,Candles & Home Scents,30.0,3.9375,8297,32.0,9.0
P435109,Goji & Tarocco Orange Glass Jar Candle,VOLUSPA,Fragrance,Candles & Home Scents,20.0,4.5403,8096,124.0,6.0
P469127,Mini Tahitian Coconut Vanilla Glass Candle,VOLUSPA,Fragrance,Candles & Home Scents,18.0,4.2832,7568,173.0,5.4
P429555,French Cade & Lavender Home Diffuser,VOLUSPA,Fragrance,Candles & Home Scents,30.0,4.6,7013,80.0,9.0
P462411,Spiced Pumpkin Latte Glass Candle,VOLUSPA,Fragrance,Candles & Home Scents,34.0,4.2264,6414,53.0,10.2
P480644,Japonica Mini Candle Set,VOLUSPA,Fragrance,Candles & Home Scents,85.0,4.8,6119,60.0,25.5
P462413,Spiced Pumpkin Latte Home Diffuser,VOLUSPA,Fragrance,Candles & Home Scents,32.0,4.3103,5534,29.0,9.6
P474871,Mini Vanilla Fireside Glass Jar Candle,VOLUSPA,Fragrance,Candles & Home Scents,20.0,3.2143,5416,14.0,6.0
P474133,Forbidden Fig Glass Jar Candle,VOLUSPA,Fragrance,Candles & Home Scents,32.0,4.4828,5382,58.0,9.6
P455592,Santal Vanille Home Diffuser,VOLUSPA,Fragrance,Candles & Home Scents,30.0,4.3492,5333,63.0,9.0
P429556,Goji & Tarocco Orange Home Diffuser,VOLUSPA,Fragrance,Candles & Home Scents,30.0,4.4444,5314,54.0,9.0
P502083,Holiday Mini Tin Trio Set,VOLUSPA,Fragrance,Candles & Home Scents,28.0,5.0,5274,46.0,8.4
P455588,Blackberry Rose Oud Candle,VOLUSPA,Fragrance,Candles & Home Scents,24.0,3.25,4720,20.0,7.2
P474134,Mini Forbidden Fig Glass Jar Candle,VOLUSPA,Fragrance,Candles & Home Scents,20.0,4.8571,4487,28.0,6.0
P462415,Baltic Amber Glass Candle,VOLUSPA,Fragrance,Candles & Home Scents,32.0,4.2295,4406,61.0,9.6
P483070,Ultrasonic Diffuser Oil,VOLUSPA,Fragrance,Candles & Home Scents,24.0,4.9032,4378,62.0,7.2
P480376,Mini Kalahari Watermelon Glass Jar Candle,VOLUSPA,Fragrance,Candles & Home Scents,20.0,4.8605,4210,43.0,6.0
P435111,Santiago Huckleberry Glass Jar Candle,VOLUSPA,Fragrance,Candles & Home Scents,32.0,3.5,4205,28.0,9.6
P462416,Mini Baltic Amber Glass Candle,VOLUSPA,Fragrance,Candles & Home Scents,20.0,4.6923,4078,39.0,6.0
P474865,Vanilla Fireside Glass Jar Candle,VOLUSPA,Fragrance,Candles & Home Scents,20.0,3.05,3954,20.0,6.0
P462414,Baltic Amber Home Diffuser,VOLUSPA,Fragrance,Candles & Home Scents,30.0,4.1935,3909,31.0,9.0
P448473,Yashioka Gardenia Diffuser,VOLUSPA,Fragrance,Candles & Home Scents,30.0,4.587,3887,46.0,9.0
P429560,Goji & Tarocco Orange Decorative Tin Candle,VOLUSPA,Fragrance,Candles & Home Scents,26.0,4.8571,3764,28.0,7.8
P502686,Mini Tin Trio Candle Gift Set,VOLUSPA,Fragrance,Candles & Home Scents,30.0,4.0,3686,4.0,9.0
P480377,Kalahari Watermelon Glass Jar Candle,VOLUSPA,Fragrance,Candles & Home Scents,20.0,4.5476,3565,84.0,6.0
P448472,Mokara Glass Jar Candle,VOLUSPA,Fragrance,Candles & Home Scents,32.0,4.587,3445,92.0,9.6
P429566,French Cade & Lavender Decorative Tin Candle,VOLUSPA,Fragrance,Candles & Home Scents,26.0,4.0,3348,20.0,7.8
P474131,Mini Forbidden Fig Decorative Tin Candle,VOLUSPA,Mini Size,Fragrance,12.0,4.697,3325,33.0,5.4
P429554,Panjore Lychee Home Diffuser,VOLUSPA,Fragrance,Candles & Home Scents,30.0,3.8571,3185,42.0,9.0
P429564,Mini French Cade & Lavender Decorative Tin Candle,VOLUSPA,Fragrance,Candles & Home Scents,12.0,3.8333,3167,12.0,3.6
P480645,Mini Havana Mint Mojito Glass Jar Candle,VOLUSPA,Fragrance,Candles & Home Scents,20.0,4.8684,3101,76.0,6.0
P448471,Yashioka Gardenia Glass Jar Candle,VOLUSPA,Fragrance,Candles & Home Scents,32.0,4.0476,3029,21.0,9.6
P448474,Mokara Diffuser,VOLUSPA,Fragrance,Candles & Home Scents,30.0,4.5,2896,54.0,9.0
P429565,Goji & Tarocco Orange Mini Decorative Tin Candle,VOLUSPA,Fragrance,Candles & Home Scents,12.0,4.0,2828,25.0,3.6
P474135,Forbidden Fig Home Diffuser,VOLUSPA,Fragrance,Candles & Home Scents,30.0,4.3438,2823,32.0,9.0
P429559,Panjore Lychee Decorative Tin Candle,VOLUSPA,Fragrance,Candles & Home Scents,26.0,4.2667,2741,15.0,7.8
P429563,Mini Panjore Lychee Decorative Tin Candle,VOLUSPA,Fragrance,Candles & Home Scents,12.0,3.3636,2632,11.0,3.6
P473157,Mini French Cade & Lavender Glass Candle,VOLUSPA,Fragrance,Candles & Home Scents,20.0,5.0,2593,8.0,6.0
P468424,Apple Blue Clover Glass Jar Candle,VOLUSPA,Fragrance,Candles & Home Scents,20.0,4.0,2181,15.0,6.0
P473158,Mini Goji & Tarocco Orange Glass Candle,VOLUSPA,Fragrance,Candles & Home Scents,20.0,4.6,2123,40.0,6.0
P480647,Havana Mint Mojito Glass Jar Candle,VOLUSPA,Fragrance,Candles & Home Scents,32.0,4.8082,2074,73.0,9.6
P448470,Mokara Candle In Decorative Tin,VOLUSPA,Fragrance,Candles & Home Scents,26.0,3.75,2067,4.0,7.8
P504704,Barbados Grapefruit Jar Candle,VOLUSPA,Fragrance,Candles & Home Scents,32.0,5.0,1838,7.0,9.6
P502075,Sparkling Cuvee Glass Jar Candle,VOLUSPA,Fragrance,Candles & Home Scents,34.0,4.9648,1829,142.0,10.2
P468425,Mini Apple Blue Clover Glass Jar Cande,VOLUSPA,Fragrance,Candles & Home Scents,20.0,4.0,1785,15.0,6.0
P480378,Kalahari Watermelon Home Diffuser,VOLUSPA,Fragrance,Candles & Home Scents,30.0,4.7,1620,30.0,9.0
P429552,Nissho-Soleil Home Diffuser,VOLUSPA,Fragrance,Candles & Home Scents,30.0,3.8889,1583,9.0,9.0
P504687,Mini Candle Set,VOLUSPA,Fragrance,Candles & Home Scents,48.0,5.0,1310,6.0,14.4
P502044,Mini Sparkling Cuvee Glass Jar Candle,VOLUSPA,Fragrance,Candles & Home Scents,20.0,4.1667,1158,6.0,6.0
P504688,Mini Tin Candle Set,VOLUSPA,Fragrance,Candles & Home Scents,30.0,5.0,1056,5.0,9.0
P477455,Mini Decorative Tin Trio,VOLUSPA,Mini Size,Value & Gift Sets,28.0,2.5,1048,2.0,12.6
P474132,Forbidden Fig Decorative Tin Candle,VOLUSPA,Fragrance,Candles & Home Scents,26.0,3.0,819,5.0,7.8
P502042,Sparkling Cuvee Glass Home Diffuser,VOLUSPA,Fragrance,Candles & Home Scents,32.0,4.2,754,5.0,9.6
P504681,Mini Japonica Candle Set,VOLUSPA,Fragrance,Candles & Home Scents,85.0,,369,,25.5
P479727,Mini Panjore Lychee Glass Jar Candle,VOLUSPA,Fragrance,Candles & Home Scents,20.0,,0,,6.0
P479728,Mini Santal Vanille Glass Jar Candle,VOLUSPA,Fragrance,Candles & Home Scents,20.0,,0,,6.0
P428668,Baggage Claim Eye Masks,Wander Beauty,Skincare,Eye Care,26.0,4.0796,47687,490.0,9.88
P437367,Nude Illusion Liquid Foundation,Wander Beauty,Makeup,Face,40.0,4.1,18197,230.0,16.8
P411529,Wanderlust Powder Foundation,Wander Beauty,Makeup,Face,40.0,4.0729,16614,288.0,16.8
P414160,Unlashed Volume & Curl Mascara,Wander Beauty,Makeup,Eye,12.0,4.2124,15661,386.0,5.04
P481391,On-the-Glow Blush & Illuminator,Wander Beauty,Makeup,Face,38.0,4.7329,13359,146.0,15.96
P442231,Mile High Club	 Length and Define Mascara,Wander Beauty,Makeup,Eye,26.0,3.95,12795,20.0,10.92
P417143,Dualist Matte and Illuminating Concealer,Wander Beauty,Makeup,Face,30.0,4.2169,12328,83.0,12.6
P407107,Flash Focus Hydrating Foundation Stick,Wander Beauty,Makeup,Face,40.0,4.1441,8755,111.0,16.8
P458941,Mini Unlashed Volume and Curl Mascara,Wander Beauty,Makeup,Mini Size,12.0,4.1699,6722,206.0,5.04
P437960,Baggage Claim Rose Gold Eye Masks,Wander Beauty,Skincare,Eye Care,26.0,4.0986,38772,71.0,9.88
P476920,Upgraded Lashes Thickening Mascara,Wander Beauty,Makeup,Eye,26.0,4.0965,3841,114.0,10.92
P481370,Lip Retreat Oil,Wander Beauty,Makeup,Lip,22.0,4.4318,3518,44.0,9.24
P503635,Pack Up & Glow Priming Mineral SPF 40,Wander Beauty,Skincare,Sunscreen,36.0,4.25,1160,4.0,13.68
P501165,SHIKULIME Mega Hydrating Moisturizer,WASO,Skincare,Moisturizers,36.0,4.6605,9824,539.0,13.68
P501187,SHIKULIME Gel-to-Oil Cleanser,WASO,Skincare,Cleansers,28.0,4.4249,1360,506.0,10.64
P501188,SATOCANE Pore Purifying Scrub Mask,WASO,Skincare,Masks,38.0,4.5729,1673,494.0,14.44
P501170,SHIKULIME Color Control Oil-Free Moisturizer SPF 30,WASO,Skincare,Moisturizers,36.0,4.1776,3322,490.0,13.68
P501171,YUZU-C Beauty Sleeping Mask,WASO,Skincare,Masks,38.0,4.595,4247,484.0,14.44
P501189,KOSHIRICE Acne Calming Spot Treatment,WASO,Skincare,Treatments,25.0,4.2212,1501,443.0,9.5
P501199,YUZU-C Eye Awakening Essence,WASO,Skincare,Eye Care,30.0,4.4301,2784,365.0,11.4
P501178,YUZU-C Glow-On Shot Serum,WASO,Skincare,Treatments,45.0,4.4206,1403,359.0,17.1
P468431,Baby Cheeks Lip + Cheek Cream Blush Stick,Westman Atelier,Makeup,Cheek,48.0,4.6051,76194,471.0,20.16
P468433,Face Trace Cream Contour Stick,Westman Atelier,Makeup,Face,48.0,4.5061,55235,326.0,20.16
P468429,Vital Skin Full Coverage Foundation and Concealer Stick,Westman Atelier,Makeup,Face,68.0,4.3154,44659,764.0,28.56
P469873,Squeaky Clean Liquid Lip Hydrating Lip Balm,Westman Atelier,Makeup,Lip,38.0,3.9588,36811,97.0,15.96
P501795,Vital Skincare Dewy Foundation Drops,Westman Atelier,Makeup,Face,68.0,4.0928,29082,377.0,28.56
P500321,Mini Petite Lit Up Cream Highlighter Stick,Westman Atelier,Mini Size,Makeup,25.0,4.05,28101,40.0,11.25
P468430,Lit Up Glow Highlighter Stick,Westman Atelier,Makeup,Face,48.0,4.1633,27278,98.0,20.16
P500303,Vital Pressed Skincare Blurring Talc-Free Setting Powder,Westman Atelier,Makeup,Face,75.0,4.504,22142,379.0,31.5
P468432,Super Loaded Tinted Cream Highlighter,Westman Atelier,Makeup,Face,75.0,3.9623,22087,159.0,31.5
P504318,Mini Petite Face Trace Cream Contour Stick,Westman Atelier,Makeup,Face,25.0,3.8182,21802,22.0,10.5
P468436,Eye Pods Eyeshadows,Westman Atelier,Makeup,Eye,88.0,3.0339,10811,59.0,36.96
P468435,Lip Suede Lipstick Palette,Westman Atelier,Makeup,Lip,85.0,3.875,9865,56.0,35.7
P468434,Beauty Butter Matte Powder Bronzer,Westman Atelier,Makeup,Cheek,75.0,3.8611,8048,36.0,31.5
P479361,Eye Pod Eyeshadow Singles,Westman Atelier,Makeup,Eye,32.0,3.04,4888,25.0,13.44
P468440,Clean Baby Blender Blush Brush,Westman Atelier,Makeup,Cheek,64.0,4.1667,4772,12.0,26.88
P468443,Clean Highlighter Blender Brush,Westman Atelier,Makeup,Brushes & Applicators,125.0,4.4545,4679,11.0,52.5
P482557,Bonne Brow Defining Brow Pencil,Westman Atelier,Makeup,Eye,38.0,4.0,4564,11.0,15.96
P468445,Clean Foundation and Concealer Spot Check Brush,Westman Atelier,Makeup,Brushes & Applicators,38.0,4.375,3565,8.0,15.96
P502085,Clean Liquid Blender Brush,Westman Atelier,Makeup,Brushes & Applicators,125.0,3.3333,3238,3.0,52.5
P468441,Clean Foundation Brush,Westman Atelier,Makeup,Brushes & Applicators,80.0,4.0,2901,6.0,33.6
P468444,Clean Lip Brush,Westman Atelier,Makeup,Brushes & Applicators,38.0,5.0,2835,5.0,15.96
P468437,Eye Love You Volumizing Clean Mascara,Westman Atelier,Makeup,Eye,58.0,2.9024,2461,41.0,24.36
P468442,Clean Powder Brush,Westman Atelier,Makeup,Brushes & Applicators,85.0,3.7143,2278,7.0,35.7
P468438,Clean Eyeshadow I Brush,Westman Atelier,Makeup,Brushes & Applicators,58.0,3.4,1946,5.0,24.36
P468439,Clean Eyeshadow II Brush,Westman Atelier,Makeup,Brushes & Applicators,62.0,3.4,1943,5.0,26.04
P503578,"The Eye Love You Limited Edition Eye Shadow, Eye Liner and Mascara Holiday Gift Set",Westman Atelier,Makeup,Eye,180.0,4.4,1272,5.0,75.6
P455676,Yo Glow AHA & BHA Facial Enzyme Scrub,Wishful,Skincare,Cleansers,39.0,4.246,63463,2207.0,14.82
P458216,Mini Yo Glow AHA & BHA Facial Enzyme Scrub,Wishful,Skincare,Mini Size,21.0,4.246,38190,2207.0,7.98
P461213,Honey Balm Niacinamide Moisturizer,Wishful,Skincare,Moisturizers,43.0,4.1887,25888,657.0,16.34
P471111,Yo Detox Charcoal Face & Body Enzyme Scrub,Wishful,Skincare,Cleansers,39.0,4.7554,8346,462.0,14.82
P466163,Thirst Trap Juice Hyaluronic Acid & Peptide Hydrating Facial Serum,Wishful,Skincare,Treatments,47.0,4.6106,19684,434.0,17.86
P463665,Get Even Rose Face Oil,Wishful,Skincare,Moisturizers,63.0,4.3926,12439,377.0,23.94
P475629,Honey Whip Peptide and Collagen Moisturizer,Wishful,Skincare,Moisturizers,43.0,4.5697,15716,330.0,16.34
P501790,Pillowgasm Vitamin-Rich Cherry Glow Sleep Mask,Wishful,Skincare,Masks,39.0,4.4154,5771,65.0,14.82
P500428,Lift & Contour 1% Bakuchiol & Peptide Eye Serum,Wishful,Skincare,Eye Care,45.0,4.0,11916,26.0,17.1
P502771,Hydrate & Glow Trio,Wishful,Skincare,Value & Gift Sets,29.0,2.8333,6854,6.0,11.02
P481179,Chris Collins Eau de Parfum Discovery Set,World of Chris Collins,Fragrance,Value & Gift Sets,25.0,3.7576,5470,33.0,7.5
P479837,Lost in Paradise Eau de Parfum Travel Spray,World of Chris Collins,Fragrance,Women,50.0,4.2,1732,5.0,15.0
P479836,Lost in Paradise Eau de Parfum,World of Chris Collins,Fragrance,Women,175.0,4.2727,1685,11.0,52.5
P481185,Harlem Nights Eau de Parfum,World of Chris Collins,Fragrance,Women,175.0,4.6667,1630,6.0,52.5
P481181,Long Kiss Goodnight Eau de Parfum,World of Chris Collins,Fragrance,Women,175.0,4.1111,1380,9.0,52.5
P481180,Long Kiss Goodnight Eau de Parfum Travel Spray,World of Chris Collins,Fragrance,Women,50.0,,1224,,15.0
P481184,Harlem Nights Eau de Parfum Travel Spray,World of Chris Collins,Fragrance,Women,50.0,4.0,999,4.0,15.0
P481183,Danse Sauvage Eau de Parfum,World of Chris Collins,Fragrance,Women,175.0,4.0,775,6.0,52.5
P481187,Citrus Grandis Eau de Parfum,World of Chris Collins,Fragrance,Women,175.0,4.6,767,5.0,52.5
P481182,Danse Sauvage Eau de Parfum Travel Spray,World of Chris Collins,Fragrance,Women,50.0,4.5,658,2.0,15.0
P481186,Citrus Grandis Eau de Parfum Travel Spray,World of Chris Collins,Fragrance,Women,50.0,4.0,629,2.0,15.0
P503207,Anima Voyageur Travel Trio Set,World of Chris Collins,Fragrance,Value & Gift Sets,130.0,,236,,39.0
P411387,Superfood Antioxidant Cleanser,Youth To The People,Skincare,Cleansers,39.0,4.2112,404142,5851.0,14.82
P441644,Mini Superfood Antioxidant Cleanser,Youth To The People,Skincare,Mini Size,14.0,4.2121,121678,5841.0,5.32
P440307,Superberry Hydrate + Glow Dream Night Mask with Vitamin C,Youth To The People,Skincare,Masks,52.0,4.3237,248887,2354.0,19.76
P461555,Mini Superberry Hydrate + Glow Dream Mask,Youth To The People,Skincare,Mini Size,18.0,4.3237,79524,2354.0,6.84
P432829,Adaptogen Deep Moisturizing Cream with Ashwagandha + Reishi,Youth To The People,Skincare,Moisturizers,58.0,4.3655,104812,2071.0,22.04
P463371,Mini Adaptogen Deep Moisture Cream with Ashwagandha + Reishi,Youth To The People,Skincare,Mini Size,18.0,4.3655,28957,2071.0,6.84
P411388,Superfood Air-Whip Lightweight Moisturizer with Hyaluronic Acid,Youth To The People,Skincare,Moisturizers,48.0,4.0491,133769,1670.0,18.24
P430146,Superberry Hydrate + Glow Dream Oil,Youth To The People,Skincare,Moisturizers,48.0,4.5094,109521,1062.0,18.24
P466164,15% Vitamin C + Clean Caffeine Energy Serum,Youth To The People,Skincare,Treatments,69.0,4.3984,95527,989.0,26.22
P477830,Superberry Dream Cleansing Balm,Youth To The People,Skincare,Cleansers,39.0,4.3869,30088,628.0,14.82
P455934,Yerba Mate Resurfacing + Exfoliating Energy Facial with Enzymes + Niacinamide,Youth To The People,Skincare,Cleansers,59.0,4.4774,82444,620.0,22.42
P475630,Mini Mandelic Acid + Superfood Unity Exfoliant,Youth To The People,Skincare,Cleansers,16.0,4.6747,36699,584.0,6.08
P463144,Dream Eye Cream with Vitamin C and Ceramides,Youth To The People,Skincare,Eye Care,48.0,3.8645,54679,546.0,18.24
P479362,Triple Peptide Hydrating + Firming Oasis Serum with Hyaluronic Acid,Youth To The People,Skincare,Treatments,54.0,4.5142,55041,459.0,20.52
P444980,Adaptogen Soothe + Hydrate Activated Mist with Peptides,Youth To The People,Skincare,Moisturizers,42.0,4.1878,34503,394.0,15.96
P500138,Polypeptide-121 Future Cream with Peptides and Ceramides,Youth To The People,Skincare,Moisturizers,68.0,4.4403,29088,377.0,25.84
P470065,Superclay Purify + Clear Power Mask with Niacinamide,Youth To The People,Skincare,Masks,38.0,4.4595,62672,346.0,14.44
P416923,Superfood Hydrate + Firm Peptide Eye Cream,Youth To The People,Skincare,Eye Care,38.0,3.6564,38812,326.0,14.44
P482329,Retinal + Niacinamide Youth Serum,Youth To The People,Skincare,Treatments,69.0,4.5841,41445,315.0,26.22
P502479,Kombucha + 10% AHA Liquid Exfoliant with Lactic Acid and Glycolic Acid,Youth To The People,Skincare,Cleansers,42.0,4.5926,11299,81.0,15.96
P473336,The Youth System,Youth To The People,Skincare,Value & Gift Sets,59.0,4.5526,53522,76.0,22.42
P504313,Peptides + C Energy Eye Concentrate with Vitamin C and Caffeine,Youth To The People,Skincare,Eye Care,48.0,4.8,3420,45.0,18.24
P501474,The Youth Vault: 13-Piece Vegan Skincare + Apparel Set,Youth To The People,Skincare,Value & Gift Sets,340.0,4.875,8989,8.0,129.2
P502998,"Youth Stacks: Plump It Up for Dry, Dehydrated Skin",Youth To The People,Skincare,Value & Gift Sets,28.0,4.1667,10406,6.0,10.64
P503872,Mini Mandelic Acid + Superfood Unity Exfoliant,Youth To The People,Skincare,Cleansers,16.0,4.8,6510,5.0,6.08
P502977,Youth Stacks: Daily Skin Health Your Way for Pores and Oiliness,Youth To The People,Skincare,Value & Gift Sets,20.0,4.25,13592,4.0,7.6
P502978,Youth Stacks: Brighter Tomorrow Duo for Dullness,Youth To The People,Skincare,Value & Gift Sets,28.0,3.0,8189,3.0,10.64
P377710,Rouge Volupté Shine Lipstick Balm,Yves Saint Laurent,Makeup,Lip,43.0,4.5384,373458,3193.0,18.06
P394534,Black Opium Eau de Parfum,Yves Saint Laurent,Fragrance,Women,155.0,4.6369,276396,7838.0,46.5
P218431,Touche Éclat All-Over Brightening Concealer Pen,Yves Saint Laurent,Makeup,Face,40.0,4.3344,193037,4360.0,16.8
P400701,Rouge Pur Couture Satin Lipstick Collection,Yves Saint Laurent,Makeup,Lip,45.0,4.4553,166397,918.0,18.9
P448102,Libre Eau De Parfum,Yves Saint Laurent,Fragrance,Women,130.0,4.5144,154683,3550.0,39.0
P410743,Vinyl Cream Lip Stain,Yves Saint Laurent,Makeup,Lip,45.0,4.3574,132973,596.0,18.9
P421456,All Hours Luminous Matte Foundation 24H Longwear SPF 30 with Hyaluronic Acid,Yves Saint Laurent,Makeup,Face,60.0,4.4279,128926,451.0,25.2
P470257,Mini Black Opium & Libre Eau de Parfum Set,Yves Saint Laurent,Fragrance,Value & Gift Sets,30.0,4.1789,117968,95.0,9.0
P436506,Rouge Pur Couture The Slim Matte Lipstick,Yves Saint Laurent,Makeup,Lip,45.0,4.5358,109925,797.0,18.9
P397615,Touche Eclat Blur Face Primer,Yves Saint Laurent,Makeup,Face,56.0,4.3769,89823,2242.0,23.52
P410181,Mon Paris Eau de Parfum,Yves Saint Laurent,Fragrance,Women,117.0,4.5842,88756,1063.0,35.1
P474600,NU BARE LOOK TINT Hydrating Skin Tint Foundation with Hyaluronic Acid,Yves Saint Laurent,Makeup,Face,44.0,4.5965,71639,1150.0,18.48
P457250,Tatouage Couture Velvet Cream Matte Liquid Lipstick,Yves Saint Laurent,Makeup,Lip,45.0,4.0973,68337,226.0,18.9
P448106,Libre Eau De Parfum Travel Spray,Yves Saint Laurent,Fragrance,Women,34.0,4.5144,60012,3550.0,10.2
P474872,The Slim Velvet Radical Matte Lipstick,Yves Saint Laurent,Makeup,Lip,45.0,4.5767,51213,1264.0,18.9
P440971,Touche Éclat High Cover Radiant Under-Eye Concealer,Yves Saint Laurent,Makeup,Face,40.0,4.0926,46061,324.0,16.8
P480000,Candy Glaze Lip Gloss Stick,Yves Saint Laurent,Makeup,Lip,39.0,4.5525,42901,514.0,16.38
P462417,LIBRE Eau de Parfum Intense,Yves Saint Laurent,Fragrance,Women,95.0,4.6006,38366,323.0,28.5
P463666,The Slim Glow Matte Lipstick,Yves Saint Laurent,Makeup,Lip,39.0,4.2743,38033,175.0,16.38
P479863,Lash Clash Extreme Volume Mascara,Yves Saint Laurent,Makeup,Eye,29.0,4.2679,30837,2165.0,12.18
P436005,Y Eau de Parfum,Yves Saint Laurent,Fragrance,Men,148.0,4.5523,28016,2848.0,44.4
P180727,L'Homme,Yves Saint Laurent,Fragrance,Men,89.0,4.8405,27319,909.0,26.7
P393427,Mascara Volume Effet Faux Cils Volumizing Mascara,Yves Saint Laurent,Makeup,Eye,29.0,3.897,26634,427.0,12.18
P422335,All Hours Concealer,Yves Saint Laurent,Makeup,Face,34.0,4.3714,26524,350.0,14.28
P501588,The Bold High Pigment Lipstick,Yves Saint Laurent,Makeup,Lip,45.0,4.402,23332,1214.0,18.9
P467796,YSL x Zoë Kravitz Rouge Pur Couture Satin Lipstick,Yves Saint Laurent,Makeup,Lip,38.0,4.8163,18888,49.0,15.96
P470066,Libre Eau de Toilette,Yves Saint Laurent,Fragrance,Women,139.0,4.7885,18152,714.0,41.7
P477258,Black Opium Eau de Parfum Extreme,Yves Saint Laurent,Fragrance,Women,155.0,4.6192,17960,323.0,46.5
P243320,La Nuit De L’Homme,Yves Saint Laurent,Fragrance,Men,108.0,4.7873,17867,315.0,32.4
P501791,Libre Le Parfum,Yves Saint Laurent,Fragrance,Women,149.0,4.5714,17468,889.0,44.7
P479693,Black Opium Illicit Green Eau de Parfum,Yves Saint Laurent,Fragrance,Women,138.0,4.5849,17255,1313.0,41.4
P502049,Libre Eau de Parfum Lifestyle Gift Set,Yves Saint Laurent,Fragrance,Value & Gift Sets,42.0,4.0,16392,4.0,12.6
P432284,The Curler Lengthening and Curling Mascara,Yves Saint Laurent,Makeup,Eye,29.0,4.2586,15238,321.0,12.18
P500493,NU LIP & CHEEK BALMY TINT with Hyaluronic Acid,Yves Saint Laurent,Makeup,Cheek,28.0,4.2408,14056,299.0,11.76
P410638,Mon Paris Eau de Parfum Travel Spray,Yves Saint Laurent,Fragrance,Women,34.0,4.4918,13077,61.0,10.2
P474601,NU GLOW IN BALM Face Priming Moisturizer with Shea Butter,Yves Saint Laurent,Makeup,Face,39.0,4.5893,12600,224.0,16.38
P408986,Black Opium Shimmering Moisture Fluid For The Body,Yves Saint Laurent,Bath & Body,Body Moisturizers,50.0,3.9643,11479,28.0,20.0
P458229,Mon Paris Intensement Eau de Parfum,Yves Saint Laurent,Fragrance,Women,136.0,4.4865,11354,37.0,40.8
P500265,Mini Y Eau de Parfum & Eau de Toilette Set,Yves Saint Laurent,Fragrance,Value & Gift Sets,30.0,4.7143,11111,7.0,9.0
P463984,Black Opium Set,Yves Saint Laurent,Fragrance,Value & Gift Sets,82.0,4.7143,10815,7.0,24.6
P455412,All Over Glow Powder,Yves Saint Laurent,Makeup,Face,48.0,4.2803,9820,132.0,20.16
P504062,Black Opium Le Parfum,Yves Saint Laurent,Fragrance,Women,179.0,4.5875,9007,1023.0,53.7
P6303,Opium,Yves Saint Laurent,Fragrance,Women,77.0,4.2712,7892,177.0,23.1
P474602,NU BLOTTING LOTION Pore Minimizer & Mattifying Primer with Salicylic Acid,Yves Saint Laurent,Makeup,Face,39.0,4.5079,7764,189.0,16.38
P474604,NU TONE CORRECTOR Color Corrector with Vitamin E,Yves Saint Laurent,Makeup,Face,34.0,4.6131,6802,137.0,14.28
P504075,Black Opium Le Parfum Travel Spray,Yves Saint Laurent,Fragrance,Women,34.0,3.8462,6686,13.0,10.2
P471294,Y Le Parfum,Yves Saint Laurent,Fragrance,Men,188.0,4.8403,6620,313.0,56.4
P432087,L'Homme Cologne Bleue,Yves Saint Laurent,Fragrance,Men,89.0,4.6071,6318,112.0,26.7
P500062,Y Eau de Toilette,Yves Saint Laurent,Fragrance,Men,120.0,4.7365,6095,1203.0,36.0
P433904,Mon Paris Couture Eau de Parfum,Yves Saint Laurent,Fragrance,Women,76.0,4.6512,5772,43.0,22.8
P500170,Mon Paris Eau de Toilette Lumiere,Yves Saint Laurent,Fragrance,Women,99.0,4.6214,5164,346.0,29.7
P483501,Mini Rouge Pur Couture Exclusive Set,Yves Saint Laurent,Makeup,Lip,50.0,4.5,4679,2.0,21.0
P383083,L’Homme Parfum Intense,Yves Saint Laurent,Fragrance,Men,110.0,4.5795,4369,88.0,33.0
P504333,Black Opium Perfume Gift Set,Yves Saint Laurent,Fragrance,Value & Gift Sets,85.0,5.0,3844,2.0,25.5
P460446,L'Homme Le Parfum,Yves Saint Laurent,Fragrance,Men,148.0,5.0,3812,6.0,44.4
P467660,Mascara Volume Effet Faux Cils Radical,Yves Saint Laurent,Makeup,Eye,29.0,4.0192,3489,104.0,12.18
P306857,L’Homme Deodorant,Yves Saint Laurent,Bath & Body,Body Care,24.0,4.2857,3240,21.0,9.6
P457262,Y Eau Fraiche,Yves Saint Laurent,Fragrance,Men,99.0,4.7333,3089,150.0,29.7
P501330,Black Opium Gift Set,Yves Saint Laurent,Fragrance,Value & Gift Sets,150.0,3.5,3086,2.0,45.0
P504430,Libre Eau de Parfum Gift Set,Yves Saint Laurent,Fragrance,Value & Gift Sets,148.0,5.0,2864,1.0,44.4
P467659,Couture Clutch Eyeshadow Palette,Yves Saint Laurent,Makeup,Eye,150.0,4.4286,2790,7.0,63.0
P500874,L'Homme Eau de Parfum,Yves Saint Laurent,Fragrance,Men,106.0,4.6367,2319,556.0,31.8
P504428,Mon Paris Eau de Parfum Gift Set,Yves Saint Laurent,Fragrance,Value & Gift Sets,134.0,5.0,1475,2.0,40.2
P504448,Y Eau de Parfum Gift Set,Yves Saint Laurent,Fragrance,Value & Gift Sets,167.0,,840,,50.1
P505461,Candy Glaze Lip Gloss Stick Duo with Hyaluronic Acid,Yves Saint Laurent,Makeup,Lip,50.0,,193,,21.0
